id_contrato,estado_contrato,fecha_de_firma,fecha_de_inicio_del_contrato,fecha_de_fin_del_contrato,tipo_de_contrato,modalidad_de_contratacion,duraci_n_del_contrato,dias_adicionados,valor_del_contrato,valor_pagado,valor_pendiente_de_pago,es_pyme,es_grupo,g_nero_representante_legal,duracion_dias,fecha_analisis,anio,valor_contrato_cero,es_directa
CO1.PCCNTR.307131,Cerrado,2018-01-28,2018-01-18,2018-12-31,Prestación de servicios,Contratación directa,No definido,0,68757333.0,66999333.0,1758000.0,No,No,No definido,347.0,2018-01-28,2018,False,1
CO1.PCCNTR.4849630,Cerrado,2023-04-11,2023-04-11,2023-08-09,Prestación de servicios,Contratación directa,4 Mes(es),0,10195712.0,10195712.0,0.0,No,No,Mujer,120.0,2023-04-11,2023,False,1
CO1.PCCNTR.5952790,Cerrado,2024-02-19,2024-02-21,2024-10-20,Prestación de servicios,Contratación directa,9 Mes(es),0,56700000.0,56490000.0,210000.0,No,No,No definido,242.0,2024-02-19,2024,False,1
CO1.PCCNTR.9045405,En ejecución,2026-01-24,2026-01-27,2026-09-30,Prestación de servicios,Contratación directa,251 Dia(s),0,38228400.0,23361800.0,14866600.0,No,No,Hombre,246.0,2026-01-24,2026,False,1
CO1.PCCNTR.2732719,Cerrado,2021-08-18,2021-08-18,2022-12-13,Prestación de servicios,Contratación directa,331 Dia(s),0,117038423.0,116111909.0,926513.0,No,No,No definido,482.0,2021-08-18,2021,False,1
CO1.PCCNTR.706328,Cerrado,2019-01-16,2018-12-27,2019-04-30,Prestación de servicios,Contratación directa,Dia(s),0,43319450.0,42296156.0,1023293.0,No,No,No definido,124.0,2019-01-16,2019,False,1
CO1.PCCNTR.5117303,Cerrado,2023-06-30,2023-06-30,2023-12-31,Prestación de servicios,Contratación directa,192 Dia(s),0,55745572.0,54869987.0,875585.0,No,No,No definido,184.0,2023-06-30,2023,False,1
CO1.PCCNTR.148101,Aprobado,2017-06-22,2017-05-10,2017-12-31,Prestación de servicios,Mínima cuantía,Dia(s),0,25000000.0,25000000.0,0.0,Si,No,Hombre,235.0,2017-06-22,2017,False,0
CO1.PCCNTR.1790728,Cerrado,2020-09-11,2020-09-11,2020-12-31,Prestación de servicios,Contratación directa,132 Dia(s),0,33509178.0,31080977.0,2428201.0,No,No,Hombre,111.0,2020-09-11,2020,False,1
CO1.PCCNTR.7301805,Cerrado,2025-01-23,2025-01-31,2025-10-30,Prestación de servicios,Contratación directa,9 Mes(es),0,72864000.0,72864000.0,0.0,No,No,No definido,272.0,2025-01-23,2025,False,1
CO1.PCCNTR.1834444,Cerrado,2020-09-18,2020-09-18,2021-09-13,Prestación de servicios,Mínima cuantía,12 Mes(es),0,46732932.0,46732931.0,1.0,Si,No,Hombre,360.0,2020-09-18,2020,False,0
CO1.PCCNTR.3487272,Cerrado,2022-02-02,2022-02-02,2022-12-31,Prestación de servicios,Contratación directa,303 Dia(s),0,51372718.0,50318102.0,1054616.0,No,No,Hombre,332.0,2022-02-02,2022,False,1
CO1.PCCNTR.814904,Cerrado,2019-03-28,2019-02-05,2020-04-30,Prestación de servicios,Contratación directa,Dia(s),0,218468865.0,215555947.0,2912918.0,No,No,No definido,450.0,2019-03-28,2019,False,1
CO1.PCCNTR.9081549,En ejecución,2026-01-23,2026-01-27,2026-12-31,Prestación de servicios,Contratación directa,339 Dia(s),0,51881400.0,23361800.0,28519600.0,No,No,Mujer,338.0,2026-01-23,2026,False,1
CO1.PCCNTR.4910759,Modificado,2023-05-08,2023-05-09,2024-09-30,Prestación de servicios,Mínima cuantía,502 Dia(s),62,64992584.0,62007096.0,2985487.0,Si,No,Mujer,510.0,2023-05-08,2023,False,0
CO1.PCCNTR.1392699,Cerrado,2020-03-03,2020-02-17,2020-12-31,Prestación de servicios,Contratación directa,No definido,0,33842710.0,33206170.0,636540.0,No,No,No definido,318.0,2020-03-03,2020,False,1
CO1.PCCNTR.5191158,Cerrado,2023-07-14,2023-07-14,2023-12-31,Prestación de servicios,Contratación directa,179 Dia(s),0,35982192.0,33842710.0,2139482.0,No,No,No definido,170.0,2023-07-14,2023,False,1
CO1.PCCNTR.5906124,Cerrado,2024-02-14,2024-02-19,2024-12-31,Prestación de servicios,Contratación directa,312 Dia(s),0,62215525.0,62016116.0,199409.0,No,No,Mujer,316.0,2024-02-14,2024,False,1
CO1.PCCNTR.1029316,Cerrado,2019-08-26,2019-08-06,2022-09-30,Prestación de servicios,Selección abreviada subasta inversa,Dia(s),0,247000000.0,123829164.0,123170835.0,Si,No,Hombre,1151.0,2019-08-26,2019,False,0
CO1.PCCNTR.7662670,Cerrado,2025-03-20,2025-03-26,2025-11-25,Prestación de servicios,Contratación directa,8 Mes(es),0,118021696.0,118021696.0,0.0,No,No,Hombre,244.0,2025-03-20,2025,False,1
CO1.PCCNTR.880701,Cerrado,2019-05-10,2019-03-06,2019-10-31,Prestación de servicios,Contratación directa,No definido,0,87478666.0,85702810.0,1775856.0,No,No,Hombre,239.0,2019-05-10,2019,False,1
CO1.PCCNTR.2345047,Cerrado,2021-03-17,2021-03-18,2021-12-15,Prestación de servicios,Contratación directa,264 Dia(s),0,83882190.0,82091112.0,1791078.0,No,No,Mujer,272.0,2021-03-17,2021,False,1
CO1.PCCNTR.3420847,Cerrado,2022-02-02,2022-02-02,2023-05-31,Prestación de servicios,Contratación directa,341 Dia(s),0,147000000.0,108300000.0,38700000.0,No,No,No definido,483.0,2022-02-02,2022,False,1
CO1.PCCNTR.8582552,Modificado,2025-11-18,2025-11-24,2026-10-31,Prestación de servicios,Contratación directa,341 Dia(s),91,109120000.0,57053333.0,52066667.0,No,No,No definido,341.0,2025-11-18,2025,False,1
CO1.PCCNTR.3072904,Cerrado,2022-01-06,2022-01-06,2022-11-30,Prestación de servicios,Selección abreviada subasta inversa,8 Mes(es),0,907653000.0,907023000.0,630000.0,Si,No,Mujer,328.0,2022-01-06,2022,False,0
CO1.PCCNTR.1650795,Modificado,2020-09-24,2020-09-25,2030-07-02,Otro,Contratación directa,10 Año(s),1840,0.0,0.0,0.0,No,No,No definido,3567.0,2020-09-24,2020,True,1
CO1.PCCNTR.814931,Cerrado,2019-03-01,2019-02-21,2020-02-21,Suministros,Contratación directa (con ofertas),Dia(s),0,614800.0,614800.0,0.0,No,No,Hombre,365.0,2019-03-01,2019,False,1
CO1.PCCNTR.4743074,Cerrado,2023-03-09,2023-03-09,2023-09-07,Prestación de servicios,Contratación directa,4 Mes(es),0,18540000.0,18540000.0,0.0,No,No,Hombre,182.0,2023-03-09,2023,False,1
CO1.PCCNTR.300222,Cerrado,2018-01-28,2018-01-18,2018-12-31,Prestación de servicios,Contratación directa,No definido,0,66686275.0,66108071.0,578204.0,No,No,No definido,347.0,2018-01-28,2018,False,1
CO1.PCCNTR.1594574,Cerrado,2020-06-16,2020-06-16,2021-04-20,Prestación de servicios,Contratación directa,219 Dia(s),0,83460900.0,81455834.0,2005066.0,No,No,No definido,308.0,2020-06-16,2020,False,1
CO1.PCCNTR.1518722,Cerrado,2020-05-11,2020-04-21,2020-12-31,Prestación de servicios,Contratación directa,Dia(s),0,64663400.0,62658333.0,2005067.0,No,No,No definido,254.0,2020-05-11,2020,False,1
CO1.PCCNTR.682320,Cerrado,2018-12-26,2018-12-06,2019-11-30,Prestación de servicios,Contratación directa,No definido,0,92262805.0,91497350.0,765455.0,No,No,No definido,359.0,2018-12-26,2018,False,1
CO1.PCCNTR.3859005,Cerrado,2022-08-22,2022-08-22,2024-10-31,Prestación de servicios,Contratación directa,27 Mes(es),0,106000000.0,0.0,106000000.0,No,No,No definido,801.0,2022-08-22,2022,False,1
CO1.PCCNTR.2427964,Cerrado,2021-05-03,2021-05-03,2021-12-15,Prestación de servicios,Contratación directa,232 Dia(s),0,45650000.0,44733333.0,916667.0,No,No,No definido,226.0,2021-05-03,2021,False,1
CO1.PCCNTR.3087674,Cerrado,2021-12-20,2021-12-20,2022-11-30,Prestación de servicios,Contratación directa,269 Dia(s),0,64922728.0,64573587.0,349141.0,No,No,Mujer,345.0,2021-12-20,2021,False,1
CO1.PCCNTR.2348335,Cerrado,2021-03-26,2021-03-26,2021-12-15,Prestación de servicios,Contratación directa,234 Dia(s),0,144729753.0,141639438.0,3090315.0,No,No,No definido,264.0,2021-03-26,2021,False,1
CO1.PCCNTR.6435215,Cerrado,2024-06-19,2024-06-26,2024-12-31,Prestación de servicios,Contratación directa,191 Dia(s),0,25428467.0,24629667.0,798800.0,No,No,Hombre,188.0,2024-06-19,2024,False,1
CO1.PCCNTR.7639932,En ejecución,2025-03-13,2025-03-19,2025-12-31,Prestación de servicios,Contratación directa,289 Dia(s),0,66553333.0,2680000.0,63873333.0,No,No,Mujer,287.0,2025-03-13,2025,False,1
CO1.PCCNTR.8699481,Modificado,2025-12-14,2025-12-17,2026-10-31,Prestación de servicios,Contratación directa,318 Dia(s),92,51576358.0,35364491.0,16211867.0,No,No,Hombre,318.0,2025-12-14,2025,False,1
CO1.PCCNTR.95703,Cerrado,2017-01-23,2016-12-30,2016-12-30,Prestación de servicios,Contratación directa (con ofertas),No definido,0,545058.0,0.0,545058.0,No,No,Hombre,0.0,2017-01-23,2017,False,1
CO1.PCCNTR.9234454,En ejecución,2026-01-29,2026-02-02,2026-12-31,Prestación de servicios,Contratación directa,11 Mes(es),0,41580000.0,18522000.0,23058000.0,No,No,Hombre,332.0,2026-01-29,2026,False,1
CO1.PCCNTR.650372,Cerrado,2018-11-28,2018-11-19,2019-12-31,Prestación de servicios,Contratación directa,No definido,0,79074863.0,76103520.0,2971343.0,No,No,No definido,407.0,2018-11-28,2018,False,1
CO1.PCCNTR.2345119,Cerrado,2021-03-17,2021-03-17,2021-11-30,Prestación de servicios,Contratación directa,264 Dia(s),0,79404493.0,77613415.0,1791078.0,No,No,Mujer,258.0,2021-03-17,2021,False,1
CO1.PCCNTR.2207051,Cerrado,2021-02-17,2021-02-17,2021-10-29,Prestación de servicios,Contratación directa,333 Dia(s),0,53337452.0,52364141.0,973311.0,No,No,No definido,254.0,2021-02-17,2021,False,1
CO1.PCCNTR.6558053,Cerrado,2024-08-02,2024-08-15,2024-12-13,Suministros,Mínima cuantía,133 Dia(s),0,65194393.22,65194129.0,264.0,Si,No,Hombre,120.0,2024-08-02,2024,False,0
CO1.PCCNTR.6588844,Cerrado,2024-08-02,2024-08-09,2024-12-31,Prestación de servicios,Contratación directa,150 Dia(s),0,53562161.0,50369715.0,3192446.0,No,No,No definido,144.0,2024-08-02,2024,False,1
CO1.PCCNTR.8590239,En ejecución,2025-11-18,2025-11-27,2025-12-31,Prestación de servicios,Contratación directa,47 Dia(s),0,21558496.0,12216481.0,9342015.0,No,No,Hombre,34.0,2025-11-18,2025,False,1
CO1.PCCNTR.4304156,En ejecución,2022-12-27,2022-12-29,2024-12-26,Compraventa,Selección abreviada subasta inversa,2 Año(s),0,1145956731.0,1145956731.0,0.0,No,Si,No definido,728.0,2022-12-27,2022,False,0
CO1.PCCNTR.5524926,Cerrado,2023-11-09,2023-11-09,2024-06-30,Prestación de servicios,Contratación directa,236 Dia(s),0,31452846.0,30684428.0,768418.0,No,No,No definido,234.0,2023-11-09,2023,False,1
CO1.PCCNTR.6770290,Cerrado,2024-09-17,2024-09-24,2024-12-31,Prestación de servicios,Contratación directa,105 Dia(s),0,40442633.0,35990233.0,4452400.0,No,No,Hombre,98.0,2024-09-17,2024,False,1
CO1.PCCNTR.328607,Cerrado,2018-02-02,2018-01-24,2018-12-31,Prestación de servicios,Contratación directa,No definido,0,51044527.0,49716779.0,1327748.0,No,No,No definido,341.0,2018-02-02,2018,False,1
CO1.PCCNTR.7208075,Cerrado,2025-01-09,2025-01-10,2025-10-09,Prestación de servicios,Contratación directa,270 Dia(s),0,64382400.0,64382400.0,0.0,No,No,No definido,272.0,2025-01-09,2025,False,1
CO1.PCCNTR.8571195,Modificado,2025-11-13,2025-11-18,2026-10-31,Prestación de servicios,Contratación directa,347 Dia(s),91,127757200.0,79676533.0,48080667.0,No,No,No definido,347.0,2025-11-13,2025,False,1
CO1.PCCNTR.1600396,Cerrado,2020-06-08,2020-06-08,2020-12-31,Prestación de servicios,Contratación directa,217 Dia(s),0,31827260.0,31531192.0,296068.0,No,No,Mujer,206.0,2020-06-08,2020,False,1
CO1.PCCNTR.798222,Cerrado,2019-02-26,2019-01-30,2019-12-31,Prestación de servicios,Contratación directa,No definido,0,99546039.0,96910996.0,2635043.0,No,No,Hombre,335.0,2019-02-26,2019,False,1
CO1.PCCNTR.7302236,Modificado,2025-01-23,2025-01-29,2025-12-31,Prestación de servicios,Contratación directa,336 Dia(s),95,106295333.0,106295333.0,0.0,No,No,Hombre,336.0,2025-01-23,2025,False,1
CO1.PCCNTR.4317405,Cerrado,2022-12-27,2022-12-27,2023-08-31,Prestación de servicios,Contratación directa,260 Dia(s),0,65399703.0,63425373.0,1974330.0,No,No,No definido,247.0,2022-12-27,2022,False,1
CO1.PCCNTR.3453658,Cerrado,2022-01-28,2022-01-28,2022-12-31,Prestación de servicios,Contratación directa,339 Dia(s),0,87771793.0,86481032.0,1290761.0,No,No,No definido,337.0,2022-01-28,2022,False,1
CO1.PCCNTR.4354022,Cerrado,2023-01-11,2023-01-11,2023-09-30,Prestación de servicios,Contratación directa,185 Dia(s),0,96083350.0,94361426.0,1721924.0,No,No,No definido,262.0,2023-01-11,2023,False,1
CO1.PCCNTR.696752,Cerrado,2019-01-18,2018-12-28,2019-12-27,Compraventa,Mínima cuantía,Dia(s),0,72639351.0,72639351.0,0.0,Si,No,Hombre,364.0,2019-01-18,2019,False,0
CO1.PCCNTR.8646861,Modificado,2025-12-01,2025-12-09,2026-10-31,Prestación de servicios,Contratación directa,335 Dia(s),92,76266667.0,45716667.0,30550000.0,No,No,Mujer,326.0,2025-12-01,2025,False,1
CO1.PCCNTR.2427884,Cerrado,2021-04-13,2021-04-13,2022-11-23,Otro,Contratación directa,474 Dia(s),0,681715306.0,674687316.0,7027990.0,No,No,No definido,589.0,2021-04-13,2021,False,1
CO1.PCCNTR.1594297,Cerrado,2020-06-08,2020-06-08,2020-12-31,Prestación de servicios,Contratación directa,219 Dia(s),0,55891233.0,53886166.0,2005067.0,No,No,No definido,206.0,2020-06-08,2020,False,1
CO1.PCCNTR.7044807,Cerrado,2024-11-22,2024-12-04,2025-08-31,Prestación de servicios,Contratación directa,280 Dia(s),0,58800000.0,56070000.0,2730000.0,No,No,No definido,270.0,2024-11-22,2024,False,1
CO1.PCCNTR.165605,Cerrado,2017-07-14,2017-06-27,2017-12-31,Prestación de servicios,Contratación directa (con ofertas),No definido,0,31521653.0,30454755.0,1066898.0,No,No,No definido,187.0,2017-07-14,2017,False,1
CO1.PCCNTR.679245,Cerrado,2019-01-22,2018-12-24,2020-11-30,Otro,Contratación directa (con ofertas),Dia(s),0,1264163800.0,1078336733.0,185827066.0,No,No,Hombre,707.0,2019-01-22,2019,False,1
CO1.PCCNTR.5839413,Cerrado,2024-01-29,2024-01-31,2024-12-31,Prestación de servicios,Contratación directa,329 Dia(s),0,96701000.0,96701000.0,0.0,No,No,Hombre,335.0,2024-01-29,2024,False,1
CO1.PCCNTR.130313,Cerrado,2017-04-10,2017-03-30,2018-12-31,Prestación de servicios,Contratación directa (con ofertas),No definido,0,43434598.0,36497950.0,6936648.0,No,No,No definido,641.0,2017-04-10,2017,False,1
CO1.PCCNTR.226421,Cerrado,2017-11-14,2017-11-08,2017-12-31,Prestación de servicios,Contratación directa (con ofertas),No definido,0,7459454.0,6589184.0,870270.0,No,No,No definido,53.0,2017-11-14,2017,False,1
CO1.PCCNTR.1491435,Cerrado,2020-04-16,2020-04-03,2020-12-31,Prestación de servicios,Contratación directa,Dia(s),0,72000000.0,71466667.0,533333.0,No,No,Mujer,272.0,2020-04-16,2020,False,1
CO1.PCCNTR.1685485,Cerrado,2020-08-26,2020-08-26,2020-12-31,Prestación de servicios,Contratación directa,175 Dia(s),0,34844540.0,33481904.0,1362636.0,No,No,Mujer,127.0,2020-08-26,2020,False,1
CO1.PCCNTR.657519,Cerrado,2018-11-28,2018-11-20,2019-08-30,Prestación de servicios,Contratación directa,No definido,0,104786429.0,102635493.0,2150936.0,No,No,No definido,283.0,2018-11-28,2018,False,1
CO1.PCCNTR.70903,Cerrado,2016-10-13,2016-10-06,2016-12-31,Prestación de servicios,Contratación directa (con ofertas),No definido,0,25790586.0,0.0,25790586.0,No,No,No definido,86.0,2016-10-13,2016,False,1
CO1.PCCNTR.4592235,Cerrado,2023-02-10,2023-02-10,2023-06-05,Prestación de servicios,Contratación directa,116 Dia(s),0,20983239.0,20277920.0,705319.0,No,No,Mujer,115.0,2023-02-10,2023,False,1
CO1.PCCNTR.7489892,Cerrado,2025-02-14,2025-02-18,2025-10-17,Prestación de servicios,Contratación directa,8 Mes(es),0,64184000.0,63649134.0,534866.0,No,No,Mujer,241.0,2025-02-14,2025,False,1
CO1.PCCNTR.680024,Cerrado,2018-12-17,2018-12-06,2019-07-31,Prestación de servicios,Contratación directa,No definido,0,75366667.0,74416667.0,950000.0,No,No,No definido,237.0,2018-12-17,2018,False,1
CO1.PCCNTR.74002,Cerrado,2016-11-04,2016-10-24,2017-03-31,Prestación de servicios,Contratación directa (con ofertas),Dia(s),0,23328297.0,3939281.0,19389016.0,No,No,No definido,158.0,2016-11-04,2016,False,1
CO1.PCCNTR.4662283,Cerrado,2023-02-22,2023-02-22,2023-06-20,Prestación de servicios,Contratación directa,4 Mes(es),0,19925228.0,19593141.0,332087.0,No,No,No definido,118.0,2023-02-22,2023,False,1
CO1.PCCNTR.9195861,En ejecución,2026-01-28,2026-01-30,2026-12-31,Prestación de servicios,Contratación directa,330 Dia(s),0,148204980.0,67204060.0,81000920.0,No,No,Mujer,335.0,2026-01-28,2026,False,1
CO1.PCCNTR.1395443,Cerrado,2020-03-03,2020-02-19,2020-12-31,Prestación de servicios,Contratación directa,No definido,0,77487686.0,75810464.0,1677222.0,No,No,No definido,316.0,2020-03-03,2020,False,1
CO1.PCCNTR.1363377,Cerrado,2020-02-18,2020-02-07,2020-12-31,Otro,Contratación directa,Dia(s),0,5114422983.0,0.0,5114422983.0,No,No,No definido,328.0,2020-02-18,2020,False,1
CO1.PCCNTR.4632060,Cerrado,2023-02-19,2023-02-19,2023-06-15,Prestación de servicios,Contratación directa,4 Mes(es),0,63660492.0,62599483.0,1061009.0,No,No,Mujer,116.0,2023-02-19,2023,False,1
CO1.PCCNTR.110605,Cerrado,2017-02-15,2017-02-10,2017-12-31,Prestación de servicios,Contratación directa (con ofertas),No definido,0,8000000.0,0.0,8000000.0,No,No,No definido,324.0,2017-02-15,2017,False,1
CO1.PCCNTR.9032025,En ejecución,2026-01-25,2026-01-27,2026-12-31,Prestación de servicios,Contratación directa,342 Dia(s),0,1336291561.0,1336291561.0,0.0,No,No,Hombre,338.0,2026-01-25,2026,False,1
CO1.PCCNTR.5612762,Cerrado,2023-12-11,2023-12-11,2024-06-30,Prestación de servicios,Contratación directa,213 Dia(s),0,29407652.0,27781422.0,1626230.0,No,No,No definido,202.0,2023-12-11,2023,False,1
CO1.PCCNTR.7946952,En ejecución,2025-06-06,2025-06-10,2026-08-31,Prestación de servicios,Contratación directa,451 Dia(s),0,115467625.0,98199029.0,17268596.0,No,No,Hombre,447.0,2025-06-06,2025,False,1
CO1.PCCNTR.1948063,Cerrado,2020-11-05,2020-11-05,2021-09-30,Prestación de servicios,Contratación directa,339 Dia(s),0,58828531.0,58150587.0,677944.0,No,No,No definido,329.0,2020-11-05,2020,False,1
CO1.PCCNTR.3151615,Cerrado,2021-12-31,2021-12-31,2022-11-06,Prestación de servicios,Contratación directa,207 Dia(s),0,80801680.0,80027223.0,774457.0,No,No,No definido,310.0,2021-12-31,2021,False,1
CO1.PCCNTR.5653544,Cerrado,2023-12-18,2023-12-20,2024-12-20,Prestación de servicios,Selección abreviada subasta inversa,1 Año(s),0,825307840.0,825307840.0,0.0,No,No,Mujer,366.0,2023-12-18,2023,False,0
CO1.PCCNTR.5229666,Cerrado,2023-07-27,2023-07-27,2023-12-31,Prestación de servicios,Contratación directa,166 Dia(s),0,57408910.0,53649993.0,3758917.0,No,No,Hombre,157.0,2023-07-27,2023,False,1
CO1.PCCNTR.307043,Cerrado,2018-01-23,2018-01-19,2019-03-29,Prestación de servicios,Contratación directa,No definido,0,69539633.0,69069633.0,470000.0,No,No,Hombre,434.0,2018-01-23,2018,False,1
CO1.PCCNTR.2437821,Cerrado,2021-05-03,2021-05-03,2021-12-15,Prestación de servicios,Contratación directa,229 Dia(s),0,68501785.0,66300924.0,2200861.0,No,No,No definido,226.0,2021-05-03,2021,False,1
CO1.PCCNTR.8726150,Modificado,2025-12-23,2025-12-29,2026-10-31,Prestación de servicios,Contratación directa,310 Dia(s),92,104960000.0,61120000.0,43840000.0,No,No,No definido,306.0,2025-12-23,2025,False,1
CO1.PCCNTR.9144277,En ejecución,2026-01-26,2026-01-28,2026-12-28,Prestación de servicios,Contratación directa,330 Dia(s),0,48843300.0,18205230.0,30638070.0,No,No,Mujer,334.0,2026-01-26,2026,False,1
CO1.PCCNTR.8709613,Modificado,2025-12-19,2025-12-24,2026-10-31,Prestación de servicios,Contratación directa,311 Dia(s),91,83798000.0,49770933.0,34027067.0,No,No,No definido,311.0,2025-12-19,2025,False,1
CO1.PCCNTR.6249830,Cerrado,2024-04-24,2024-04-26,2024-12-25,Prestación de servicios,Contratación directa,8 Mes(es),0,78352000.0,78352000.0,0.0,No,No,No definido,243.0,2024-04-24,2024,False,1
CO1.PCCNTR.3419484,Cerrado,2022-02-02,2022-02-02,2022-12-31,Prestación de servicios,Contratación directa,248 Dia(s),0,133142950.0,91025220.0,42117730.0,No,No,No definido,332.0,2022-02-02,2022,False,1
CO1.PCCNTR.8642529,Modificado,2025-12-01,2025-12-09,2026-10-31,Prestación de servicios,Contratación directa,326 Dia(s),92,66457600.0,37712400.0,28745200.0,No,No,No definido,326.0,2025-12-01,2025,False,1
CO1.PCCNTR.3906551,Cerrado,2022-08-18,2022-08-18,2023-08-17,Seguros,Mínima cuantía,1 Año(s),0,51908354.0,51908353.0,0.0,No,No,Hombre,364.0,2022-08-18,2022,False,0
CO1.PCCNTR.4253134,Modificado,2022-12-01,2022-12-01,2026-11-30,Otro,Contratación directa,1467 Dia(s),122,1719054471.0,1081700792.0,637353679.0,No,No,No definido,1460.0,2022-12-01,2022,False,1
CO1.PCCNTR.3746288,Cerrado,2022-06-23,2022-06-23,2023-06-30,Prestación de servicios,Selección abreviada subasta inversa,1 Año(s),0,241802500.0,241802499.0,0.0,Si,No,Hombre,372.0,2022-06-23,2022,False,0
CO1.PCCNTR.914220,Cerrado,2019-05-03,2019-04-05,2020-06-30,Prestación de servicios,Selección abreviada subasta inversa,Dia(s),0,49570394.0,29577080.0,19993314.0,No,No,Mujer,452.0,2019-05-03,2019,False,0
CO1.PCCNTR.645803,Cerrado,2019-01-18,2018-12-29,2019-12-31,Prestación de servicios,Mínima cuantía,Dia(s),0,17473419.0,16658250.0,815169.0,Si,No,Hombre,367.0,2019-01-18,2019,False,0
CO1.PCCNTR.7157807,Cerrado,2024-12-19,2024-12-24,2025-06-30,Prestación de servicios,Contratación directa,191 Dia(s),0,20377500.0,19541500.0,836000.0,No,No,Hombre,188.0,2024-12-19,2024,False,1
CO1.PCCNTR.5011033,Cerrado,2023-05-30,2023-05-30,2024-03-31,Prestación de servicios,Contratación directa,219 Dia(s),0,167204285.0,166657866.0,546419.0,No,No,Mujer,306.0,2023-05-30,2023,False,1
CO1.PCCNTR.7967891,Modificado,2025-06-20,2025-07-08,2026-11-30,Prestación de servicios,Mínima cuantía,510 Dia(s),152,61715474.0,41024436.0,20691038.0,Si,No,Hombre,510.0,2025-06-20,2025,False,0
CO1.PCCNTR.7571984,En ejecución,2025-02-28,2025-03-05,2025-12-04,Prestación de servicios,Contratación directa,9 Mes(es),0,54000000.0,41200000.0,12800000.0,No,No,No definido,274.0,2025-02-28,2025,False,1
CO1.PCCNTR.3020243,Cerrado,2021-11-19,2021-11-19,2022-11-30,Prestación de servicios,Contratación directa,263 Dia(s),0,46660465.0,46056055.0,604410.0,No,No,Mujer,376.0,2021-11-19,2021,False,1
CO1.PCCNTR.948711,Cerrado,2019-10-04,2019-05-13,2020-06-30,Prestación de servicios,Mínima cuantía,No definido,213,42333440.0,3017286.0,39316154.0,Si,No,No definido,414.0,2019-10-04,2019,False,0
CO1.PCCNTR.1004035,Modificado,2019-09-17,2019-09-01,2023-11-30,Prestación de servicios,Licitación pública,Dia(s),153,25497931491.0,25497931491.0,0.0,No,Si,Mujer,1551.0,2019-09-17,2019,False,0
CO1.PCCNTR.1917605,Modificado,2020-11-13,2020-11-13,2020-12-28,Compraventa,Selección abreviada subasta inversa,45 Dia(s),13,234000000.0,234000000.0,0.0,Si,No,Hombre,45.0,2020-11-13,2020,False,0
CO1.PCCNTR.5271154,Cerrado,2023-08-11,2023-08-11,2024-03-13,Prestación de servicios,Contratación directa,157 Dia(s),0,70933334.0,69666666.0,1266667.0,No,No,No definido,215.0,2023-08-11,2023,False,1
CO1.PCCNTR.964629,Cerrado,2019-06-07,2019-04-29,2020-04-29,Seguros,Licitación pública,Dia(s),0,1549614695.0,1549614695.0,0.0,No,No,Mujer,366.0,2019-06-07,2019,False,0
CO1.PCCNTR.123718,Cerrado,2017-04-03,2017-03-13,2017-12-31,Prestación de servicios,Contratación directa (con ofertas),No definido,0,165135016.0,165135016.0,0.0,No,No,No definido,293.0,2017-04-03,2017,False,1
CO1.PCCNTR.5220444,Modificado,2023-08-02,2023-08-16,2024-09-30,Prestación de servicios,Selección abreviada de menor cuantía,411 Dia(s),61,648505228.0,315878333.0,332626894.0,Si,No,Mujer,411.0,2023-08-02,2023,False,0
CO1.PCCNTR.3157015,Cerrado,2021-12-31,2021-12-31,2022-10-31,Prestación de servicios,Contratación directa,258 Dia(s),0,41066667.0,40133333.0,933334.0,No,No,Hombre,304.0,2021-12-31,2021,False,1
CO1.PCCNTR.1132307,Cerrado,2019-11-13,2019-10-01,2023-07-31,Prestación de servicios,Selección abreviada subasta inversa,Dia(s),0,6674563989.91,6327409295.0,347154694.0,No,Si,No definido,1399.0,2019-11-13,2019,False,0
CO1.PCCNTR.1698797,Cerrado,2020-08-12,2020-08-13,2021-06-30,Prestación de servicios,Contratación directa,351 Dia(s),0,65672428.0,64575755.0,1096673.0,No,No,No definido,321.0,2020-08-12,2020,False,1
CO1.PCCNTR.2526751,Cerrado,2021-05-27,2021-05-27,2022-08-31,Prestación de servicios,Contratación directa,345 Dia(s),0,83095507.0,82222654.0,872853.0,No,No,Hombre,461.0,2021-05-27,2021,False,1
CO1.PCCNTR.1363457,Cerrado,2020-03-03,2020-02-10,2020-12-31,Prestación de servicios,Contratación directa,Dia(s),0,58886629.0,57626058.0,1260571.0,No,No,No definido,325.0,2020-03-03,2020,False,1
CO1.PCCNTR.324839,Cerrado,2018-02-02,2018-01-24,2018-12-31,Prestación de servicios,Contratación directa,No definido,0,28232512.0,27496011.0,736501.0,No,No,No definido,341.0,2018-02-02,2018,False,1
CO1.PCCNTR.2018116,Cerrado,2020-12-02,2020-12-02,2021-04-30,Prestación de servicios,Contratación directa,342 Dia(s),0,58010071.0,56929138.0,1080933.0,No,No,No definido,149.0,2020-12-02,2020,False,1
CO1.PCCNTR.7485449,En ejecución,2025-02-17,2025-02-20,2025-11-19,Prestación de servicios,Contratación directa,9 Mes(es),0,114444000.0,113596267.0,847733.0,No,No,Hombre,272.0,2025-02-17,2025,False,1
CO1.PCCNTR.515711,Cerrado,2018-09-03,2018-08-08,2018-12-31,Prestación de servicios,Contratación directa,No definido,0,37590535.0,35836310.0,1754225.0,No,No,No definido,145.0,2018-09-03,2018,False,1
CO1.PCCNTR.230151,Cerrado,2017-11-27,2017-11-03,2017-12-31,Prestación de servicios,Mínima cuantía,No definido,0,51734338.0,51734338.0,0.0,No,No,Hombre,58.0,2017-11-27,2017,False,0
CO1.PCCNTR.6974596,Modificado,2024-10-31,2024-11-01,2025-10-31,Prestación de servicios,Contratación directa,1 Año(s),0,169017444.0,169017444.0,0.0,Si,No,Mujer,364.0,2024-10-31,2024,False,1
CO1.PCCNTR.4331789,Cerrado,2022-12-28,2022-12-28,2023-08-31,Prestación de servicios,Contratación directa,254 Dia(s),0,22050139.0,15132448.0,6917691.0,No,No,Mujer,246.0,2022-12-28,2022,False,1
CO1.PCCNTR.132011,Cerrado,2017-04-24,2017-04-17,2017-12-31,Suministros,Contratación directa (con ofertas),No definido,0,27210025.0,27210025.0,0.0,Si,No,Mujer,258.0,2017-04-24,2017,False,1
CO1.PCCNTR.657463,Cerrado,2018-12-05,2018-11-21,2018-12-31,Prestación de servicios,Contratación directa,No definido,0,10500000.0,9333333.0,1166667.0,No,No,No definido,40.0,2018-12-05,2018,False,1
CO1.PCCNTR.2207272,Cerrado,2021-02-11,2021-02-11,2021-10-31,Prestación de servicios,Contratación directa,333 Dia(s),0,82629066.0,81422802.0,1206264.0,No,No,Hombre,262.0,2021-02-11,2021,False,1
CO1.PCCNTR.4236648,Cerrado,2022-11-25,2022-11-25,2023-08-31,Prestación de servicios,Contratación directa,286 Dia(s),0,51699880.0,51170891.0,528989.0,No,No,No definido,279.0,2022-11-25,2022,False,1
CO1.PCCNTR.3936508,Cerrado,2022-09-09,2022-09-09,2022-09-15,Prestación de servicios,Contratación directa,27 Dia(s),0,13033333.0,10350000.0,2683333.0,No,No,Hombre,6.0,2022-09-09,2022,False,1
CO1.PCCNTR.4231840,Cerrado,2022-11-25,2022-11-25,2023-08-31,Prestación de servicios,Contratación directa,287 Dia(s),0,55458270.0,55070449.0,387821.0,No,No,Mujer,279.0,2022-11-25,2022,False,1
CO1.PCCNTR.3011682,Cerrado,2021-12-24,2021-12-31,2023-12-26,Negocio fiduciario,Licitación pública,725 Dia(s),11,870178667.0,870178666.0,0.0,No,No,Mujer,725.0,2021-12-24,2021,False,0
CO1.PCCNTR.4357251,Cerrado,2023-01-16,2023-01-16,2023-08-31,Prestación de servicios,Contratación directa,246 Dia(s),0,51209165.0,50791131.0,418034.0,No,No,No definido,227.0,2023-01-16,2023,False,1
CO1.PCCNTR.8593486,En ejecución,2025-11-20,2025-12-01,2026-07-31,Prestación de servicios,Contratación directa,255 Dia(s),0,86321554.0,70670730.0,15650824.0,No,No,Hombre,242.0,2025-11-20,2025,False,1
CO1.PCCNTR.2452334,Cerrado,2021-05-14,2021-05-14,2022-09-22,Prestación de servicios,Contratación directa,345 Dia(s),0,109618268.0,108590070.0,1028198.0,No,No,Mujer,496.0,2021-05-14,2021,False,1
CO1.PCCNTR.8557335,Modificado,2025-11-12,2025-11-19,2026-10-31,Prestación de servicios,Contratación directa,346 Dia(s),91,104544400.0,56066150.0,48478250.0,No,No,Mujer,346.0,2025-11-12,2025,False,1
CO1.PCCNTR.6136581,Cerrado,2024-03-22,2024-04-02,2024-12-31,Prestación de servicios,Contratación directa,269 Dia(s),40,64936600.0,64936600.0,0.0,No,No,Hombre,273.0,2024-03-22,2024,False,1
CO1.PCCNTR.1440822,Cerrado,2020-04-20,2020-03-10,2020-11-30,Prestación de servicios,Contratación directa,Dia(s),0,101406790.0,98114353.0,3292437.0,No,No,Hombre,265.0,2020-04-20,2020,False,1
CO1.PCCNTR.813711,Cerrado,2019-04-16,2019-02-05,2019-12-31,Prestación de servicios,Contratación directa,No definido,0,46172977.0,44084849.0,2088128.0,No,No,No definido,329.0,2019-04-16,2019,False,1
CO1.PCCNTR.4753861,Cerrado,2023-03-13,2023-03-13,2023-09-09,Prestación de servicios,Contratación directa,4 Mes(es),0,18540000.0,18540000.0,0.0,No,No,Mujer,180.0,2023-03-13,2023,False,1
CO1.PCCNTR.7640836,En ejecución,2025-03-14,2025-03-20,2025-10-31,Prestación de servicios,Contratación directa,228 Dia(s),0,110683333.0,106816667.0,3866666.0,No,No,Mujer,225.0,2025-03-14,2025,False,1
CO1.PCCNTR.8559052,Modificado,2025-11-12,2025-11-19,2026-10-31,Prestación de servicios,Contratación directa,346 Dia(s),91,104544400.0,56066150.0,48478250.0,No,No,No definido,346.0,2025-11-12,2025,False,1
CO1.PCCNTR.7605424,En ejecución,2025-03-07,2025-03-13,2025-11-12,Prestación de servicios,Contratación directa,8 Mes(es),0,82424000.0,82424000.0,0.0,No,No,No definido,244.0,2025-03-07,2025,False,1
CO1.PCCNTR.246253,Cerrado,2017-12-13,2017-12-06,2018-07-31,Prestación de servicios,Contratación directa (con ofertas),No definido,0,66234136.0,64578283.0,1655853.0,No,No,No definido,237.0,2017-12-13,2017,False,1
CO1.PCCNTR.1981445,Cerrado,2020-12-14,2020-12-14,2021-10-31,Prestación de servicios,Contratación directa,355 Dia(s),0,239056672.0,202081232.0,36975439.0,No,No,Hombre,321.0,2020-12-14,2020,False,1
CO1.PCCNTR.7365651,Modificado,2025-01-30,2025-02-04,2025-11-03,Prestación de servicios,Contratación directa,9 Mes(es),0,39006000.0,38717067.0,288933.0,No,No,Hombre,272.0,2025-01-30,2025,False,1
CO1.PCCNTR.7138242,En ejecución,2024-12-18,2024-12-30,2026-06-30,Prestación de servicios,Mínima cuantía,560 Dia(s),0,92338233.0,13791036.0,78547197.0,Si,No,Hombre,547.0,2024-12-18,2024,False,0
CO1.PCCNTR.866265,Cerrado,2019-04-03,2019-02-26,2019-10-31,Prestación de servicios,Contratación directa,No definido,0,24600000.0,24300000.0,300000.0,No,No,No definido,247.0,2019-04-03,2019,False,1
CO1.PCCNTR.298414,Cerrado,2018-01-28,2018-01-16,2018-12-31,Prestación de servicios,Contratación directa,No definido,0,98352172.0,97783662.0,568509.0,No,No,Hombre,349.0,2018-01-28,2018,False,1
CO1.PCCNTR.6434465,Cerrado,2024-06-19,2024-06-27,2024-12-31,Prestación de servicios,Contratación directa,191 Dia(s),0,25428467.0,24496533.0,931934.0,No,No,Hombre,187.0,2024-06-19,2024,False,1
CO1.PCCNTR.508313,Cerrado,2018-08-09,2018-08-02,2018-12-31,Prestación de servicios,Contratación directa,No definido,0,11066000.0,10237334.0,828666.0,No,No,No definido,151.0,2018-08-09,2018,False,1
CO1.PCCNTR.661024,Cerrado,2018-12-17,2018-11-22,2018-12-31,Prestación de servicios,Contratación directa,No definido,0,5967563.0,4351348.0,1616215.0,No,No,No definido,39.0,2018-12-17,2018,False,1
CO1.PCCNTR.8675969,Modificado,2025-12-11,2025-12-16,2026-10-31,Prestación de servicios,Contratación directa,319 Dia(s),91,88622733.0,51802400.0,36820333.0,No,No,No definido,319.0,2025-12-11,2025,False,1
CO1.PCCNTR.116403,Cerrado,2017-03-06,2017-02-23,2017-12-31,Prestación de servicios,Contratación directa (con ofertas),No definido,0,95680341.0,72871096.0,22809245.0,No,No,No definido,311.0,2017-03-06,2017,False,1
CO1.PCCNTR.804353,Cerrado,2019-02-26,2019-02-01,2019-12-31,Prestación de servicios,Contratación directa,No definido,0,78561151.0,75604304.0,2956847.0,No,No,No definido,333.0,2019-02-26,2019,False,1
CO1.PCCNTR.7713574,Cedido,2025-04-01,2025-04-07,2025-12-06,Prestación de servicios,Contratación directa,8 Mes(es),0,34672000.0,34672000.0,0.0,No,No,Hombre,243.0,2025-04-01,2025,False,1
CO1.PCCNTR.145703,Cerrado,2017-07-25,2017-05-09,2018-10-12,Prestación de servicios,Contratación directa (con ofertas),No definido,0,234757761.0,234757761.0,0.0,No,No,Mujer,521.0,2017-07-25,2017,False,1
CO1.PCCNTR.234539,Cerrado,2017-12-15,2017-11-22,2017-12-31,Prestación de servicios,Contratación directa (con ofertas),No definido,0,7692246.0,5564603.0,2127643.0,No,No,Mujer,39.0,2017-12-15,2017,False,1
CO1.PCCNTR.83802,Cerrado,2016-11-30,2016-11-15,2017-10-23,Prestación de servicios,Contratación directa (con ofertas),No definido,0,93574220.0,0.0,93574220.0,No,No,No definido,342.0,2016-11-30,2016,False,1
CO1.PCCNTR.6342856,Cerrado,2024-05-21,2024-05-23,2025-02-28,Prestación de servicios,Contratación directa,275 Dia(s),0,85500000.0,68763025.0,16736974.0,No,No,Mujer,281.0,2024-05-21,2024,False,1
CO1.PCCNTR.1367839,Cerrado,2020-03-03,2020-02-10,2020-12-31,Prestación de servicios,Contratación directa,No definido,0,98310494.0,96501100.0,1809394.0,No,No,No definido,325.0,2020-03-03,2020,False,1
CO1.PCCNTR.451382,Cerrado,2018-07-12,2018-06-19,2018-12-31,Prestación de servicios,Contratación directa,No definido,0,45214740.0,44511921.0,702819.0,No,No,Hombre,195.0,2018-07-12,2018,False,1
CO1.PCCNTR.3659301,Cerrado,2022-04-26,2022-04-28,2022-10-31,Prestación de servicios,Mínima cuantía,6 Mes(es),0,26263649.0,7313814.0,18949834.0,Si,No,Mujer,186.0,2022-04-26,2022,False,0
CO1.PCCNTR.584529,Cerrado,2018-10-19,2018-09-27,2019-07-17,Prestación de servicios,Contratación directa,No definido,0,48212964.0,47883865.0,329099.0,No,No,No definido,293.0,2018-10-19,2018,False,1
CO1.PCCNTR.5986748,Cerrado,2024-02-22,2024-02-29,2024-12-31,Prestación de servicios,Contratación directa,302 Dia(s),0,41474667.0,41337333.0,137334.0,No,No,Mujer,306.0,2024-02-22,2024,False,1
CO1.PCCNTR.130503,Cerrado,2017-04-10,2017-03-29,2018-07-31,Prestación de servicios,Contratación directa (con ofertas),No definido,0,117759346.0,117272737.0,486609.0,No,No,No definido,489.0,2017-04-10,2017,False,1
CO1.PCCNTR.139406,Cerrado,2017-05-02,2017-04-19,2018-09-14,Prestación de servicios,Contratación directa (con ofertas),No definido,0,78666974.0,77426146.0,1240828.0,No,No,Mujer,513.0,2017-05-02,2017,False,1
CO1.PCCNTR.5426887,Cerrado,2023-10-04,2023-10-04,2024-02-18,Prestación de servicios,Contratación directa,90 Dia(s),0,21281736.0,20099417.0,1182319.0,No,No,Mujer,137.0,2023-10-04,2023,False,1
CO1.PCCNTR.125010,Cerrado,2017-04-03,2017-03-15,2018-02-28,Prestación de servicios,Contratación directa (con ofertas),No definido,0,59595672.0,45583091.0,14012580.0,No,No,No definido,350.0,2017-04-03,2017,False,1
CO1.PCCNTR.1445228,Cerrado,2020-04-08,2020-03-12,2021-02-28,Prestación de servicios,Contratación directa,Dia(s),0,147579937.0,145085628.0,2494308.0,No,No,No definido,353.0,2020-04-08,2020,False,1
CO1.PCCNTR.8731611,Modificado,2025-12-24,2025-12-29,2026-10-31,Prestación de servicios,Contratación directa,302 Dia(s),92,75864058.0,45709890.0,30154168.0,No,No,No definido,306.0,2025-12-24,2025,False,1
CO1.PCCNTR.4120487,Cerrado,2022-10-28,2022-10-28,2022-12-15,Prestación de servicios,Contratación directa,64 Dia(s),0,13182340.0,12227098.0,955242.0,No,No,No definido,48.0,2022-10-28,2022,False,1
CO1.PCCNTR.8549011,Modificado,2025-11-10,2025-11-25,2026-12-31,Prestación de servicios,Contratación directa,398 Dia(s),152,237754667.0,129214493.0,108540174.0,No,No,No definido,401.0,2025-11-10,2025,False,1
CO1.PCCNTR.7464750,En ejecución,2025-02-13,2025-02-17,2025-11-16,Prestación de servicios,Contratación directa,9 Mes(es),0,39006000.0,38717067.0,288933.0,No,No,Mujer,272.0,2025-02-13,2025,False,1
CO1.PCCNTR.262931,Cerrado,2018-01-11,2017-12-29,2018-12-28,Prestación de servicios,Contratación directa (con ofertas),No definido,0,6024970.0,0.0,6024970.0,Si,No,Hombre,364.0,2018-01-11,2018,False,1
CO1.PCCNTR.4201283,Cerrado,2022-11-25,2022-11-25,2023-08-31,Prestación de servicios,Contratación directa,295 Dia(s),0,148526000.0,144565307.0,3960693.0,No,No,No definido,279.0,2022-11-25,2022,False,1
CO1.PCCNTR.85607,Cerrado,2017-01-17,2016-11-24,2017-12-31,Prestación de servicios,Contratación directa (con ofertas),No definido,0,83587185.0,0.0,83587185.0,No,No,Mujer,402.0,2017-01-17,2017,False,1
CO1.PCCNTR.2348214,Cerrado,2021-03-23,2021-03-23,2021-07-10,Prestación de servicios,Contratación directa,120 Dia(s),0,85680000.0,56406000.0,29274000.0,No,No,No definido,109.0,2021-03-23,2021,False,1
CO1.PCCNTR.7326143,En ejecución,2025-01-27,2025-01-30,2025-10-29,Prestación de servicios,Contratación directa,9 Mes(es),0,62712000.0,62712000.0,0.0,No,No,Mujer,272.0,2025-01-27,2025,False,1
CO1.PCCNTR.519970,Cerrado,2018-08-17,2018-08-10,2019-03-14,Prestación de servicios,Contratación directa,No definido,0,62419871.0,60460503.0,1959368.0,No,No,Hombre,216.0,2018-08-17,2018,False,1
CO1.PCCNTR.7207614,Cerrado,2025-01-09,2025-01-10,2025-10-09,Prestación de servicios,Contratación directa,270 Dia(s),0,104484114.0,104484114.0,0.0,No,No,No definido,272.0,2025-01-09,2025,False,1
CO1.PCCNTR.3754334,Cerrado,2022-07-14,2022-07-14,2022-12-15,Compraventa,Selección abreviada subasta inversa,161 Dia(s),0,1499868187.0,1499868187.0,0.0,No,Si,No definido,154.0,2022-07-14,2022,False,0
CO1.PCCNTR.3067015,Cerrado,2021-12-06,2021-12-06,2022-12-15,Prestación de servicios,Contratación directa,249 Dia(s),0,51307376.0,50384107.0,923269.0,No,No,Mujer,374.0,2021-12-06,2021,False,1
CO1.PCCNTR.814412,Cerrado,2019-03-28,2019-02-05,2019-12-31,Prestación de servicios,Contratación directa,No definido,0,141558204.0,69499962.0,72058242.0,No,No,Mujer,329.0,2019-03-28,2019,False,1
CO1.PCCNTR.5561305,Cerrado,2023-11-21,2023-11-21,2024-06-30,Prestación de servicios,Contratación directa,226 Dia(s),0,72062193.0,69577290.0,2484903.0,No,No,No definido,222.0,2023-11-21,2023,False,1
CO1.PCCNTR.6619388,En ejecución,2024-08-09,2024-08-13,2024-12-31,Prestación de servicios,Contratación directa,142 Dia(s),0,27974000.0,27186000.0,788000.0,No,No,Mujer,140.0,2024-08-09,2024,False,1
CO1.PCCNTR.863359,Cerrado,2019-04-03,2019-02-26,2019-12-31,Prestación de servicios,Contratación directa,No definido,0,59154642.0,56886732.0,2267910.0,No,No,No definido,308.0,2019-04-03,2019,False,1
CO1.PCCNTR.146701,Cerrado,2017-07-25,2017-05-11,2017-12-31,Prestación de servicios,Contratación directa (con ofertas),Dia(s),0,39833333.0,38500000.0,1333333.0,No,No,No definido,234.0,2017-07-25,2017,False,1
CO1.PCCNTR.9715909,Aprobado,2026-08-05,,2026-12-31,Prestación de servicios,Contratación directa,148 Dia(s),0,22451600.0,0.0,22451600.0,No,No,Hombre,,2026-08-05,2026,False,1
CO1.PCCNTR.7313355,Cerrado,2025-01-24,2025-01-30,2025-09-29,Prestación de servicios,Contratación directa,8 Mes(es),0,48192000.0,48192000.0,0.0,No,No,Mujer,242.0,2025-01-24,2025,False,1
CO1.PCCNTR.7695345,Cerrado,2025-03-27,2025-04-01,2025-11-30,Prestación de servicios,Contratación directa,8 Mes(es),2,36193936.0,36193936.0,0.0,No,No,No definido,243.0,2025-03-27,2025,False,1
CO1.PCCNTR.7173678,Cerrado,2024-12-26,2024-12-30,2025-06-30,Prestación de servicios,Contratación directa,183 Dia(s),0,49866667.0,48266667.0,1600000.0,No,No,Mujer,182.0,2024-12-26,2024,False,1
CO1.PCCNTR.8593308,Modificado,2025-11-20,2025-12-22,2026-10-31,Prestación de servicios,Contratación directa,313 Dia(s),92,87057627.0,52883856.0,34173771.0,No,No,Mujer,313.0,2025-11-20,2025,False,1
CO1.PCCNTR.664858,Cerrado,2018-12-26,2018-12-05,2019-12-31,Prestación de servicios,Contratación directa,No definido,0,79974592.0,76200000.0,3774592.0,No,No,No definido,391.0,2018-12-26,2018,False,1
CO1.PCCNTR.664010,Cerrado,2018-12-17,2018-11-26,2018-12-31,Prestación de servicios,Contratación directa,No definido,0,15626982.0,11394675.0,4232307.0,No,No,No definido,35.0,2018-12-17,2018,False,1
CO1.PCCNTR.6490985,Cerrado,2024-07-04,2024-07-09,2024-12-31,Prestación de servicios,Contratación directa,176 Dia(s),0,37590000.0,36120000.0,1470000.0,No,No,Mujer,175.0,2024-07-04,2024,False,1
CO1.PCCNTR.249623,Cerrado,2017-12-14,2017-12-07,2018-07-31,Prestación de servicios,Contratación directa (con ofertas),No definido,0,52998000.0,50568925.0,2429075.0,No,No,Mujer,236.0,2017-12-14,2017,False,1
CO1.PCCNTR.7378318,En ejecución,2025-02-10,2025-02-12,2025-12-11,Prestación de servicios,Contratación directa,10 Mes(es),0,81160000.0,80618934.0,541066.0,No,No,Hombre,302.0,2025-02-10,2025,False,1
CO1.PCCNTR.299579,Cerrado,2018-02-06,2018-01-19,2018-12-31,Prestación de servicios,Contratación directa,No definido,0,43016185.0,42518888.0,497297.0,No,No,Hombre,346.0,2018-02-06,2018,False,1
CO1.PCCNTR.4522410,Cerrado,2023-01-31,2023-01-31,2023-05-31,Prestación de servicios,Contratación directa,4 Mes(es),0,63660492.0,63660492.0,0.0,No,No,No definido,120.0,2023-01-31,2023,False,1
CO1.PCCNTR.6515677,Modificado,2024-07-24,2024-08-02,2026-11-30,Prestación de servicios,Mínima cuantía,25 Mes(es),122,63170000.0,31080000.0,32090000.0,Si,No,Hombre,850.0,2024-07-24,2024,False,0
CO1.PCCNTR.2416447,Cerrado,2021-05-03,2021-05-03,2022-10-08,Prestación de servicios,Contratación directa,365 Dia(s),0,227557299.0,227557297.0,2.0,Si,No,Mujer,523.0,2021-05-03,2021,False,1
CO1.PCCNTR.535676,Cerrado,2018-09-03,2018-08-21,2019-02-28,Prestación de servicios,Contratación directa,No definido,0,25697247.0,25426749.0,270498.0,No,No,No definido,191.0,2018-09-03,2018,False,1
CO1.PCCNTR.1326225,Cerrado,2020-02-11,2020-01-29,2020-12-31,Prestación de servicios,Contratación directa,Dia(s),0,170517380.0,26002650.0,144514730.0,No,No,Mujer,337.0,2020-02-11,2020,False,1
CO1.PCCNTR.5500069,Cerrado,2023-11-07,2023-11-07,2024-06-30,Prestación de servicios,Contratación directa,244 Dia(s),0,51873333.0,49600000.0,2273333.0,No,No,No definido,236.0,2023-11-07,2023,False,1
CO1.PCCNTR.3866032,Cerrado,2022-08-22,2022-08-22,2024-10-31,Prestación de servicios,Contratación directa,27 Mes(es),0,49900000.0,0.0,49900000.0,No,No,No definido,801.0,2022-08-22,2022,False,1
CO1.PCCNTR.8705683,Modificado,2025-12-19,2025-12-23,2026-10-31,Prestación de servicios,Contratación directa,376 Dia(s),91,52408333.0,31191667.0,21216666.0,No,No,Hombre,312.0,2025-12-19,2025,False,1
CO1.PCCNTR.625102,Cerrado,2018-11-13,2018-11-07,2018-12-31,Consultoría,Concurso de méritos abierto,No definido,0,248499999.0,210022580.0,38477419.0,Si,No,Hombre,54.0,2018-11-13,2018,False,0
CO1.PCCNTR.7713282,Cerrado,2025-03-28,2025-04-04,2025-12-03,Prestación de servicios,Contratación directa,8 Mes(es),0,100261168.0,100261168.0,0.0,No,No,No definido,243.0,2025-03-28,2025,False,1
CO1.PCCNTR.307617,Cerrado,2018-01-28,2018-01-18,2018-10-31,Prestación de servicios,Contratación directa,No definido,0,101810971.0,101452481.0,358490.0,No,No,No definido,286.0,2018-01-28,2018,False,1
CO1.PCCNTR.2555054,Cerrado,2021-07-09,2021-07-09,2022-10-20,Prestación de servicios,Contratación directa,336 Dia(s),0,124382832.0,123642458.0,740374.0,No,No,No definido,468.0,2021-07-09,2021,False,1
CO1.PCCNTR.6504223,Cerrado,2024-07-11,2024-07-17,2024-12-31,Prestación de servicios,Contratación directa,173 Dia(s),0,58437533.0,53540533.0,4897000.0,No,No,No definido,167.0,2024-07-11,2024,False,1
CO1.PCCNTR.872703,Cerrado,2019-04-03,2019-03-01,2019-12-31,Prestación de servicios,Contratación directa,No definido,0,30600000.0,30000000.0,600000.0,No,No,Hombre,305.0,2019-04-03,2019,False,1
CO1.PCCNTR.4661831,Cerrado,2023-02-23,2023-02-23,2023-06-20,Prestación de servicios,Contratación directa,4 Mes(es),0,16302296.0,16030591.0,271705.0,No,No,No definido,117.0,2023-02-23,2023,False,1
CO1.PCCNTR.1642682,Cerrado,2020-07-07,2020-07-07,2021-04-09,Prestación de servicios,Contratación directa,196 Dia(s),0,88357444.0,86598770.0,1758673.0,No,No,Hombre,276.0,2020-07-07,2020,False,1
CO1.PCCNTR.1449886,Cerrado,2020-04-16,2020-03-16,2020-12-31,Prestación de servicios,Contratación directa,Dia(s),0,186718356.0,80998854.0,105719501.0,No,No,No definido,290.0,2020-04-16,2020,False,1
CO1.PCCNTR.3952809,Cerrado,2022-09-15,2022-09-15,2022-12-15,Compraventa,Selección abreviada subasta inversa,135 Dia(s),0,356204426.59,356204426.0,0.0,Si,No,Hombre,91.0,2022-09-15,2022,False,0
CO1.PCCNTR.5892296,Cerrado,2024-02-06,2024-02-08,2024-12-31,Prestación de servicios,Contratación directa,323 Dia(s),0,96193341.0,95895528.0,297813.0,No,No,No definido,327.0,2024-02-06,2024,False,1
CO1.PCCNTR.7771156,Cedido,2025-04-11,2025-04-21,2025-10-31,Prestación de servicios,Contratación directa,197 Dia(s),0,104721000.0,97948000.0,6772999.0,No,No,Mujer,193.0,2025-04-11,2025,False,1
CO1.PCCNTR.5575209,Cerrado,2023-12-07,2023-12-27,2024-12-26,Seguros,Mínima cuantía,1 Año(s),0,14683900.0,14683900.0,0.0,No,No,Mujer,365.0,2023-12-07,2023,False,0
CO1.PCCNTR.7635791,Cerrado,2025-03-13,2025-03-19,2025-11-18,Prestación de servicios,Contratación directa,8 Mes(es),5,51611392.0,51611392.0,0.0,No,No,No definido,244.0,2025-03-13,2025,False,1
CO1.PCCNTR.588062,Cerrado,2018-10-18,2018-10-02,2022-07-31,Otro,Contratación directa (con ofertas),Dia(s),0,611464605.0,334553742.0,276910863.0,No,No,No definido,1398.0,2018-10-18,2018,False,1
CO1.PCCNTR.5369812,Cerrado,2023-09-13,2023-09-13,2024-12-31,Prestación de servicios,Contratación directa,474 Dia(s),0,122013632.0,119217486.0,2796146.0,No,No,Mujer,475.0,2023-09-13,2023,False,1
CO1.PCCNTR.3551466,Cerrado,2022-02-07,2022-02-07,2023-04-30,Prestación de servicios,Contratación directa,334 Dia(s),0,382585812.0,380673812.0,1912000.0,Si,No,Hombre,447.0,2022-02-07,2022,False,1
CO1.PCCNTR.2225129,Cerrado,2021-02-20,2021-02-20,2021-12-31,Prestación de servicios,Contratación directa,330 Dia(s),0,50154133.0,49096667.0,1057466.0,No,No,No definido,314.0,2021-02-20,2021,False,1
CO1.PCCNTR.1326307,Cerrado,2020-02-11,2020-01-29,2020-12-31,Prestación de servicios,Contratación directa,Dia(s),0,88426506.0,86092669.0,2333837.0,No,No,No definido,337.0,2020-02-11,2020,False,1
CO1.PCCNTR.6699072,Modificado,2024-08-29,2024-09-04,2025-02-28,Prestación de servicios,Contratación directa,182 Dia(s),59,48533333.0,47200000.0,1333333.0,No,No,Mujer,177.0,2024-08-29,2024,False,1
CO1.PCCNTR.594955,Cerrado,2018-11-29,2018-10-18,2019-09-30,Otro,Contratación directa (con ofertas),No definido,0,182955344.0,147519141.0,35436203.0,Si,No,No definido,347.0,2018-11-29,2018,False,1
CO1.PCCNTR.4201720,Cerrado,2022-11-24,2022-11-24,2023-12-31,Prestación de servicios,Contratación directa,295 Dia(s),0,122730541.0,120968858.0,1761683.0,No,No,Mujer,402.0,2022-11-24,2022,False,1
CO1.PCCNTR.5596701,Cerrado,2023-11-29,2023-11-29,2023-12-31,Prestación de servicios,Contratación directa,34 Dia(s),0,7596667.0,4873333.0,2723334.0,No,No,Mujer,32.0,2023-11-29,2023,False,1
CO1.PCCNTR.6513342,Cerrado,2024-07-11,2024-07-17,2025-01-31,Prestación de servicios,Contratación directa,194 Dia(s),0,57516667.0,52983334.0,4533333.0,No,No,Mujer,198.0,2024-07-11,2024,False,1
CO1.PCCNTR.3552482,Cerrado,2022-02-07,2022-02-07,2023-04-30,Prestación de servicios,Contratación directa,334 Dia(s),0,132880000.0,132000000.0,880000.0,No,No,Mujer,447.0,2022-02-07,2022,False,1
CO1.PCCNTR.3096019,Cerrado,2021-12-13,2021-12-13,2022-12-09,Prestación de servicios,Contratación directa,237 Dia(s),0,38007000.0,37153000.0,854000.0,No,No,Mujer,361.0,2021-12-13,2021,False,1
CO1.PCCNTR.250434,Cerrado,2017-12-29,2017-12-21,2018-09-15,Prestación de servicios,Selección abreviada subasta inversa,No definido,0,549270051.0,539098385.0,10171665.0,No,Si,No definido,268.0,2017-12-29,2017,False,0
CO1.PCCNTR.813934,Cerrado,2019-03-22,2019-02-06,2020-02-29,Prestación de servicios,Contratación directa,No definido,0,50197155.0,49044669.0,1152486.0,No,No,No definido,388.0,2019-03-22,2019,False,1
CO1.PCCNTR.4712003,Cerrado,2023-03-13,2023-03-13,2023-07-01,Prestación de servicios,Contratación directa,4 Mes(es),0,17734780.0,17734780.0,0.0,No,No,Mujer,110.0,2023-03-13,2023,False,1
CO1.PCCNTR.689278,Cerrado,2018-12-26,2018-12-18,2020-03-31,Otro,Contratación directa (con ofertas),Dia(s),0,1428613126.0,1056868772.0,371744354.0,No,No,Hombre,469.0,2018-12-26,2018,False,1
CO1.PCCNTR.71305,Cerrado,2016-10-17,2016-10-06,2017-09-29,Prestación de servicios,Contratación directa (con ofertas),Dia(s),0,47694439.0,3339947.0,44354492.0,No,No,No definido,358.0,2016-10-17,2016,False,1
CO1.PCCNTR.237739,Cerrado,2017-12-13,2017-11-27,2018-11-26,Suministros,Contratación directa (con ofertas),No definido,0,1292988.0,1292988.0,0.0,No,No,Hombre,364.0,2017-12-13,2017,False,1
CO1.PCCNTR.3337154,Cerrado,2022-01-31,2022-01-31,2022-12-31,Prestación de servicios,Contratación directa,345 Dia(s),0,57118987.0,56620856.0,498131.0,No,No,No definido,334.0,2022-01-31,2022,False,1
CO1.PCCNTR.7513776,Cerrado,2025-02-19,2025-02-21,2025-10-20,Prestación de servicios,Contratación directa,8 Mes(es),0,71824000.0,71225465.0,598535.0,No,No,Hombre,241.0,2025-02-19,2025,False,1
CO1.PCCNTR.5378366,Cerrado,2023-09-15,2023-09-15,2023-12-31,Prestación de servicios,Contratación directa,109 Dia(s),0,21527000.0,20205167.0,1321833.0,No,No,Mujer,107.0,2023-09-15,2023,False,1
CO1.PCCNTR.5880383,Cerrado,2024-02-05,2024-02-07,2024-12-31,Prestación de servicios,Contratación directa,324 Dia(s),0,99385888.0,95398182.0,3987706.0,No,No,No definido,328.0,2024-02-05,2024,False,1
CO1.PCCNTR.208603,Cerrado,2017-10-18,2017-10-10,2017-12-15,Prestación de servicios,Selección abreviada subasta inversa,No definido,0,64804000.0,64804000.0,0.0,Si,No,No definido,66.0,2017-10-18,2017,False,0
CO1.PCCNTR.7702748,Cerrado,2025-03-28,2025-04-04,2025-12-03,Prestación de servicios,Contratación directa,8 Mes(es),0,33605088.0,33605088.0,0.0,No,No,No definido,243.0,2025-03-28,2025,False,1
CO1.PCCNTR.7364546,Cerrado,2025-01-30,2025-02-04,2025-10-03,Prestación de servicios,Contratación directa,8 Mes(es),0,84160000.0,83458666.0,701334.0,No,No,No definido,241.0,2025-01-30,2025,False,1
CO1.PCCNTR.207718,Cerrado,2017-10-18,2017-10-06,2017-12-31,Prestación de servicios,Contratación directa (con ofertas),No definido,0,11935126.0,10194587.0,1740539.0,No,No,Hombre,86.0,2017-10-18,2017,False,1
CO1.PCCNTR.3352640,Cerrado,2022-02-02,2022-02-02,2022-12-31,Prestación de servicios,Contratación directa,344 Dia(s),0,76500000.0,74970000.0,1530000.0,No,No,No definido,332.0,2022-02-02,2022,False,1
CO1.PCCNTR.1924949,Cerrado,2020-11-09,2020-11-11,2021-09-30,Prestación de servicios,Contratación directa,349 Dia(s),0,68251893.0,66921817.0,1330075.0,No,No,Hombre,323.0,2020-11-09,2020,False,1
CO1.PCCNTR.7489653,Cerrado,2025-02-17,2025-02-20,2025-10-19,Prestación de servicios,Contratación directa,8 Mes(es),0,68344000.0,67774467.0,569533.0,No,No,Hombre,241.0,2025-02-17,2025,False,1
CO1.PCCNTR.140602,Cerrado,2017-05-02,2017-04-19,2018-06-02,Prestación de servicios,Contratación directa (con ofertas),No definido,0,47854838.0,47576610.0,278227.0,No,No,No definido,409.0,2017-05-02,2017,False,1
CO1.PCCNTR.520340,Cancelado,,2018-08-09,2018-12-31,Prestación de servicios,Contratación directa,No definido,0,35140990.0,0.0,35140990.0,No,No,No definido,144.0,2018-08-09,2018,False,1
CO1.PCCNTR.7530418,Cerrado,2025-02-24,2025-02-26,2025-10-25,Prestación de servicios,Contratación directa,8 Mes(es),0,73984000.0,73367467.0,616533.0,No,No,Mujer,241.0,2025-02-24,2025,False,1
CO1.PCCNTR.5190919,Cerrado,2023-07-14,2023-07-14,2023-12-31,Prestación de servicios,Contratación directa,179 Dia(s),0,86560470.0,81881526.0,4678944.0,No,No,No definido,170.0,2023-07-14,2023,False,1
CO1.PCCNTR.136204,Cerrado,2017-05-02,2017-04-19,2018-04-30,Prestación de servicios,Contratación directa (con ofertas),No definido,0,110745682.0,106801114.0,3944568.0,No,No,No definido,376.0,2017-05-02,2017,False,1
CO1.PCCNTR.3131319,Cerrado,2021-12-31,2021-12-31,2021-12-31,Compraventa,Selección abreviada subasta inversa,3 Dia(s),0,224287840.0,224287840.0,0.0,Si,No,No definido,0.0,2021-12-31,2021,False,0
CO1.PCCNTR.840963,Cerrado,2019-04-03,2019-02-14,2019-12-31,Prestación de servicios,Contratación directa,No definido,0,28800000.0,28350000.0,450000.0,No,No,No definido,320.0,2019-04-03,2019,False,1
CO1.PCCNTR.706301,Cerrado,2019-01-16,2018-12-27,2019-11-20,Prestación de servicios,Contratación directa,No definido,0,69361182.0,67889884.0,1471298.0,No,No,No definido,328.0,2019-01-16,2019,False,1
CO1.PCCNTR.8244426,En ejecución,2025-09-03,2025-09-05,2026-07-31,Prestación de servicios,Contratación directa,332 Dia(s),0,61141983.0,37251483.0,23890500.0,No,No,Hombre,329.0,2025-09-03,2025,False,1
CO1.PCCNTR.1589617,Cerrado,2020-06-25,2020-06-25,2020-12-31,Compraventa,Mínima cuantía,207 Dia(s),0,30800000.0,4708255.0,26091745.0,No,No,Hombre,189.0,2020-06-25,2020,False,0
CO1.PCCNTR.9149685,En ejecución,2026-01-27,2026-01-29,2026-12-31,Prestación de servicios,Contratación directa,334 Dia(s),0,77402997.0,35225316.0,42177681.0,No,No,Hombre,336.0,2026-01-27,2026,False,1
CO1.PCCNTR.3539939,Cerrado,2022-02-03,2022-02-03,2022-12-31,Prestación de servicios,Contratación directa,338 Dia(s),0,28615635.0,28113273.0,502361.0,No,No,Hombre,331.0,2022-02-03,2022,False,1
CO1.PCCNTR.7008380,Modificado,2024-11-13,2024-11-20,2026-11-30,Prestación de servicios,Contratación directa,747 Dia(s),122,334671702.0,223353066.0,111318635.0,No,No,No definido,740.0,2024-11-13,2024,False,1
CO1.PCCNTR.3913631,Cerrado,2022-08-22,2022-08-22,2022-09-15,Prestación de servicios,Contratación directa,35 Dia(s),0,18813293.0,17327933.0,1485360.0,No,No,No definido,24.0,2022-08-22,2022,False,1
CO1.PCCNTR.4359774,Cerrado,2023-01-11,2023-01-11,2023-08-31,Prestación de servicios,Contratación directa,244 Dia(s),0,28233333.0,25550000.0,2683333.0,No,No,No definido,232.0,2023-01-11,2023,False,1
CO1.PCCNTR.1703826,Cerrado,2020-08-12,2020-08-12,2020-12-31,Compraventa,Mínima cuantía,152 Dia(s),0,48646256.0,41537664.0,7108592.0,Si,No,Hombre,141.0,2020-08-12,2020,False,0
CO1.PCCNTR.8499884,En ejecución,2025-10-30,2025-11-25,2026-07-31,Prestación de servicios,Contratación directa,246 Dia(s),0,80361051.0,70492150.0,9868901.0,No,No,No definido,248.0,2025-10-30,2025,False,1
CO1.PCCNTR.157604,Cerrado,2017-07-14,2017-05-31,2017-12-31,Prestación de servicios,Mínima cuantía,No definido,0,5174400.0,856800.0,4317600.0,Si,No,Hombre,214.0,2017-07-14,2017,False,0
CO1.PCCNTR.4205283,Cerrado,2022-11-24,2022-11-24,2023-08-31,Prestación de servicios,Contratación directa,294 Dia(s),0,53639507.0,52399908.0,1239599.0,No,No,No definido,280.0,2022-11-24,2022,False,1
CO1.PCCNTR.976312,Cerrado,2019-06-28,2019-06-07,2020-06-07,Prestación de servicios,Selección abreviada subasta inversa,Dia(s),0,197358200.0,192560372.0,4797828.0,Si,No,Mujer,366.0,2019-06-28,2019,False,0
CO1.PCCNTR.4742472,Cerrado,2023-03-09,2023-03-09,2023-12-31,Prestación de servicios,Contratación directa,298 Dia(s),0,68902580.0,67294853.0,1607727.0,No,No,Hombre,297.0,2023-03-09,2023,False,1
CO1.PCCNTR.3551160,Cerrado,2022-02-07,2022-02-07,2022-12-31,Prestación de servicios,Contratación directa,338 Dia(s),0,78033043.0,77568561.0,464482.0,No,No,Mujer,327.0,2022-02-07,2022,False,1
CO1.PCCNTR.112509,Cerrado,2017-02-22,2017-02-14,2017-12-31,Prestación de servicios,Contratación directa (con ofertas),No definido,0,36059991.0,34530173.0,1529818.0,No,No,Mujer,320.0,2017-02-22,2017,False,1
CO1.PCCNTR.4440010,Cerrado,2023-01-20,2023-01-20,2023-11-30,Prestación de servicios,Contratación directa,315 Dia(s),0,51631356.0,49664448.0,1966908.0,No,No,Mujer,314.0,2023-01-20,2023,False,1
CO1.PCCNTR.520219,Cerrado,2018-08-17,2018-08-09,2018-12-31,Prestación de servicios,Contratación directa,No definido,0,43661540.0,41332924.0,2328616.0,No,No,Mujer,144.0,2018-08-17,2018,False,1
CO1.PCCNTR.8694509,Modificado,2025-12-18,2025-12-22,2026-10-31,Prestación de servicios,Contratación directa,313 Dia(s),92,58562700.0,39987840.0,18574860.0,No,No,Hombre,313.0,2025-12-18,2025,False,1
CO1.PCCNTR.109665,Cerrado,2017-02-11,2017-02-03,2017-12-31,Prestación de servicios,Contratación directa (con ofertas),No definido,0,81290634.0,78404576.0,2886058.0,No,No,Hombre,331.0,2017-02-11,2017,False,1
CO1.PCCNTR.5111181,Cerrado,2023-06-23,2023-06-23,2023-12-31,Prestación de servicios,Contratación directa,193 Dia(s),0,107098170.0,103819654.0,3278516.0,No,No,Mujer,191.0,2023-06-23,2023,False,1
CO1.PCCNTR.121703,Cerrado,2017-03-22,2017-03-06,2017-11-30,Prestación de servicios,Contratación directa (con ofertas),No definido,0,71799532.0,70995805.0,803727.0,No,No,Hombre,269.0,2017-03-22,2017,False,1
CO1.PCCNTR.2021846,Cerrado,2020-12-17,2020-12-17,2021-10-31,Prestación de servicios,Contratación directa,340 Dia(s),0,205945320.0,205945320.0,0.0,No,No,Mujer,318.0,2020-12-17,2020,False,1
CO1.PCCNTR.301183,Cerrado,2018-01-28,2018-01-18,2018-12-31,Prestación de servicios,Contratación directa,No definido,0,88810527.0,56011185.0,32799342.0,No,No,No definido,347.0,2018-01-28,2018,False,1
CO1.PCCNTR.9098673,Cedido,2026-01-25,2026-01-28,2026-12-31,Prestación de servicios,Contratación directa,338 Dia(s),0,96900000.0,43349999.0,53550001.0,No,No,Hombre,337.0,2026-01-25,2026,False,1
CO1.PCCNTR.149309,Cerrado,2017-07-25,2017-05-22,2018-08-31,Prestación de servicios,Contratación directa (con ofertas),No definido,0,76523443.0,73168553.0,3354890.0,No,No,Mujer,466.0,2017-07-25,2017,False,1
CO1.PCCNTR.2218742,Cerrado,2021-02-20,2021-02-20,2021-11-30,Prestación de servicios,Contratación directa,331 Dia(s),0,30600000.0,29500000.0,1100000.0,No,No,Hombre,283.0,2021-02-20,2021,False,1
CO1.PCCNTR.8512365,Modificado,2025-11-07,2025-11-12,2026-11-30,Prestación de servicios,Contratación directa,383 Dia(s),122,71623667.0,41729333.0,29894334.0,No,No,Hombre,383.0,2025-11-07,2025,False,1
CO1.PCCNTR.7545842,Cerrado,2025-02-24,2025-02-26,2025-10-25,Prestación de servicios,Contratación directa,8 Mes(es),0,67448000.0,66885933.0,562067.0,No,No,Mujer,241.0,2025-02-24,2025,False,1
CO1.PCCNTR.4350045,Cerrado,2022-12-30,2022-12-30,2023-08-31,Prestación de servicios,Contratación directa,248 Dia(s),0,61697833.0,60463877.0,1233956.0,No,No,Mujer,244.0,2022-12-30,2022,False,1
CO1.PCCNTR.55302,Cerrado,2016-08-18,2016-08-08,2017-07-02,Prestación de servicios,Mínima cuantía,No definido,0,28265002.78,0.0,28265002.0,Si,No,No definido,328.0,2016-08-18,2016,False,0
CO1.PCCNTR.8632719,Modificado,2025-11-27,2025-12-02,2026-10-31,Prestación de servicios,Contratación directa,333 Dia(s),91,51430133.0,31493733.0,19936400.0,No,No,Mujer,333.0,2025-11-27,2025,False,1
CO1.PCCNTR.122025,Cerrado,2017-04-03,2017-03-08,2017-12-31,Prestación de servicios,Contratación directa (con ofertas),No definido,0,42396258.0,41823335.0,572923.0,No,No,No definido,298.0,2017-04-03,2017,False,1
CO1.PCCNTR.9041667,En ejecución,2026-01-24,2026-01-27,2026-12-31,Prestación de servicios,Contratación directa,339 Dia(s),0,131361300.0,46806900.0,84554400.0,No,No,Hombre,338.0,2026-01-24,2026,False,1
CO1.PCCNTR.450119,Cerrado,2018-07-12,2018-06-18,2018-11-30,Prestación de servicios,Contratación directa,No definido,0,43539234.0,43005011.0,534223.0,No,No,No definido,165.0,2018-07-12,2018,False,1
CO1.PCCNTR.509611,Cerrado,2018-08-23,2018-08-02,2018-12-31,Prestación de servicios,Contratación directa,No definido,0,51984100.0,51736557.0,247543.0,No,No,No definido,151.0,2018-08-23,2018,False,1
CO1.PCCNTR.7457836,En ejecución,2025-02-13,2025-02-17,2025-10-16,Prestación de servicios,Contratación directa,8 Mes(es),0,101712000.0,100864400.0,847600.0,No,No,Mujer,241.0,2025-02-13,2025,False,1
CO1.PCCNTR.225835,Cerrado,2017-11-16,2017-11-10,2017-12-27,Prestación de servicios,Mínima cuantía,Dia(s),0,19970135.0,19970135.0,0.0,Si,No,Hombre,47.0,2017-11-16,2017,False,0
CO1.PCCNTR.2524823,Cerrado,2021-05-27,2021-05-27,2021-11-16,Prestación de servicios,Contratación directa,181 Dia(s),0,31000000.0,29666667.0,1333333.0,No,No,No definido,173.0,2021-05-27,2021,False,1
CO1.PCCNTR.2370182,Cerrado,2021-04-06,2021-04-06,2021-11-30,Prestación de servicios,Contratación directa,256 Dia(s),0,108994600.0,105640920.0,3353680.0,No,No,No definido,238.0,2021-04-06,2021,False,1
CO1.PCCNTR.7376429,En ejecución,2025-02-04,2025-02-07,2025-10-06,Prestación de servicios,Contratación directa,8 Mes(es),0,101712000.0,100864400.0,847600.0,No,No,Hombre,241.0,2025-02-04,2025,False,1
CO1.PCCNTR.5828409,Cerrado,2024-01-29,2024-02-01,2024-12-31,Prestación de servicios,Contratación directa,11 Mes(es),0,88165000.0,88165000.0,0.0,No,No,No definido,334.0,2024-01-29,2024,False,1
CO1.PCCNTR.1445596,Cerrado,2020-04-08,2020-03-13,2021-02-28,Prestación de servicios,Contratación directa,Dia(s),0,102885591.0,100856861.0,2028730.0,No,No,Mujer,352.0,2020-04-08,2020,False,1
CO1.PCCNTR.710764,Cerrado,2019-01-25,2018-12-28,2019-11-20,Prestación de servicios,Contratación directa,No definido,0,125511529.0,122516829.0,2994700.0,No,No,Mujer,327.0,2019-01-25,2019,False,1
CO1.PCCNTR.8720602,Modificado,2025-12-19,2025-12-24,2026-10-31,Prestación de servicios,Contratación directa,311 Dia(s),92,34214400.0,20697600.0,13516800.0,No,No,Mujer,311.0,2025-12-19,2025,False,1
CO1.PCCNTR.8170908,Cerrado,2025-08-08,2025-08-12,2025-12-31,Prestación de servicios,Contratación directa,143 Dia(s),0,63580000.0,58917467.0,4662533.0,No,No,Hombre,141.0,2025-08-08,2025,False,1
CO1.PCCNTR.5658064,En ejecución,2023-12-18,2023-12-18,2024-11-30,Prestación de servicios,Contratación directa,353 Dia(s),0,192781081.0,192781081.0,0.0,Si,No,Mujer,348.0,2023-12-18,2023,False,1
CO1.PCCNTR.7059540,En ejecución,2024-11-29,2024-12-09,2024-12-13,Compraventa,Mínima cuantía,15 Dia(s),0,10953000.0,10953000.0,0.0,Si,No,Hombre,4.0,2024-11-29,2024,False,0
CO1.PCCNTR.5059589,Cerrado,2023-06-14,2023-06-14,2025-12-31,Prestación de servicios,Contratación directa,937 Dia(s),0,6372110.0,1110418.0,5261692.0,No,No,Hombre,931.0,2023-06-14,2023,False,1
CO1.PCCNTR.5209074,Cerrado,2023-07-14,2023-07-14,2023-12-31,Prestación de servicios,Contratación directa,173 Dia(s),0,36892386.0,34085357.0,2807029.0,No,No,No definido,170.0,2023-07-14,2023,False,1
CO1.PCCNTR.660925,Cerrado,2018-12-12,2018-11-22,2018-12-31,Prestación de servicios,Contratación directa,No definido,0,5967563.0,4848645.0,1118918.0,No,No,No definido,39.0,2018-12-12,2018,False,1
CO1.PCCNTR.1266281,Cerrado,2020-01-13,2019-12-31,2021-12-31,Prestación de servicios,Selección abreviada de menor cuantía,Dia(s),0,993648000.0,991882199.0,1765800.0,Si,No,Hombre,731.0,2020-01-13,2020,False,0
CO1.PCCNTR.8408527,En ejecución,2025-10-16,2025-11-04,2026-07-31,Prestación de servicios,Contratación directa,269 Dia(s),0,74888000.0,57886400.0,17001600.0,No,No,No definido,269.0,2025-10-16,2025,False,1
CO1.PCCNTR.6533652,En ejecución,2024-07-17,2024-07-29,2024-11-30,Prestación de servicios,Contratación directa,135 Dia(s),0,16373448.0,16373448.0,0.0,Si,No,Hombre,124.0,2024-07-17,2024,False,1
CO1.PCCNTR.1325600,Cerrado,2020-02-11,2020-01-28,2020-12-31,Prestación de servicios,Contratación directa,Dia(s),0,114347189.0,111664557.0,2682632.0,No,No,No definido,338.0,2020-02-11,2020,False,1
CO1.PCCNTR.1783082,Cerrado,2020-09-18,2020-09-18,2020-12-10,Compraventa,Mínima cuantía,3 Mes(es),10,72071000.0,72071000.0,0.0,Si,No,Mujer,83.0,2020-09-18,2020,False,0
CO1.PCCNTR.1210722,Cerrado,2020-01-13,2019-12-12,2019-12-31,Compraventa,Selección abreviada subasta inversa,No definido,0,1960948640.0,1960948640.0,0.0,No,No,Mujer,19.0,2020-01-13,2020,False,0
CO1.PCCNTR.696985,Cerrado,2019-01-16,2018-12-18,2019-11-29,Prestación de servicios,Contratación directa,No definido,0,137200000.0,65600000.0,71600000.0,No,No,No definido,346.0,2019-01-16,2019,False,1
CO1.PCCNTR.5524373,Cerrado,2023-11-09,2023-11-09,2024-06-30,Prestación de servicios,Contratación directa,236 Dia(s),0,44569460.0,43479742.0,1089718.0,No,No,No definido,234.0,2023-11-09,2023,False,1
CO1.PCCNTR.1350076,Cerrado,2020-02-26,2020-02-04,2020-12-31,Prestación de servicios,Contratación directa,No definido,0,111547897.0,111206771.0,341125.0,No,No,No definido,331.0,2020-02-26,2020,False,1
CO1.PCCNTR.642226,Cerrado,2018-11-27,2018-11-08,2018-12-31,Prestación de servicios,Contratación directa,No definido,0,10600000.0,9363333.0,1236667.0,Si,No,No definido,53.0,2018-11-27,2018,False,1
CO1.PCCNTR.298242,Cerrado,2018-01-25,2018-01-16,2019-02-28,Prestación de servicios,Contratación directa,No definido,0,46853333.0,46689334.0,163999.0,No,No,No definido,408.0,2018-01-25,2018,False,1
CO1.PCCNTR.8718873,En ejecución,2025-12-20,2025-12-24,2026-07-31,Prestación de servicios,Contratación directa,222 Dia(s),0,59801300.0,35639543.0,24161757.0,No,No,Mujer,219.0,2025-12-20,2025,False,1
CO1.PCCNTR.3284911,Cerrado,2022-01-31,2022-01-31,2022-12-31,Prestación de servicios,Contratación directa,351 Dia(s),0,71313589.0,71313589.0,0.0,No,No,Hombre,334.0,2022-01-31,2022,False,1
CO1.PCCNTR.116309,Cerrado,2017-03-06,2017-02-23,2018-06-11,Prestación de servicios,Contratación directa (con ofertas),No definido,0,108012666.0,104218833.0,3793833.0,No,No,No definido,473.0,2017-03-06,2017,False,1
CO1.PCCNTR.617724,Cerrado,2018-11-01,2018-10-22,2019-10-17,Prestación de servicios,Contratación directa,No definido,0,67974475.0,67052438.0,922037.0,No,No,No definido,360.0,2018-11-01,2018,False,1
CO1.PCCNTR.3007126,Cerrado,2021-12-02,2021-12-02,2022-10-31,Prestación de servicios,Contratación directa,265 Dia(s),0,229983233.4,206504758.0,23478475.0,No,No,Hombre,333.0,2021-12-02,2021,False,1
CO1.PCCNTR.4926858,Cerrado,2023-05-12,2023-05-12,2023-10-31,Prestación de servicios,Contratación directa,179 Dia(s),0,73553473.0,69156254.0,4397219.0,No,No,Hombre,172.0,2023-05-12,2023,False,1
CO1.PCCNTR.1445555,Cerrado,2020-04-08,2020-03-12,2021-02-28,Prestación de servicios,Contratación directa,Dia(s),0,42388858.0,41672426.0,716432.0,No,No,No definido,353.0,2020-04-08,2020,False,1
CO1.PCCNTR.5905912,Cerrado,2024-03-01,2024-03-08,2024-12-31,Prestación de servicios,Contratación directa,293 Dia(s),0,168265984.0,168265984.0,0.0,No,No,No definido,298.0,2024-03-01,2024,False,1
CO1.PCCNTR.250717,Cerrado,2017-12-14,2017-12-06,2018-07-31,Prestación de servicios,Contratación directa (con ofertas),No definido,0,64298088.0,62690636.0,1607452.0,No,No,Hombre,237.0,2017-12-14,2017,False,1
CO1.PCCNTR.1814202,Cerrado,2020-09-18,2020-09-18,2020-12-31,Prestación de servicios,Contratación directa,105 Dia(s),15,48000000.0,48000000.0,0.0,No,No,No definido,104.0,2020-09-18,2020,False,1
CO1.PCCNTR.2776531,Cerrado,2021-09-15,2021-09-15,2021-12-15,Prestación de servicios,Contratación directa,119 Dia(s),0,12600000.0,11800000.0,800000.0,No,No,No definido,91.0,2021-09-15,2021,False,1
CO1.PCCNTR.9580545,En ejecución,2026-07-03,2026-07-09,2026-12-31,Prestación de servicios,Mínima cuantía,181 Dia(s),0,14541336.0,0.0,14541336.0,Si,No,Hombre,175.0,2026-07-03,2026,False,0
CO1.PCCNTR.4227142,Cerrado,2022-11-25,2022-11-25,2023-08-31,Prestación de servicios,Contratación directa,287 Dia(s),0,75587003.0,73779937.0,1807066.0,No,No,Hombre,279.0,2022-11-25,2022,False,1
CO1.PCCNTR.7363391,Cerrado,2025-01-30,2025-02-05,2025-10-04,Prestación de servicios,Contratación directa,8 Mes(es),0,45560000.0,45180333.0,379667.0,No,No,Mujer,241.0,2025-01-30,2025,False,1
CO1.PCCNTR.8593250,Modificado,2025-11-20,2025-12-22,2026-10-31,Prestación de servicios,Contratación directa,313 Dia(s),92,53847867.0,32710320.0,21137547.0,No,No,Hombre,313.0,2025-11-20,2025,False,1
CO1.PCCNTR.5618489,Cerrado,2023-12-13,2023-12-18,2025-12-05,Prestación de servicios,Selección abreviada subasta inversa,2 Año(s),0,142633892.72,142633889.0,3.0,Si,No,No definido,718.0,2023-12-13,2023,False,0
CO1.PCCNTR.1535211,Cerrado,2020-05-19,2020-04-29,2020-12-31,Prestación de servicios,Contratación directa,251 Dia(s),0,35744868.0,35021288.0,723580.0,No,No,No definido,246.0,2020-05-19,2020,False,1
CO1.PCCNTR.8640288,Modificado,2025-12-01,2025-12-04,2026-10-31,Prestación de servicios,Contratación directa,331 Dia(s),92,67461600.0,42645600.0,24816000.0,No,No,Mujer,331.0,2025-12-01,2025,False,1
CO1.PCCNTR.4797945,Cerrado,2023-03-24,2023-03-24,2023-12-31,Prestación de servicios,Contratación directa,283 Dia(s),0,89456515.0,86350386.0,3106129.0,No,No,No definido,282.0,2023-03-24,2023,False,1
CO1.PCCNTR.108256,Cedido,2017-02-15,2017-02-01,2017-12-31,Prestación de servicios,Contratación directa (con ofertas),No definido,0,32272578.0,31456369.0,816208.0,No,No,Mujer,333.0,2017-02-15,2017,False,1
CO1.PCCNTR.5382107,Cerrado,2023-09-20,2023-09-20,2024-12-31,Prestación de servicios,Contratación directa,465 Dia(s),0,133829264.0,129925910.0,3903354.0,No,No,Hombre,468.0,2023-09-20,2023,False,1
CO1.PCCNTR.1714105,Cerrado,2020-08-12,2020-08-13,2021-06-30,Prestación de servicios,Contratación directa,348 Dia(s),0,66053330.0,65307597.0,745733.0,No,No,No definido,321.0,2020-08-12,2020,False,1
CO1.PCCNTR.6723743,Cerrado,2024-09-04,2024-09-09,2025-02-27,Prestación de servicios,Contratación directa,174 Dia(s),0,40366667.0,39433332.0,933335.0,No,No,Hombre,171.0,2024-09-04,2024,False,1
CO1.PCCNTR.4650742,Cerrado,2023-02-24,2023-02-24,2023-06-17,Prestación de servicios,Contratación directa,4 Mes(es),0,34003296.0,33436575.0,566721.0,No,No,No definido,113.0,2023-02-24,2023,False,1
CO1.PCCNTR.7105950,Modificado,2024-12-12,2024-12-16,2025-10-31,Prestación de servicios,Mínima cuantía,10 Mes(es),31,14150000.0,13650000.0,500000.0,No,No,Hombre,319.0,2024-12-12,2024,False,0
CO1.PCCNTR.299812,Cerrado,2018-02-02,2018-01-18,2018-12-31,Prestación de servicios,Contratación directa,No definido,0,139649002.0,138438173.0,1210829.0,No,No,Hombre,347.0,2018-02-02,2018,False,1
CO1.PCCNTR.1524023,Cerrado,2020-05-05,2020-04-23,2021-03-31,Prestación de servicios,Contratación directa,Dia(s),0,39531243.0,39183461.0,347782.0,No,No,No definido,342.0,2020-05-05,2020,False,1
CO1.PCCNTR.70602,Cerrado,2016-10-13,2016-10-06,2017-03-31,Prestación de servicios,Contratación directa (con ofertas),No definido,0,53043826.0,0.0,53043826.0,No,No,No definido,176.0,2016-10-13,2016,False,1
CO1.PCCNTR.8655862,En ejecución,2025-12-05,2025-12-15,2026-07-31,Prestación de servicios,Contratación directa,235 Dia(s),0,35035107.0,29617307.0,5417800.0,No,No,Hombre,228.0,2025-12-05,2025,False,1
CO1.PCCNTR.2218266,Cerrado,2021-03-01,2021-03-01,2021-09-30,Prestación de servicios,Contratación directa,331 Dia(s),0,57692922.0,56030986.0,1661936.0,No,No,No definido,213.0,2021-03-01,2021,False,1
CO1.PCCNTR.1388903,Cerrado,2020-03-03,2020-02-17,2020-11-30,Prestación de servicios,Contratación directa,Dia(s),0,62565889.0,61266944.0,1298945.0,No,No,Mujer,287.0,2020-03-03,2020,False,1
CO1.PCCNTR.5803158,Cerrado,2024-01-24,2024-01-29,2024-09-24,Prestación de servicios,Contratación directa,8 Mes(es),0,61683272.0,15934845.0,45748427.0,No,No,Hombre,239.0,2024-01-24,2024,False,1
CO1.PCCNTR.6477660,Cerrado,2024-07-24,2024-08-05,2025-06-30,Prestación de servicios,Mínima cuantía,330 Dia(s),0,44192925.0,38835342.0,5357582.0,Si,No,Hombre,329.0,2024-07-24,2024,False,0
CO1.PCCNTR.5004806,Cerrado,2023-06-02,2023-06-02,2023-12-31,Prestación de servicios,Contratación directa,220 Dia(s),0,73538667.0,72526667.0,1012000.0,No,No,No definido,212.0,2023-06-02,2023,False,1
CO1.PCCNTR.8490494,En ejecución,2025-11-12,2025-11-25,2026-07-31,Prestación de servicios,Contratación directa,246 Dia(s),0,108260376.0,94965242.0,13295134.0,No,No,Hombre,248.0,2025-11-12,2025,False,1
CO1.PCCNTR.4768649,Cerrado,2023-03-17,2023-03-17,2023-07-14,Prestación de servicios,Contratación directa,4 Mes(es),0,21576900.0,21576899.0,1.0,No,No,Mujer,119.0,2023-03-17,2023,False,1
CO1.PCCNTR.8726162,Modificado,2025-12-24,2025-12-29,2026-10-31,Prestación de servicios,Contratación directa,310 Dia(s),92,35029133.0,20155867.0,14873266.0,No,No,Mujer,306.0,2025-12-24,2025,False,1
CO1.PCCNTR.4350755,Cerrado,2022-12-28,2022-12-29,2024-09-30,Prestación de servicios,Mínima cuantía,21 Mes(es),0,38095164.0,27422349.0,10672814.0,Si,No,Hombre,641.0,2022-12-28,2022,False,0
CO1.PCCNTR.8646497,Modificado,2025-12-03,2025-12-09,2026-10-31,Prestación de servicios,Contratación directa,326 Dia(s),91,51430133.0,30482467.0,20947666.0,No,No,Mujer,326.0,2025-12-03,2025,False,1
CO1.PCCNTR.8585832,Modificado,2025-11-19,2025-11-24,2026-10-31,Prestación de servicios,Contratación directa,341 Dia(s),92,155110800.0,95778800.0,59332000.0,No,No,No definido,341.0,2025-11-19,2025,False,1
CO1.PCCNTR.5978730,Cerrado,2024-02-21,2024-02-27,2024-12-31,Prestación de servicios,Contratación directa,310 Dia(s),0,116705449.0,63490700.0,53214749.0,No,No,Mujer,308.0,2024-02-21,2024,False,1
CO1.PCCNTR.7078396,En ejecución,2024-12-04,2024-12-13,2025-12-15,Prestación de servicios,Mínima cuantía,338 Dia(s),0,16850400.0,16850400.0,0.0,Si,No,Hombre,367.0,2024-12-04,2024,False,0
CO1.PCCNTR.113538,Cerrado,2017-03-21,2017-02-14,2017-12-31,Prestación de servicios,Contratación directa (con ofertas),No definido,0,94700298.0,90108768.0,4591530.0,No,No,Mujer,320.0,2017-03-21,2017,False,1
CO1.PCCNTR.600022,Cerrado,2018-10-18,2018-10-03,2018-12-31,Prestación de servicios,Contratación directa,No definido,0,24420953.0,22155091.0,2265862.0,No,No,Mujer,89.0,2018-10-18,2018,False,1
CO1.PCCNTR.1946214,Cerrado,2020-11-13,2020-11-13,2021-08-31,Prestación de servicios,Contratación directa,308 Dia(s),0,172849644.0,172849644.0,0.0,No,No,Mujer,291.0,2020-11-13,2020,False,1
CO1.PCCNTR.7527731,Cerrado,2025-02-21,2025-02-26,2025-10-25,Prestación de servicios,Contratación directa,8 Mes(es),0,73984000.0,73367467.0,616533.0,No,No,No definido,241.0,2025-02-21,2025,False,1
CO1.PCCNTR.4755131,Cerrado,2023-03-16,2023-03-16,2023-07-08,Prestación de servicios,Contratación directa,4 Mes(es),0,21153824.0,21153824.0,0.0,No,No,No definido,114.0,2023-03-16,2023,False,1
CO1.PCCNTR.8641392,En ejecución,2025-12-01,2025-12-05,2026-07-31,Prestación de servicios,Contratación directa,239 Dia(s),0,39280534.0,34260912.0,5019622.0,No,No,Hombre,238.0,2025-12-01,2025,False,1
CO1.PCCNTR.250445,Aprobado,2017-12-26,2017-11-28,2018-12-31,Prestación de servicios,Contratación directa,No definido,0,263555625.0,0.0,263555625.0,No,No,Mujer,398.0,2017-12-26,2017,False,1
CO1.PCCNTR.135410,Cerrado,2017-04-24,2017-04-10,2017-11-30,Prestación de servicios,Contratación directa (con ofertas),No definido,0,67258555.0,65280361.0,1978194.0,No,No,Mujer,234.0,2017-04-24,2017,False,1
CO1.PCCNTR.7533060,Modificado,2025-02-26,2025-03-03,2025-12-15,Prestación de servicios,Contratación directa,283 Dia(s),43,130047933.0,130047933.0,0.0,No,No,Mujer,287.0,2025-02-26,2025,False,1
CO1.PCCNTR.1368109,Cerrado,2020-02-26,2020-02-10,2020-12-31,Prestación de servicios,Contratación directa,No definido,0,85674789.0,84097952.0,1576837.0,No,No,No definido,325.0,2020-02-26,2020,False,1
CO1.PCCNTR.555206,Cerrado,2018-09-27,2018-09-03,2019-02-27,Prestación de servicios,Contratación directa,No definido,0,39655000.0,39428400.0,226600.0,No,No,No definido,177.0,2018-09-27,2018,False,1
CO1.PCCNTR.301460,Cerrado,2018-01-28,2018-01-19,2018-12-31,Prestación de servicios,Contratación directa,No definido,0,28797906.0,27979784.0,818122.0,No,No,No definido,346.0,2018-01-28,2018,False,1
CO1.PCCNTR.8355883,Modificado,2025-10-16,2025-10-27,2026-11-30,Prestación de servicios,Selección abreviada subasta inversa,287 Dia(s),122,1312096109.0,798500704.0,513595404.0,No,Si,No definido,399.0,2025-10-16,2025,False,0
CO1.PCCNTR.8713437,En ejecución,2025-12-19,2025-12-23,2026-07-31,Prestación de servicios,Contratación directa,226 Dia(s),0,34021900.0,28459933.0,5561967.0,No,No,Hombre,220.0,2025-12-19,2025,False,1
CO1.PCCNTR.1414597,Cerrado,2020-03-10,2020-02-28,2020-12-31,Prestación de servicios,Contratación directa,Dia(s),0,38416188.0,37545918.0,870270.0,No,No,No definido,307.0,2020-03-10,2020,False,1
CO1.PCCNTR.5524390,Cerrado,2023-11-09,2023-11-09,2024-06-30,Prestación de servicios,Contratación directa,236 Dia(s),0,44569460.0,42571644.0,1997816.0,No,No,Mujer,234.0,2023-11-09,2023,False,1
CO1.PCCNTR.6286558,En ejecución,2024-05-06,2024-05-08,2024-12-31,Prestación de servicios,Contratación directa,239 Dia(s),0,46384000.0,45031133.0,1352867.0,No,No,Hombre,237.0,2024-05-06,2024,False,1
CO1.PCCNTR.3144133,Cerrado,2022-01-06,2022-01-06,2022-12-26,Seguros,Mínima cuantía,365 Dia(s),0,10569498.0,10569498.0,0.0,No,No,Mujer,354.0,2022-01-06,2022,False,0
CO1.PCCNTR.110008,Cerrado,2017-02-10,2017-02-03,2017-12-31,Prestación de servicios,Contratación directa (con ofertas),No definido,0,76336973.0,73626784.0,2710189.0,No,No,No definido,331.0,2017-02-10,2017,False,1
CO1.PCCNTR.7677131,En ejecución,2025-03-25,2025-03-27,2025-12-31,Prestación de servicios,Contratación directa,281 Dia(s),0,68674560.0,65336213.0,3338347.0,No,No,No definido,279.0,2025-03-25,2025,False,1
CO1.PCCNTR.143215,Cerrado,2017-05-17,2017-04-28,2018-09-28,Prestación de servicios,Contratación directa (con ofertas),No definido,0,75556438.0,75408866.0,147571.0,No,No,No definido,518.0,2017-05-17,2017,False,1
CO1.PCCNTR.4788508,Cerrado,2023-03-22,2023-03-22,2023-07-17,Prestación de servicios,Contratación directa,4 Mes(es),0,42562800.0,42562800.0,0.0,No,No,No definido,117.0,2023-03-22,2023,False,1
CO1.PCCNTR.7291094,En ejecución,2025-01-21,2025-01-23,2025-12-31,Prestación de servicios,Contratación directa,340 Dia(s),0,57500000.0,56333333.0,1166667.0,No,No,Mujer,342.0,2025-01-21,2025,False,1
CO1.PCCNTR.2550133,Cerrado,2021-07-09,2021-07-09,2022-10-21,Prestación de servicios,Contratación directa,340 Dia(s),0,127321733.0,126569833.0,751900.0,No,No,Hombre,469.0,2021-07-09,2021,False,1
CO1.PCCNTR.3060928,Cerrado,2021-12-10,2021-12-10,2022-12-15,Prestación de servicios,Contratación directa,250 Dia(s),0,77616703.0,76419530.0,1197173.0,Si,No,No definido,370.0,2021-12-10,2021,False,1
CO1.PCCNTR.2238184,Cerrado,2021-02-25,2021-02-25,2021-12-31,Prestación de servicios,Contratación directa,326 Dia(s),0,75000000.0,71355632.0,3644367.0,No,No,No definido,309.0,2021-02-25,2021,False,1
CO1.PCCNTR.94804,Cerrado,2017-01-13,2016-12-23,2017-09-27,Prestación de servicios,Contratación directa (con ofertas),No definido,0,122113950.0,0.0,122113950.0,No,No,No definido,278.0,2017-01-13,2017,False,1
CO1.PCCNTR.2293607,Cerrado,2021-07-16,2021-07-16,2023-02-28,Otro,Contratación directa,774 Dia(s),0,0.0,0.0,0.0,No,No,Hombre,592.0,2021-07-16,2021,True,1
CO1.PCCNTR.3447081,Cerrado,2022-02-02,2022-02-02,2023-06-15,Prestación de servicios,Contratación directa,339 Dia(s),0,83206388.0,82219750.0,986638.0,No,No,No definido,498.0,2022-02-02,2022,False,1
CO1.PCCNTR.1060215,Cerrado,2019-09-12,2019-08-22,2020-01-31,Consultoría,Concurso de méritos abierto,Dia(s),0,147759701.0,146622354.0,1137347.0,Si,Si,No definido,162.0,2019-09-12,2019,False,0
CO1.PCCNTR.6886483,En ejecución,2024-10-15,2024-10-18,2024-12-20,Compraventa,Selección abreviada subasta inversa,67 Dia(s),0,2741275440.0,2741275440.0,0.0,Si,No,Mujer,63.0,2024-10-15,2024,False,0
CO1.PCCNTR.328175,Cerrado,2018-02-02,2018-01-23,2018-12-31,Prestación de servicios,Contratación directa,No definido,0,58326858.0,56978260.0,1348598.0,No,No,No definido,342.0,2018-02-02,2018,False,1
CO1.PCCNTR.7925303,En ejecución,2025-06-06,2025-06-10,2026-08-31,Prestación de servicios,Contratación directa,454 Dia(s),0,173201444.0,158896861.0,14304583.0,No,No,Hombre,447.0,2025-06-06,2025,False,1
CO1.PCCNTR.6391570,Cerrado,2024-06-06,2024-06-18,2024-12-31,No especificado,Contratación directa,200 Dia(s),0,27466667.0,26505333.0,961334.0,No,No,Mujer,196.0,2024-06-06,2024,False,1
CO1.PCCNTR.629521,Cerrado,2018-12-18,2018-11-01,2022-10-31,Otro,Contratación directa (con ofertas),Dia(s),0,250861300.0,30600.0,250830700.0,No,No,No definido,1460.0,2018-12-18,2018,False,1
CO1.PCCNTR.125702,Cerrado,2017-04-03,2017-03-15,2017-12-31,Prestación de servicios,Contratación directa (con ofertas),No definido,0,102660780.0,97527741.0,5133039.0,No,No,No definido,291.0,2017-04-03,2017,False,1
CO1.PCCNTR.6176340,Cerrado,2024-04-05,2024-04-11,2024-12-31,Prestación de servicios,Contratación directa,260 Dia(s),0,149314525.0,149314525.0,0.0,No,No,No definido,264.0,2024-04-05,2024,False,1
CO1.PCCNTR.680003,Cerrado,2018-12-28,2018-12-06,2019-05-31,Prestación de servicios,Contratación directa,No definido,0,51946333.0,51070833.0,875500.0,No,No,No definido,176.0,2018-12-28,2018,False,1
CO1.PCCNTR.1321912,Cerrado,2020-03-03,2020-01-27,2020-12-31,Prestación de servicios,Contratación directa,Dia(s),0,42935445.0,42315349.0,620096.0,No,No,No definido,339.0,2020-03-03,2020,False,1
CO1.PCCNTR.2228042,Cerrado,2021-02-17,2021-02-17,2021-12-31,Prestación de servicios,Contratación directa,329 Dia(s),0,34100000.0,33300000.0,800000.0,No,No,No definido,317.0,2021-02-17,2021,False,1
CO1.PCCNTR.2716574,Cerrado,2021-11-17,2021-11-17,2022-04-29,Seguros,Seleccion abreviada menor cuantia sin manifestacion interes,8 Mes(es),0,2561045643.0,2561045642.0,0.0,No,No,Mujer,163.0,2021-11-17,2021,False,0
CO1.PCCNTR.9151027,Cedido,2026-01-29,2026-02-02,2026-09-30,Prestación de servicios,Contratación directa,244 Dia(s),0,26654670.0,16124430.0,10530240.0,No,No,Mujer,240.0,2026-01-29,2026,False,1
CO1.PCCNTR.4797765,Cerrado,2023-03-24,2023-03-24,2023-12-31,Prestación de servicios,Contratación directa,283 Dia(s),0,89456515.0,86350386.0,3106128.0,No,No,No definido,282.0,2023-03-24,2023,False,1
CO1.PCCNTR.124823,Cerrado,2017-04-03,2017-03-15,2018-02-28,Prestación de servicios,Contratación directa (con ofertas),No definido,0,50060377.0,43962371.0,6098006.0,No,No,No definido,350.0,2017-04-03,2017,False,1
CO1.PCCNTR.5148821,Cerrado,2023-06-29,2023-06-29,2024-02-29,Prestación de servicios,Contratación directa,187 Dia(s),0,136058389.0,132233454.0,3824935.0,No,No,No definido,245.0,2023-06-29,2023,False,1
CO1.PCCNTR.300320,Cerrado,2018-01-25,2018-01-18,2018-12-31,Prestación de servicios,Contratación directa,No definido,0,79350037.0,78662031.0,688006.0,No,No,No definido,347.0,2018-01-25,2018,False,1
CO1.PCCNTR.3551000,Cerrado,2022-02-07,2022-02-07,2022-12-31,Prestación de servicios,Contratación directa,334 Dia(s),0,31324133.0,31041934.0,282199.0,No,No,Hombre,327.0,2022-02-07,2022,False,1
CO1.PCCNTR.5048097,Cerrado,2023-06-10,2023-06-10,2023-12-31,Prestación de servicios,Contratación directa,208 Dia(s),0,63696568.0,62172726.0,1523842.0,No,No,No definido,204.0,2023-06-10,2023,False,1
CO1.PCCNTR.9179240,En ejecución,2026-01-30,2026-02-03,2026-12-31,Prestación de servicios,Contratación directa,333 Dia(s),0,38670167.0,16853266.0,21816901.0,No,No,Hombre,331.0,2026-01-30,2026,False,1
CO1.PCCNTR.110142,Cerrado,2017-02-10,2017-02-03,2017-12-31,Prestación de servicios,Contratación directa (con ofertas),No definido,0,44133333.0,43466667.0,666666.0,No,No,No definido,331.0,2017-02-10,2017,False,1
CO1.PCCNTR.4712075,Cerrado,2023-03-02,2023-03-02,2023-06-16,Prestación de servicios,Contratación directa,107 Dia(s),0,14867632.0,13946628.0,921004.0,No,No,Hombre,106.0,2023-03-02,2023,False,1
CO1.PCCNTR.122023,Cerrado,2017-04-03,2017-03-08,2017-12-31,Prestación de servicios,Contratación directa (con ofertas),No definido,0,115988853.0,114421436.0,1567417.0,No,No,No definido,298.0,2017-04-03,2017,False,1
CO1.PCCNTR.306999,Cerrado,2018-01-28,2018-01-19,2018-12-31,Prestación de servicios,Contratación directa,No definido,0,117219027.0,113888941.0,3330086.0,No,No,Mujer,346.0,2018-01-28,2018,False,1
CO1.PCCNTR.8582893,Modificado,2025-11-18,2025-11-24,2026-10-31,Prestación de servicios,Contratación directa,341 Dia(s),91,109120000.0,66293333.0,42826667.0,No,No,Hombre,341.0,2025-11-18,2025,False,1
CO1.PCCNTR.8690702,En ejecución,2025-12-11,2025-12-16,2026-07-31,Prestación de servicios,Contratación directa,232 Dia(s),0,34599600.0,28112175.0,6487425.0,No,No,Mujer,227.0,2025-12-11,2025,False,1
CO1.PCCNTR.85606,Cerrado,2017-01-23,2016-11-24,2017-12-31,Prestación de servicios,Contratación directa (con ofertas),No definido,0,83587185.0,0.0,83587185.0,No,No,No definido,402.0,2017-01-23,2017,False,1
CO1.PCCNTR.592330,Cerrado,2018-11-07,2018-10-02,2019-08-30,Prestación de servicios,Contratación directa,No definido,0,46552581.0,45470592.0,1081989.0,No,No,No definido,332.0,2018-11-07,2018,False,1
CO1.PCCNTR.300138,Cerrado,2018-01-28,2018-01-18,2018-12-31,Prestación de servicios,Contratación directa,No definido,0,66686275.0,66108071.0,578204.0,No,No,No definido,347.0,2018-01-28,2018,False,1
CO1.PCCNTR.2581027,Cerrado,2021-07-16,2021-07-16,2022-10-31,Prestación de servicios,Contratación directa,356 Dia(s),0,83576775.0,81148499.0,2428276.0,No,No,No definido,472.0,2021-07-16,2021,False,1
CO1.PCCNTR.2656268,Cerrado,2021-08-11,2021-08-11,2021-12-31,Prestación de servicios,Contratación directa,176 Dia(s),0,15015477.0,15015477.0,0.0,No,No,No definido,142.0,2021-08-11,2021,False,1
CO1.PCCNTR.260158,Cerrado,2017-12-29,2017-12-20,2017-12-29,Compraventa,Mínima cuantía,No definido,0,23443000.0,23443000.0,0.0,Si,No,No definido,9.0,2017-12-29,2017,False,0
CO1.PCCNTR.4725020,Cerrado,2023-03-08,2023-03-08,2023-12-31,Prestación de servicios,Contratación directa,306 Dia(s),0,40575752.0,40575752.0,0.0,Si,No,Mujer,298.0,2023-03-08,2023,False,1
CO1.PCCNTR.5847527,Cerrado,2024-01-31,2024-02-02,2024-12-31,Prestación de servicios,Contratación directa,8 Mes(es),0,90030784.0,88662535.0,1368249.0,No,No,Hombre,333.0,2024-01-31,2024,False,1
CO1.PCCNTR.779016,Cerrado,2019-02-25,2019-01-25,2019-11-15,Prestación de servicios,Contratación directa,No definido,0,105479629.0,104759631.0,719998.0,No,No,No definido,294.0,2019-02-25,2019,False,1
CO1.PCCNTR.87803,Cerrado,2016-12-19,2016-12-01,2017-10-31,Prestación de servicios,Contratación directa (con ofertas),No definido,0,55430293.0,0.0,55430293.0,No,No,No definido,334.0,2016-12-19,2016,False,1
CO1.PCCNTR.8382601,Modificado,2025-10-03,2025-11-04,2026-10-31,Prestación de servicios,Contratación directa,361 Dia(s),92,86403200.0,49821200.0,36582000.0,No,No,Mujer,361.0,2025-10-03,2025,False,1
CO1.PCCNTR.7617248,En ejecución,2025-03-10,2025-03-13,2025-11-12,Prestación de servicios,Contratación directa,8 Mes(es),0,34672000.0,34672000.0,0.0,No,No,Mujer,244.0,2025-03-10,2025,False,1
CO1.PCCNTR.230347,Cerrado,2017-12-18,2017-11-16,2018-11-30,Prestación de servicios,Contratación directa (con ofertas),No definido,0,81063409.0,79211237.0,1852172.0,No,No,No definido,379.0,2017-12-18,2017,False,1
CO1.PCCNTR.8549271,En ejecución,2025-11-12,2025-11-25,2026-07-31,Prestación de servicios,Contratación directa,248 Dia(s),0,53808057.0,47200050.0,6608007.0,No,No,Hombre,248.0,2025-11-12,2025,False,1
CO1.PCCNTR.3399231,Cerrado,2022-02-03,2022-02-03,2022-12-31,Prestación de servicios,Contratación directa,344 Dia(s),0,38717498.0,38267295.0,450203.0,No,No,Mujer,331.0,2022-02-03,2022,False,1
CO1.PCCNTR.8508245,Modificado,2025-11-18,2025-11-21,2026-10-31,Prestación de servicios,Contratación directa,344 Dia(s),92,71678400.0,45256000.0,26422400.0,No,No,Hombre,344.0,2025-11-18,2025,False,1
CO1.PCCNTR.8289621,En ejecución,2025-09-09,2025-09-12,2025-12-31,Prestación de servicios,Contratación directa,147 Dia(s),0,39000000.0,36333333.0,2666667.0,No,No,Hombre,110.0,2025-09-09,2025,False,1
CO1.PCCNTR.1375618,Cerrado,2020-02-26,2020-02-12,2020-12-31,Prestación de servicios,Contratación directa,No definido,0,81297667.0,79351000.0,1946667.0,No,No,No definido,323.0,2020-02-26,2020,False,1
CO1.PCCNTR.306859,Cerrado,2018-02-07,2018-01-18,2018-12-31,Prestación de servicios,Contratación directa,No definido,0,79350037.0,78662031.0,688006.0,No,No,No definido,347.0,2018-02-07,2018,False,1
CO1.PCCNTR.3399011,Cerrado,2022-02-01,2022-02-01,2022-12-31,Prestación de servicios,Contratación directa,341 Dia(s),0,126758520.0,126266580.0,491940.0,No,No,No definido,333.0,2022-02-01,2022,False,1
CO1.PCCNTR.695261,Cerrado,2019-01-18,2018-12-17,2019-11-29,Prestación de servicios,Contratación directa,No definido,0,80708483.0,79094313.0,1614170.0,No,No,No definido,347.0,2019-01-18,2019,False,1
CO1.PCCNTR.149202,Cerrado,2017-07-25,2017-05-22,2018-04-06,Prestación de servicios,Contratación directa (con ofertas),No definido,0,53518483.0,24442770.0,29075713.0,No,No,Mujer,319.0,2017-07-25,2017,False,1
CO1.PCCNTR.299637,Cerrado,2018-02-02,2018-01-19,2018-12-31,Prestación de servicios,Contratación directa,No definido,0,115995433.0,115995433.0,0.0,No,No,Mujer,346.0,2018-02-02,2018,False,1
CO1.PCCNTR.233332,Cerrado,2017-12-13,2017-11-22,2018-12-31,Prestación de servicios,Contratación directa (con ofertas),No definido,0,34762500.0,34247500.0,515000.0,No,No,No definido,404.0,2017-12-13,2017,False,1
CO1.PCCNTR.1552172,Cerrado,2020-05-19,2020-05-19,2021-04-30,Prestación de servicios,Contratación directa,358 Dia(s),0,177518093.0,177018042.0,500051.0,No,No,Mujer,346.0,2020-05-19,2020,False,1
CO1.PCCNTR.2082264,Cerrado,2021-01-12,2021-01-12,2021-11-30,Prestación de servicios,Contratación directa,341 Dia(s),0,50168952.0,49291361.0,877591.0,No,No,No definido,322.0,2021-01-12,2021,False,1
CO1.PCCNTR.1669323,Cerrado,2020-07-23,2020-07-23,2020-12-31,Prestación de servicios,Contratación directa,183 Dia(s),0,48121600.0,45114000.0,3007600.0,No,No,Mujer,161.0,2020-07-23,2020,False,1
CO1.PCCNTR.71401,Cerrado,2016-10-10,2016-10-06,2016-12-31,Prestación de servicios,Contratación directa (con ofertas),Dia(s),0,11809748.0,0.0,11809748.0,No,No,No definido,86.0,2016-10-10,2016,False,1
CO1.PCCNTR.316285,Cerrado,2018-02-02,2018-01-25,2018-12-31,Prestación de servicios,Contratación directa,No definido,0,30041505.0,27037354.0,3004151.0,No,No,No definido,340.0,2018-02-02,2018,False,1
CO1.PCCNTR.2178435,Cerrado,2021-02-05,2021-02-05,2022-06-17,Prestación de servicios,Contratación directa,339 Dia(s),0,126820467.0,125817934.0,1002533.0,No,No,No definido,497.0,2021-02-05,2021,False,1
CO1.PCCNTR.811653,Cerrado,2019-04-09,2019-02-04,2019-12-31,Prestación de servicios,Contratación directa,No definido,0,34642373.0,13551281.0,21091092.0,No,No,No definido,330.0,2019-04-09,2019,False,1
CO1.PCCNTR.2558949,Cerrado,2021-07-09,2021-07-09,2022-08-31,Prestación de servicios,Contratación directa,328 Dia(s),0,82332824.0,81607425.0,725399.0,No,No,No definido,418.0,2021-07-09,2021,False,1
CO1.PCCNTR.123310,Cerrado,2017-03-21,2017-03-09,2018-02-28,Prestación de servicios,Contratación directa (con ofertas),Dia(s),0,81036636.0,63028495.0,18008141.0,No,No,No definido,356.0,2017-03-21,2017,False,1
CO1.PCCNTR.3537623,Cerrado,2022-02-03,2022-02-03,2022-12-31,Prestación de servicios,Contratación directa,336 Dia(s),0,63448000.0,63070333.0,377667.0,No,No,No definido,331.0,2022-02-03,2022,False,1
CO1.PCCNTR.5191022,Cerrado,2023-07-14,2023-07-14,2023-12-15,Prestación de servicios,Contratación directa,163 Dia(s),0,32478228.0,30567744.0,1910484.0,No,No,Mujer,154.0,2023-07-14,2023,False,1
CO1.PCCNTR.1321318,Cerrado,2020-02-11,2020-01-28,2021-03-31,Prestación de servicios,Contratación directa,Dia(s),0,215521967.0,211521559.0,4000408.0,No,No,Hombre,428.0,2020-02-11,2020,False,1
CO1.PCCNTR.8579239,Modificado,2025-11-18,2025-11-24,2026-10-31,Prestación de servicios,Contratación directa,341 Dia(s),91,114675200.0,59957867.0,54717333.0,No,No,No definido,341.0,2025-11-18,2025,False,1
CO1.PCCNTR.608277,Cerrado,2018-10-25,2018-10-11,2019-07-31,Prestación de servicios,Contratación directa,No definido,0,38079716.0,37423170.0,656546.0,No,No,No definido,293.0,2018-10-25,2018,False,1
CO1.PCCNTR.8712171,En ejecución,2025-12-23,2025-12-26,2026-07-31,Prestación de servicios,Contratación directa,225 Dia(s),0,59801300.0,49263067.0,10538233.0,No,No,No definido,217.0,2025-12-23,2025,False,1
CO1.PCCNTR.2821363,Cerrado,2021-09-17,2021-09-17,2021-11-30,Prestación de servicios,Contratación directa,88 Dia(s),0,11614290.0,11265355.0,348935.0,No,No,Mujer,74.0,2021-09-17,2021,False,1
CO1.PCCNTR.5902141,Cerrado,2024-02-07,2024-02-13,2024-12-31,Prestación de servicios,Contratación directa,8 Mes(es),0,53593558.0,53425024.0,168534.0,No,No,Hombre,322.0,2024-02-07,2024,False,1
CO1.PCCNTR.2069485,Cerrado,2021-02-20,2021-02-20,2021-07-31,Prestación de servicios,Contratación directa,225 Dia(s),0,50340576.0,37511842.0,12828734.0,No,Si,No definido,161.0,2021-02-20,2021,False,1
CO1.PCCNTR.110241,Cerrado,2017-02-15,2017-02-07,2017-12-31,Prestación de servicios,Contratación directa (con ofertas),No definido,0,94518883.0,93055622.0,1463261.0,No,No,No definido,327.0,2017-02-15,2017,False,1
CO1.PCCNTR.8466266,Modificado,2025-10-22,2025-10-28,2026-12-31,Prestación de servicios,Contratación directa,428 Dia(s),152,230211157.0,130366767.0,99844390.0,No,No,Mujer,429.0,2025-10-22,2025,False,1
CO1.PCCNTR.7401588,Cerrado,2025-02-11,2025-02-17,2025-10-16,Prestación de servicios,Contratación directa,8 Mes(es),0,70400000.0,69813333.0,586667.0,No,No,No definido,241.0,2025-02-11,2025,False,1
CO1.PCCNTR.797664,Cerrado,2019-02-26,2019-01-30,2020-04-30,Prestación de servicios,Contratación directa,Dia(s),0,222352756.0,218954351.0,3398405.0,No,No,No definido,456.0,2019-02-26,2019,False,1
CO1.PCCNTR.3153296,Cerrado,2021-12-31,2021-12-31,2022-11-06,Prestación de servicios,Contratación directa,206 Dia(s),0,97211404.0,95969086.0,1242318.0,No,No,No definido,310.0,2021-12-31,2021,False,1
CO1.PCCNTR.7611815,En ejecución,2025-03-07,2025-03-12,2025-11-11,Prestación de servicios,Contratación directa,8 Mes(es),0,63120000.0,63120000.0,0.0,No,No,Mujer,244.0,2025-03-07,2025,False,1
CO1.PCCNTR.1902720,Cerrado,2020-11-02,2020-11-03,2021-09-29,Prestación de servicios,Contratación directa,357 Dia(s),0,52285907.0,52138206.0,147701.0,No,No,No definido,330.0,2020-11-02,2020,False,1
CO1.PCCNTR.1325824,Cerrado,2020-02-11,2020-01-28,2020-12-31,Prestación de servicios,Contratación directa,Dia(s),0,74648174.0,72896897.0,1751277.0,No,No,Mujer,338.0,2020-02-11,2020,False,1
CO1.PCCNTR.2704324,Cerrado,2021-08-19,2021-08-19,2021-12-15,Prestación de servicios,Contratación directa,142 Dia(s),0,20000000.0,18666667.0,1333333.0,No,No,Hombre,118.0,2021-08-19,2021,False,1
CO1.PCCNTR.7925202,En ejecución,2025-06-05,2025-06-09,2026-08-31,Prestación de servicios,Contratación directa,454 Dia(s),0,168796201.0,155232220.0,13563981.0,No,No,No definido,448.0,2025-06-05,2025,False,1
CO1.PCCNTR.136212,Cerrado,2017-05-17,2017-04-19,2018-08-31,Prestación de servicios,Contratación directa (con ofertas),No definido,0,44233592.0,43009738.0,1223854.0,No,No,No definido,499.0,2017-05-17,2017,False,1
CO1.PCCNTR.9735834,En ejecución,2026-07-30,2026-08-04,2026-12-31,Prestación de servicios,Contratación directa,150 Dia(s),0,77700000.0,0.0,77700000.0,No,No,Hombre,149.0,2026-07-30,2026,False,1
CO1.PCCNTR.114817,Cerrado,2017-03-06,2017-02-17,2017-12-31,Prestación de servicios,Contratación directa (con ofertas),No definido,0,66648886.0,64379189.0,2269696.0,No,No,Hombre,317.0,2017-03-06,2017,False,1
CO1.PCCNTR.422577,Cerrado,2019-01-02,2018-06-06,2022-12-31,Prestación de servicios,Contratación régimen especial (con ofertas),Dia(s),0,2500000000.0,0.0,2500000000.0,No,No,Hombre,1669.0,2019-01-02,2019,False,0
CO1.PCCNTR.6510387,Cerrado,2024-07-12,2024-07-22,2024-12-15,Suministros,Mínima cuantía,149 Dia(s),0,7698942.0,5987530.0,1711412.0,No,No,Hombre,146.0,2024-07-12,2024,False,0
CO1.PCCNTR.9115104,En ejecución,2026-01-27,2026-02-06,2026-12-18,Prestación de servicios,Contratación directa,323 Dia(s),0,814715516.0,46072644.0,768642872.0,Si,No,Hombre,315.0,2026-01-27,2026,False,1
CO1.PCCNTR.6855460,Cerrado,2024-10-04,2024-10-08,2024-12-31,Consultoría,Concurso de méritos abierto,88 Dia(s),0,282765720.0,282765720.0,0.0,Si,No,Hombre,84.0,2024-10-04,2024,False,0
CO1.PCCNTR.5634431,Modificado,2023-12-18,2023-12-22,2026-11-30,Prestación de servicios,Selección abreviada subasta inversa,36 Mes(es),122,297270735.0,221822378.0,75448356.0,Si,No,Mujer,1074.0,2023-12-18,2023,False,0
CO1.PCCNTR.6581180,Cerrado,2024-07-31,2024-08-01,2025-03-15,Prestación de servicios,Contratación directa,226 Dia(s),0,48000000.0,48000000.0,0.0,No,No,No definido,226.0,2024-07-31,2024,False,1
CO1.PCCNTR.7450095,En ejecución,2025-02-12,2025-02-14,2025-10-13,Prestación de servicios,Contratación directa,8 Mes(es),0,101712000.0,100864400.0,847600.0,No,No,No definido,241.0,2025-02-12,2025,False,1
CO1.PCCNTR.8496879,Modificado,2025-11-24,2025-12-04,2026-10-31,Prestación de servicios,Contratación directa,331 Dia(s),92,71950800.0,45442800.0,26508000.0,No,No,No definido,331.0,2025-11-24,2025,False,1
CO1.PCCNTR.5450614,En ejecución,2023-10-20,2023-10-22,2024-12-22,Compraventa,Selección abreviada subasta inversa,427 Dia(s),0,272482000.0,272482000.0,0.0,Si,No,No definido,427.0,2023-10-20,2023,False,0
CO1.PCCNTR.7292141,En ejecución,2025-01-21,2025-01-23,2025-12-31,Prestación de servicios,Contratación directa,340 Dia(s),0,85100000.0,83373333.0,1726667.0,No,No,Hombre,342.0,2025-01-21,2025,False,1
CO1.PCCNTR.8614265,Modificado,2025-11-24,2025-11-27,2026-10-31,Prestación de servicios,Contratación directa,338 Dia(s),91,90312000.0,56731200.0,33580800.0,No,No,No definido,338.0,2025-11-24,2025,False,1
CO1.PCCNTR.8991028,En ejecución,2026-01-20,2026-01-21,2026-12-18,Prestación de servicios,Contratación directa,11 Mes(es),0,60500000.0,29333333.0,31166667.0,No,No,Hombre,331.0,2026-01-20,2026,False,1
CO1.PCCNTR.7337415,Terminado,2025-01-27,2025-01-31,2025-10-30,Prestación de servicios,Contratación directa,9 Mes(es),0,47781000.0,27960733.0,19820267.0,No,No,Hombre,272.0,2025-01-27,2025,False,1
CO1.PCCNTR.451542,Cerrado,2018-07-12,2018-06-19,2018-11-30,Prestación de servicios,Contratación directa,No definido,0,36587538.0,36135840.0,451698.0,No,No,No definido,164.0,2018-07-12,2018,False,1
CO1.PCCNTR.8690441,En ejecución,2025-12-11,2025-12-15,2026-07-31,Prestación de servicios,Contratación directa,230 Dia(s),0,38924783.0,25059183.0,13865600.0,No,No,Mujer,228.0,2025-12-11,2025,False,1
CO1.PCCNTR.2336856,Cerrado,2021-03-23,2021-03-23,2021-12-15,Prestación de servicios,Contratación directa,237 Dia(s),0,90759609.0,89790645.0,968964.0,No,No,No definido,267.0,2021-03-23,2021,False,1
CO1.PCCNTR.4119571,Cerrado,2022-10-18,2022-10-20,2022-12-31,Prestación de servicios,Mínima cuantía,79 Dia(s),0,69642000.0,68709999.0,932000.0,Si,No,No definido,72.0,2022-10-18,2022,False,0
CO1.PCCNTR.6625556,Cerrado,2024-08-12,2024-08-16,2024-12-31,Prestación de servicios,Contratación directa,139 Dia(s),0,35746167.0,34717500.0,1028667.0,No,No,Mujer,137.0,2024-08-12,2024,False,1
CO1.PCCNTR.5911851,Cerrado,2024-02-09,2024-02-14,2024-12-31,Prestación de servicios,Contratación directa,317 Dia(s),0,99136467.0,97260066.0,1876401.0,No,No,Mujer,321.0,2024-02-09,2024,False,1
CO1.PCCNTR.8365099,En ejecución,2025-11-11,2025-11-17,2026-11-16,Suministros,Contratación directa,1 Año(s),0,773900.0,0.0,773900.0,No,No,Hombre,364.0,2025-11-11,2025,False,1
CO1.PCCNTR.7461649,Cedido,2025-02-17,2025-02-19,2025-12-31,Prestación de servicios,Contratación directa,319 Dia(s),0,89873333.0,69133333.0,20740000.0,No,No,Hombre,315.0,2025-02-17,2025,False,1
CO1.PCCNTR.825306,Cerrado,2019-03-24,2019-02-11,2019-12-31,Prestación de servicios,Contratación directa,No definido,0,64822524.0,61902590.0,2919934.0,No,No,No definido,323.0,2019-03-24,2019,False,1
CO1.PCCNTR.6392210,Cerrado,2024-06-06,2024-06-17,2024-12-31,Prestación de servicios,Contratación directa,200 Dia(s),0,39881747.0,38685294.0,1196453.0,No,No,Hombre,197.0,2024-06-06,2024,False,1
CO1.PCCNTR.4640519,Cerrado,2023-02-22,2023-02-22,2023-06-16,Prestación de servicios,Contratación directa,4 Mes(es),0,14328628.0,14089818.0,238810.0,No,No,Mujer,114.0,2023-02-22,2023,False,1
CO1.PCCNTR.6559571,Cerrado,2024-07-23,2024-07-26,2024-12-31,Prestación de servicios,Contratación directa,157 Dia(s),0,43660667.0,42831667.0,829000.0,No,No,No definido,158.0,2024-07-23,2024,False,1
CO1.PCCNTR.5030871,Cerrado,2023-06-05,2023-06-05,2023-12-31,Prestación de servicios,Contratación directa,213 Dia(s),0,39051707.0,38130677.0,921030.0,No,No,No definido,209.0,2023-06-05,2023,False,1
CO1.PCCNTR.8489486,Modificado,2025-10-30,2025-11-20,2026-12-31,Prestación de servicios,Contratación directa,401 Dia(s),152,177600133.0,97489333.0,80110800.0,No,No,Hombre,406.0,2025-10-30,2025,False,1
CO1.PCCNTR.9502291,En ejecución,2026-05-14,2026-05-19,2026-08-18,Suministros,Mínima cuantía,90 Dia(s),0,55787692.0,1859744.0,53927948.0,No,No,Mujer,91.0,2026-05-14,2026,False,0
CO1.PCCNTR.2030328,Cerrado,2020-12-07,2020-12-07,2021-11-14,Prestación de servicios,Contratación directa,349 Dia(s),0,31967972.0,31967972.0,0.0,Si,No,No definido,342.0,2020-12-07,2020,False,1
CO1.PCCNTR.94004,Cerrado,2016-12-30,2016-12-22,2017-10-31,Prestación de servicios,Contratación directa (con ofertas),No definido,0,100700460.0,0.0,100700460.0,No,No,No definido,313.0,2016-12-30,2016,False,1
CO1.PCCNTR.600718,Cerrado,2018-12-05,2018-10-09,2019-09-30,Prestación de servicios,Contratación directa,No definido,0,49980578.0,49006027.0,974551.0,No,No,No definido,356.0,2018-12-05,2018,False,1
CO1.PCCNTR.4490222,Cerrado,2023-01-27,2023-01-27,2023-05-26,Prestación de servicios,Contratación directa,4 Mes(es),0,24760000.0,24760000.0,0.0,No,No,Mujer,119.0,2023-01-27,2023,False,1
CO1.PCCNTR.455118,Cerrado,2018-07-12,2018-06-21,2018-12-25,Prestación de servicios,Contratación directa,No definido,0,45214740.0,44277647.0,937093.0,No,No,Hombre,187.0,2018-07-12,2018,False,1
CO1.PCCNTR.2163508,Cerrado,2021-02-05,2021-02-05,2021-10-31,Prestación de servicios,Contratación directa,343 Dia(s),0,48447874.0,47763098.0,684776.0,No,No,Mujer,268.0,2021-02-05,2021,False,1
CO1.PCCNTR.693703,Cerrado,2019-01-24,2018-12-28,2019-11-30,Otro,Contratación directa (con ofertas),Dia(s),0,168563873.0,72623770.0,95940102.0,No,No,No definido,337.0,2019-01-24,2019,False,1
CO1.PCCNTR.4568730,Cerrado,2023-02-08,2023-02-08,2023-06-06,Prestación de servicios,Contratación directa,4 Mes(es),0,34003296.0,33436575.0,566721.0,No,No,No definido,118.0,2023-02-08,2023,False,1
CO1.PCCNTR.89001,Borrador,,2016-12-01,2018-12-31,Suministros,Mínima cuantía,No definido,0,13586877.0,0.0,13586877.0,Si,No,No definido,760.0,2016-12-01,2016,False,0
CO1.PCCNTR.8575758,Modificado,2025-11-13,2025-11-18,2026-10-31,Prestación de servicios,Contratación directa,347 Dia(s),91,121557200.0,75809867.0,45747333.0,No,No,Mujer,347.0,2025-11-13,2025,False,1
CO1.PCCNTR.814366,Cerrado,2019-03-24,2019-02-06,2019-12-31,Prestación de servicios,Contratación directa,No definido,0,78753769.0,74816080.0,3937689.0,No,No,Mujer,328.0,2019-03-24,2019,False,1
CO1.PCCNTR.863483,Cerrado,2019-04-02,2019-02-25,2019-10-31,Prestación de servicios,Contratación directa,No definido,0,38905000.0,37820000.0,1085000.0,No,No,No definido,248.0,2019-04-02,2019,False,1
CO1.PCCNTR.139902,Cerrado,2017-05-17,2017-04-20,2018-03-28,Prestación de servicios,Contratación directa (con ofertas),Dia(s),0,71698200.0,48431950.0,23266250.0,No,No,No definido,342.0,2017-05-17,2017,False,1
CO1.PCCNTR.6816556,Cerrado,2024-09-30,2024-10-02,2024-12-31,Prestación de servicios,Contratación directa,3 Mes(es),0,27000000.0,26700000.0,300000.0,No,No,Mujer,90.0,2024-09-30,2024,False,1
CO1.PCCNTR.8391011,Modificado,2025-10-14,2025-10-21,2026-11-30,Prestación de servicios,Mínima cuantía,255 Dia(s),153,43157016.0,22738520.0,20418496.0,Si,No,No definido,405.0,2025-10-14,2025,False,0
CO1.PCCNTR.7392117,Modificado,2025-02-06,2025-02-07,2025-12-31,Prestación de servicios,Contratación directa,324 Dia(s),87,126457200.0,125676600.0,780600.0,No,No,Hombre,327.0,2025-02-06,2025,False,1
CO1.PCCNTR.2516306,Cerrado,2021-05-25,2021-05-26,2021-11-30,Prestación de servicios,Contratación directa,201 Dia(s),0,51129200.0,49625400.0,1503800.0,No,No,Hombre,188.0,2021-05-25,2021,False,1
CO1.PCCNTR.3351599,Cerrado,2022-02-03,2022-02-03,2022-12-31,Prestación de servicios,Contratación directa,344 Dia(s),0,35390000.0,34475000.0,915000.0,No,No,Mujer,331.0,2022-02-03,2022,False,1
CO1.PCCNTR.147024,Cerrado,2017-07-25,2017-05-10,2017-12-31,Prestación de servicios,Contratación directa (con ofertas),No definido,0,44909104.0,43225013.0,1684091.0,No,No,No definido,235.0,2017-07-25,2017,False,1
CO1.PCCNTR.9207300,Cedido,2026-01-28,2026-02-05,2026-12-31,Prestación de servicios,Contratación directa,332 Dia(s),0,175350000.0,28350000.0,147000000.0,No,No,Mujer,329.0,2026-01-28,2026,False,1
CO1.PCCNTR.110213,Aprobado,2017-02-11,2017-02-03,2018-06-18,Prestación de servicios,Contratación directa (con ofertas),No definido,0,68548765.0,64755552.0,3793213.0,No,No,No definido,500.0,2017-02-11,2017,False,1
CO1.PCCNTR.8502312,Modificado,2025-11-04,2025-11-26,2026-10-31,Prestación de servicios,Contratación directa,335 Dia(s),92,89567278.0,57323058.0,32244220.0,No,No,No definido,339.0,2025-11-04,2025,False,1
CO1.PCCNTR.519645,Cerrado,2018-08-17,2018-08-09,2018-12-31,Prestación de servicios,Contratación directa,No definido,0,42638225.0,40364186.0,2274039.0,No,No,No definido,144.0,2018-08-17,2018,False,1
CO1.PCCNTR.827239,Cerrado,2019-02-26,2019-02-11,2019-12-31,Prestación de servicios,Contratación directa,No definido,0,81998356.0,80232237.0,1766119.0,Si,No,No definido,323.0,2019-02-26,2019,False,1
CO1.PCCNTR.81602,Cerrado,2016-12-19,2016-11-10,2017-10-31,Prestación de servicios,Contratación directa (con ofertas),No definido,0,66143118.0,0.0,66143118.0,No,No,Hombre,355.0,2016-12-19,2016,False,1
CO1.PCCNTR.3551792,Cerrado,2022-02-07,2022-02-07,2022-10-31,Prestación de servicios,Contratación directa,180 Dia(s),0,23280209.0,22940352.0,339857.0,No,No,Hombre,266.0,2022-02-07,2022,False,1
CO1.PCCNTR.2213157,Cerrado,2021-02-17,2021-02-17,2021-09-30,Prestación de servicios,Contratación directa,332 Dia(s),0,32314414.0,31259249.0,1055165.0,No,No,Mujer,225.0,2021-02-17,2021,False,1
CO1.PCCNTR.4676499,Cerrado,2023-02-24,2023-02-24,2023-06-22,Prestación de servicios,Contratación directa,4 Mes(es),0,40008328.0,39341522.0,666806.0,No,No,No definido,118.0,2023-02-24,2023,False,1
CO1.PCCNTR.8558766,Modificado,2025-11-12,2025-11-24,2026-10-31,Prestación de servicios,Contratación directa,341 Dia(s),91,104544400.0,63513533.0,41030867.0,No,No,No definido,341.0,2025-11-12,2025,False,1
CO1.PCCNTR.109562,Cerrado,2017-02-09,2017-02-06,2017-12-31,Prestación de servicios,Contratación directa (con ofertas),No definido,0,81290634.0,77683061.0,3607572.0,No,No,No definido,328.0,2017-02-09,2017,False,1
CO1.PCCNTR.109769,Cerrado,2017-02-15,2017-02-06,2017-12-31,Prestación de servicios,Contratación directa (con ofertas),No definido,0,63434109.0,60440169.0,2993940.0,No,No,No definido,328.0,2017-02-15,2017,False,1
CO1.PCCNTR.4359808,Cerrado,2023-01-11,2023-01-11,2023-08-31,Prestación de servicios,Contratación directa,120 Dia(s),0,70655731.0,70076585.0,579146.0,No,No,Hombre,232.0,2023-01-11,2023,False,1
CO1.PCCNTR.4663131,Cerrado,2023-02-23,2023-02-23,2023-06-20,Prestación de servicios,Contratación directa,4 Mes(es),0,22104740.0,21736327.0,368413.0,No,No,Mujer,117.0,2023-02-23,2023,False,1
CO1.PCCNTR.827992,Cerrado,2019-03-01,2019-02-12,2019-11-30,Prestación de servicios,Contratación directa,No definido,0,86956393.0,84048568.0,2907825.0,No,No,Mujer,291.0,2019-03-01,2019,False,1
CO1.PCCNTR.5231523,Cerrado,2023-07-21,2023-07-21,2023-11-13,Prestación de servicios,Contratación directa,118 Dia(s),0,38600000.0,11258332.0,27341668.0,No,No,No definido,115.0,2023-07-21,2023,False,1
CO1.PCCNTR.255308,Cerrado,2017-12-26,2017-12-14,2017-12-20,Prestación de servicios,Mínima cuantía,No definido,0,61711900.0,61711900.0,0.0,Si,No,Mujer,6.0,2017-12-26,2017,False,0
CO1.PCCNTR.261904,Cerrado,2018-01-23,2017-12-31,2018-12-30,Suministros,Contratación directa (con ofertas),No definido,0,560000.0,560000.0,0.0,No,No,Hombre,364.0,2018-01-23,2018,False,1
CO1.PCCNTR.302790,Cerrado,2018-02-02,2018-01-19,2018-12-31,Prestación de servicios,Contratación directa,No definido,0,94520891.0,93428164.0,1092727.0,No,No,No definido,346.0,2018-02-02,2018,False,1
CO1.PCCNTR.211221,Cerrado,2017-10-18,2017-10-11,2018-11-30,Prestación de servicios,Contratación directa (con ofertas),No definido,0,67176108.0,65766490.0,1409618.0,No,No,No definido,415.0,2017-10-18,2017,False,1
CO1.PCCNTR.8637949,Modificado,2025-11-28,2025-12-22,2026-10-31,Prestación de servicios,Contratación directa,313 Dia(s),92,93547260.0,56826036.0,36721224.0,No,No,Mujer,313.0,2025-11-28,2025,False,1
CO1.PCCNTR.4355041,Cerrado,2022-12-30,2022-12-30,2023-12-31,Prestación de servicios,Contratación directa,246 Dia(s),0,74069146.0,73663287.0,405858.0,No,No,Mujer,366.0,2022-12-30,2022,False,1
CO1.PCCNTR.1546342,Cerrado,2020-05-19,2020-05-19,2021-04-30,Prestación de servicios,Contratación directa,245 Dia(s),0,90979900.0,90478633.0,501267.0,No,No,No definido,346.0,2020-05-19,2020,False,1
CO1.PCCNTR.7109224,En ejecución,2024-12-11,2024-12-17,2025-12-28,Compraventa,Selección abreviada subasta inversa,364 Dia(s),0,1536392400.0,1536392399.0,0.0,No,No,Hombre,376.0,2024-12-11,2024,False,0
CO1.PCCNTR.7348911,Modificado,2025-01-28,2025-01-29,2025-12-31,Otro,Contratación directa,332 Dia(s),0,3288825396.0,0.0,3288825396.0,No,No,No definido,336.0,2025-01-28,2025,False,1
CO1.PCCNTR.3536549,Cerrado,2022-02-03,2022-02-03,2022-12-31,Prestación de servicios,Contratación directa,334 Dia(s),0,95209228.0,94642507.0,566721.0,No,No,No definido,331.0,2022-02-03,2022,False,1
CO1.PCCNTR.5020196,Cerrado,2023-06-05,2023-06-05,2024-03-31,Prestación de servicios,Contratación directa,215 Dia(s),0,166657866.0,163925770.0,2732096.0,No,No,Hombre,300.0,2023-06-05,2023,False,1
CO1.PCCNTR.3541774,Cerrado,2022-02-04,2022-02-04,2022-12-31,Prestación de servicios,Contratación directa,337 Dia(s),0,178156668.0,176611511.0,1545157.0,No,No,No definido,330.0,2022-02-04,2022,False,1
CO1.PCCNTR.141512,Cerrado,2017-05-09,2017-04-25,2017-12-31,Prestación de servicios,Contratación directa (con ofertas),No definido,0,49300776.0,48126948.0,1173828.0,No,No,Hombre,250.0,2017-05-09,2017,False,1
CO1.PCCNTR.3151808,Cerrado,2021-12-31,2021-12-31,2022-11-06,Prestación de servicios,Contratación directa,207 Dia(s),0,94390138.0,93485440.0,904698.0,No,No,Hombre,310.0,2021-12-31,2021,False,1
CO1.PCCNTR.3542653,Cerrado,2022-02-03,2022-02-03,2022-12-31,Prestación de servicios,Contratación directa,334 Dia(s),0,45108295.0,44053130.0,1055165.0,No,No,No definido,331.0,2022-02-03,2022,False,1
CO1.PCCNTR.5952550,Cerrado,2024-02-16,2024-02-21,2024-12-31,Prestación de servicios,Contratación directa,310 Dia(s),0,60016207.0,59822606.0,193601.0,No,No,No definido,314.0,2024-02-16,2024,False,1
CO1.PCCNTR.6626221,Cerrado,2024-08-12,2024-08-15,2024-12-31,Prestación de servicios,Contratación directa,139 Dia(s),0,22110267.0,21633067.0,477200.0,No,No,Hombre,138.0,2024-08-12,2024,False,1
CO1.PCCNTR.8642367,En ejecución,2025-12-02,2025-12-05,2026-07-31,Prestación de servicios,Contratación directa,236 Dia(s),0,46611671.0,40655210.0,5956461.0,No,No,Mujer,238.0,2025-12-02,2025,False,1
CO1.PCCNTR.8617027,En ejecución,2025-11-27,2025-12-22,2026-07-31,Prestación de servicios,Contratación directa,221 Dia(s),0,61833099.0,52883856.0,8949243.0,No,No,Hombre,221.0,2025-11-27,2025,False,1
CO1.PCCNTR.6631791,Modificado,2024-08-22,2024-08-30,2024-11-30,Compraventa,Selección abreviada subasta inversa,107 Dia(s),41,545643000.0,545643000.0,0.0,Si,No,Mujer,92.0,2024-08-22,2024,False,0
CO1.PCCNTR.221917,Modificado,2017-12-26,2017-11-27,2026-12-31,Otro,Contratación directa (con ofertas),Dia(s),730,0.0,0.0,0.0,No,No,Hombre,3321.0,2017-12-26,2017,True,1
CO1.PCCNTR.5319612,Cerrado,2023-08-31,2023-09-08,2024-03-24,Prestación de servicios,Mínima cuantía,196 Dia(s),0,106981085.0,101008601.0,5972484.0,No,No,Hombre,198.0,2023-08-31,2023,False,0
CO1.PCCNTR.302710,Cerrado,2018-01-28,2018-01-19,2018-12-31,Prestación de servicios,Contratación directa,No definido,0,66133333.0,65466667.0,666666.0,No,No,No definido,346.0,2018-01-28,2018,False,1
CO1.PCCNTR.182609,Cerrado,2017-08-17,2017-08-09,2018-12-31,Prestación de servicios,Contratación directa (con ofertas),No definido,0,167153936.0,146036693.0,21117243.0,No,No,No definido,509.0,2017-08-17,2017,False,1
CO1.PCCNTR.6693566,Cerrado,2024-08-29,2024-09-02,2024-12-31,Prestación de servicios,Contratación directa,123 Dia(s),0,16375400.0,15842867.0,532533.0,No,No,Mujer,120.0,2024-08-29,2024,False,1
CO1.PCCNTR.7250683,En ejecución,2025-01-16,2025-01-17,2025-12-31,Prestación de servicios,Contratación directa,345 Dia(s),0,548200000.0,547306667.0,893333.0,No,No,Hombre,348.0,2025-01-16,2025,False,1
CO1.PCCNTR.5879389,Cerrado,2024-02-02,2024-02-07,2024-12-31,Prestación de servicios,Contratación directa,8 Mes(es),0,71670647.0,71449441.0,221206.0,Si,No,No definido,328.0,2024-02-02,2024,False,1
CO1.PCCNTR.8714670,En ejecución,2025-12-18,2025-12-20,2026-06-15,Prestación de servicios,Contratación directa,178 Dia(s),0,35556810.0,35174991.0,381819.0,No,No,Hombre,177.0,2025-12-18,2025,False,1
CO1.PCCNTR.627169,Cerrado,2019-01-22,2018-11-01,2020-10-30,Prestación de servicios,Mínima cuantía,Dia(s),0,22111152.0,15662066.0,6449086.0,No,No,Hombre,729.0,2019-01-22,2019,False,0
CO1.PCCNTR.5343565,Cerrado,2023-09-05,2023-09-18,2023-10-31,Prestación de servicios,Mínima cuantía,56 Dia(s),0,20584902.0,20419482.0,165420.0,Si,No,Hombre,43.0,2023-09-05,2023,False,0
CO1.PCCNTR.453105,Cerrado,2018-07-12,2018-06-20,2018-12-31,Prestación de servicios,Contratación directa,No definido,0,45214740.0,44511921.0,702819.0,No,No,Hombre,194.0,2018-07-12,2018,False,1
CO1.PCCNTR.5048374,Cerrado,2023-06-07,2023-06-07,2023-12-31,Prestación de servicios,Contratación directa,208 Dia(s),0,92950639.0,91171680.0,1778959.0,Si,No,No definido,207.0,2023-06-07,2023,False,1
CO1.PCCNTR.8585631,En ejecución,2025-11-19,2025-11-27,2026-07-31,Prestación de servicios,Contratación directa,255 Dia(s),0,38066967.0,32216067.0,5850900.0,No,No,Mujer,246.0,2025-11-19,2025,False,1
CO1.PCCNTR.1879031,Cerrado,2020-10-21,2020-10-21,2020-12-31,Prestación de servicios,Contratación directa,93 Dia(s),0,10500000.0,9200000.0,1300000.0,No,No,No definido,71.0,2020-10-21,2020,False,1
CO1.PCCNTR.7362387,Cedido,2025-01-30,2025-02-05,2025-12-04,Prestación de servicios,Contratación directa,10 Mes(es),0,52950000.0,52597000.0,353000.0,No,No,Hombre,302.0,2025-01-30,2025,False,1
CO1.PCCNTR.4682137,Cerrado,2023-02-24,2023-02-24,2023-06-23,Prestación de servicios,Contratación directa,4 Mes(es),0,45808380.0,45044907.0,763473.0,No,No,No definido,119.0,2023-02-24,2023,False,1
CO1.PCCNTR.1752809,Cerrado,2020-09-11,2020-09-11,2020-12-31,Prestación de servicios,Contratación directa,147 Dia(s),0,37093733.0,36341833.0,751900.0,No,No,No definido,111.0,2020-09-11,2020,False,1
CO1.PCCNTR.1607527,Cerrado,2020-07-07,2020-07-07,2021-04-20,Prestación de servicios,Contratación directa,213 Dia(s),0,83460900.0,80202667.0,3258233.0,No,No,No definido,287.0,2020-07-07,2020,False,1
CO1.PCCNTR.1040204,Cerrado,2019-08-12,2019-07-23,2022-09-30,Prestación de servicios,Selección abreviada subasta inversa,Dia(s),0,102684890.0,66133502.0,36551387.0,Si,No,Hombre,1165.0,2019-08-12,2019,False,0
CO1.PCCNTR.202601,Cerrado,2017-10-20,2017-09-14,2017-10-30,Prestación de servicios,Mínima cuantía,No definido,0,67346000.0,67346000.0,0.0,Si,No,Hombre,46.0,2017-10-20,2017,False,0
CO1.PCCNTR.3490324,Cerrado,2022-02-02,2022-02-02,2022-12-31,Prestación de servicios,Contratación directa,338 Dia(s),0,117076667.0,114673333.0,2403334.0,No,No,Hombre,332.0,2022-02-02,2022,False,1
CO1.PCCNTR.1349338,Cerrado,2020-03-02,2020-02-04,2020-12-31,Prestación de servicios,Contratación directa,Dia(s),0,28582500.0,27981667.0,600833.0,No,No,Mujer,331.0,2020-03-02,2020,False,1
CO1.PCCNTR.7527850,Cerrado,2025-02-20,2025-02-25,2025-11-24,Prestación de servicios,Contratación directa,9 Mes(es),0,137981259.0,136959176.0,1022083.0,No,No,No definido,272.0,2025-02-20,2025,False,1
CO1.PCCNTR.6435205,Cerrado,2024-06-19,2024-06-26,2024-12-31,Prestación de servicios,Contratación directa,191 Dia(s),0,25428467.0,24629667.0,798800.0,No,No,Mujer,188.0,2024-06-19,2024,False,1
CO1.PCCNTR.2630254,Modificado,2021-12-15,2021-12-15,2022-01-31,Obra,Licitación pública obra publica,8 Mes(es),0,5952896696.0,5952896696.0,0.0,No,Si,No definido,47.0,2021-12-15,2021,False,0
CO1.PCCNTR.5190964,Cerrado,2023-07-14,2023-07-14,2023-12-15,Prestación de servicios,Contratación directa,163 Dia(s),0,26610779.0,24149665.0,2461114.0,No,No,No definido,154.0,2023-07-14,2023,False,1
CO1.PCCNTR.143809,Cerrado,2017-05-09,2017-04-26,2018-09-14,Prestación de servicios,Contratación directa (con ofertas),No definido,0,84287372.0,69230210.0,15057162.0,No,No,Hombre,506.0,2017-05-09,2017,False,1
CO1.PCCNTR.815872,Cerrado,2019-04-02,2019-02-06,2020-04-30,Prestación de servicios,Contratación directa,Dia(s),0,219439838.0,215070460.0,4369378.0,No,No,Mujer,449.0,2019-04-02,2019,False,1
CO1.PCCNTR.306906,Cerrado,2018-01-28,2018-01-18,2018-12-31,Prestación de servicios,Contratación directa,No definido,0,126813302.0,125673764.0,1139538.0,No,No,No definido,347.0,2018-01-28,2018,False,1
CO1.PCCNTR.6159205,Cerrado,2024-04-04,2024-04-09,2024-12-31,Prestación de servicios,Contratación directa,262 Dia(s),0,47093749.0,46374761.0,718988.0,No,No,No definido,266.0,2024-04-04,2024,False,1
CO1.PCCNTR.7597178,En ejecución,2025-03-05,2025-03-19,2025-12-31,Prestación de servicios,Contratación directa,297 Dia(s),0,24900000.0,24544594.0,355406.0,No,No,No definido,287.0,2025-03-05,2025,False,1
CO1.PCCNTR.4631643,Cerrado,2023-02-19,2023-02-19,2023-06-15,Prestación de servicios,Contratación directa,4 Mes(es),0,42690064.0,41978563.0,711501.0,No,No,No definido,116.0,2023-02-19,2023,False,1
CO1.PCCNTR.653652,Cerrado,2018-12-17,2018-11-19,2018-12-31,Prestación de servicios,Contratación directa,No definido,0,5967563.0,5221618.0,745945.0,No,No,No definido,42.0,2018-12-17,2018,False,1
CO1.PCCNTR.7522036,En ejecución,2025-02-26,2025-02-28,2025-11-27,Prestación de servicios,Contratación directa,9 Mes(es),0,137981259.0,136959176.0,1022083.0,No,No,No definido,272.0,2025-02-26,2025,False,1
CO1.PCCNTR.245214,Cerrado,2017-12-18,2017-12-12,2018-11-27,Prestación de servicios,Contratación directa (con ofertas),No definido,0,58056281.0,56142915.0,1913366.0,No,No,No definido,350.0,2017-12-18,2017,False,1
CO1.PCCNTR.5025029,Cerrado,2023-06-05,2023-06-05,2023-12-31,Prestación de servicios,Contratación directa,214 Dia(s),0,36395934.0,36052575.0,343359.0,No,No,Hombre,209.0,2023-06-05,2023,False,1
CO1.PCCNTR.7827728,En ejecución,2025-04-30,2025-05-05,2025-10-31,Prestación de servicios,Contratación directa,183 Dia(s),0,44153333.0,43413333.0,740000.0,No,No,No definido,179.0,2025-04-30,2025,False,1
CO1.PCCNTR.617043,Cerrado,2018-11-08,2018-10-22,2018-12-31,Prestación de servicios,Contratación directa,No definido,0,34879604.0,32522874.0,2356730.0,No,No,No definido,70.0,2018-11-08,2018,False,1
CO1.PCCNTR.456498,Cerrado,2018-07-12,2018-06-25,2018-12-31,Prestación de servicios,Contratación directa,Dia(s),0,44896529.0,42802908.0,2093621.0,No,No,No definido,189.0,2018-07-12,2018,False,1
CO1.PCCNTR.3514560,Cerrado,2022-02-02,2022-02-02,2022-12-31,Prestación de servicios,Contratación directa,334 Dia(s),0,28972815.0,28377908.0,594907.0,No,No,No definido,332.0,2022-02-02,2022,False,1
CO1.PCCNTR.5674529,En ejecución,2023-12-27,2023-12-28,2027-12-30,Negocio fiduciario,Licitación pública,48 Mes(es),0,2983520928.0,0.0,2983520928.0,No,Si,No definido,1463.0,2023-12-27,2023,False,0
CO1.PCCNTR.4189019,Cerrado,2022-11-25,2022-11-25,2022-12-31,Prestación de servicios,Contratación directa,57 Dia(s),0,18135091.0,16151566.0,1983525.0,No,No,Mujer,36.0,2022-11-25,2022,False,1
CO1.PCCNTR.391887,Cerrado,2018-05-04,2018-04-23,2022-12-31,Prestación de servicios,Contratación régimen especial (con ofertas),Dia(s),0,600000000.0,480000000.0,120000000.0,Si,No,No definido,1713.0,2018-05-04,2018,False,0
CO1.PCCNTR.122114,Cerrado,2017-03-21,2017-03-08,2017-03-31,Prestación de servicios,Contratación directa (con ofertas),Dia(s),0,22301600.0,21186519.0,1115080.0,No,No,No definido,23.0,2017-03-21,2017,False,1
CO1.PCCNTR.2793998,Cerrado,2021-09-02,2021-09-02,2022-10-31,Prestación de servicios,Contratación directa,300 Dia(s),0,89374815.0,89374814.0,1.0,No,No,No definido,424.0,2021-09-02,2021,False,1
CO1.PCCNTR.452104,Cerrado,2018-07-12,2018-06-20,2018-12-31,Prestación de servicios,Contratación directa,No definido,0,26930454.0,26372310.0,558144.0,No,No,No definido,194.0,2018-07-12,2018,False,1
CO1.PCCNTR.5847467,Cerrado,2024-01-31,2024-02-02,2024-12-31,Prestación de servicios,Contratación directa,8 Mes(es),0,90030784.0,89757134.0,273650.0,No,No,No definido,333.0,2024-01-31,2024,False,1
CO1.PCCNTR.86503,Cerrado,2016-12-30,2016-11-29,2017-12-31,Prestación de servicios,Contratación directa (con ofertas),No definido,0,35284596.0,0.0,35284596.0,No,No,No definido,397.0,2016-12-30,2016,False,1
CO1.PCCNTR.80504,Cerrado,2016-12-30,2016-10-31,2016-12-30,Consultoría,Mínima cuantía,Dia(s),0,23826400.0,0.0,23826400.0,Si,No,Hombre,60.0,2016-12-30,2016,False,0
CO1.PCCNTR.5024373,Cerrado,2023-06-05,2023-06-05,2024-03-31,Prestación de servicios,Contratación directa,214 Dia(s),0,165018608.0,163925770.0,1092838.0,No,No,No definido,300.0,2023-06-05,2023,False,1
CO1.PCCNTR.206401,Aprobado,2017-10-26,2017-10-02,2017-12-28,Compraventa,Mínima cuantía,No definido,0,71794366.0,0.0,71794366.0,Si,No,No definido,87.0,2017-10-26,2017,False,0
CO1.PCCNTR.6254183,Cerrado,2024-05-06,2024-05-08,2024-12-31,Prestación de servicios,Contratación directa,239 Dia(s),0,61426258.0,59884176.0,1542082.0,No,No,Mujer,237.0,2024-05-06,2024,False,1
CO1.PCCNTR.811236,Cerrado,2019-02-26,2019-02-05,2020-06-15,Prestación de servicios,Contratación directa,Dia(s),0,72607571.0,69677313.0,2930258.0,No,No,No definido,496.0,2019-02-26,2019,False,1
CO1.PCCNTR.8699896,Modificado,2025-12-14,2025-12-17,2026-10-31,Prestación de servicios,Contratación directa,226 Dia(s),92,126500000.0,74433333.0,52066667.0,No,No,Hombre,318.0,2025-12-14,2025,False,1
CO1.PCCNTR.1552253,Cerrado,2020-06-04,2020-06-04,2021-04-30,Prestación de servicios,Contratación directa,358 Dia(s),0,44312141.0,44187318.0,124823.0,No,No,No definido,330.0,2020-06-04,2020,False,1
CO1.PCCNTR.7544332,Modificado,2025-02-24,2025-02-26,2025-12-15,Prestación de servicios,Contratación directa,290 Dia(s),51,73640667.0,73132800.0,507867.0,No,No,No definido,292.0,2025-02-24,2025,False,1
CO1.PCCNTR.4184389,Modificado,2022-11-11,2022-11-11,2026-10-31,Otro,Contratación directa,1455 Dia(s),124,3043935671.86,0.0,3043935671.0,No,No,No definido,1450.0,2022-11-11,2022,False,1
CO1.PCCNTR.121725,Cerrado,2017-04-03,2017-03-08,2017-12-31,Prestación de servicios,Contratación directa (con ofertas),No definido,0,98534226.0,97202683.0,1331543.0,No,No,No definido,298.0,2017-04-03,2017,False,1
CO1.PCCNTR.520290,Cerrado,2018-08-17,2018-08-09,2019-03-15,Prestación de servicios,Contratación directa,No definido,0,52711485.0,50837299.0,1874186.0,No,No,Hombre,218.0,2018-08-17,2018,False,1
CO1.PCCNTR.8682461,En ejecución,2025-12-15,2025-12-18,2026-07-31,Prestación de servicios,Contratación directa,229 Dia(s),0,89600487.0,76529803.0,13070684.0,No,No,No definido,225.0,2025-12-15,2025,False,1
CO1.PCCNTR.1552381,Cerrado,2020-06-08,2020-06-08,2021-03-31,Prestación de servicios,Contratación directa,328 Dia(s),0,67038520.0,66627241.0,411279.0,No,No,Mujer,296.0,2020-06-08,2020,False,1
CO1.PCCNTR.7634222,Cerrado,2025-03-13,2025-03-19,2025-11-18,Prestación de servicios,Contratación directa,8 Mes(es),0,85094584.0,85094584.0,0.0,No,No,No definido,244.0,2025-03-13,2025,False,1
CO1.PCCNTR.8288955,En ejecución,2025-09-08,2025-09-23,2025-12-31,Prestación de servicios,Contratación directa,113 Dia(s),0,19069600.0,14157733.0,4911867.0,No,No,Hombre,99.0,2025-09-08,2025,False,1
CO1.PCCNTR.301548,Cerrado,2018-01-23,2018-01-18,2018-12-31,Prestación de servicios,Contratación directa,No definido,0,105568302.0,104652970.0,915332.0,No,No,No definido,347.0,2018-01-23,2018,False,1
CO1.PCCNTR.5828207,Cerrado,2024-01-26,2024-02-01,2024-12-31,Prestación de servicios,Contratación directa,11 Mes(es),0,96701000.0,96701000.0,0.0,No,No,No definido,334.0,2024-01-26,2024,False,1
CO1.PCCNTR.7834033,En ejecución,2025-05-02,2025-05-08,2025-12-07,Prestación de servicios,Contratación directa,7 Mes(es),0,29404452.0,28424304.0,980148.0,No,No,No definido,213.0,2025-05-02,2025,False,1
CO1.PCCNTR.9743723,Aprobado,2026-08-03,,2026-12-31,Suministros,Selección abreviada subasta inversa,146 Dia(s),0,183280000.0,0.0,183280000.0,Si,No,Mujer,,2026-08-03,2026,False,0
CO1.PCCNTR.7123403,Cerrado,2024-12-10,2024-12-16,2025-08-31,Prestación de servicios,Contratación directa,261 Dia(s),0,55020000.0,53550000.0,1470000.0,No,No,Hombre,258.0,2024-12-10,2024,False,1
CO1.PCCNTR.2218121,Cerrado,2021-02-25,2021-02-25,2021-12-31,Prestación de servicios,Contratación directa,331 Dia(s),0,39058736.0,34718876.0,4339860.0,No,No,Hombre,309.0,2021-02-25,2021,False,1
CO1.PCCNTR.1552536,Cerrado,2020-06-05,2020-06-05,2021-04-30,Prestación de servicios,Contratación directa,358 Dia(s),0,77712908.0,77493998.0,218910.0,No,No,No definido,329.0,2020-06-05,2020,False,1
CO1.PCCNTR.7057711,Cerrado,2024-11-22,2024-11-28,2025-06-30,Prestación de servicios,Contratación directa,215 Dia(s),0,41975720.0,41408787.0,566933.0,No,No,No definido,214.0,2024-11-22,2024,False,1
CO1.PCCNTR.3652305,Cerrado,2022-04-20,2022-04-25,2023-12-31,Prestación de servicios,Mínima cuantía,20 Mes(es),0,34551288.0,33707000.0,844288.0,No,No,No definido,615.0,2022-04-20,2022,False,0
CO1.PCCNTR.817673,Cerrado,2019-04-03,2019-02-06,2019-12-31,Prestación de servicios,Contratación directa,No definido,0,117248666.0,114070239.0,3178427.0,No,No,No definido,328.0,2019-04-03,2019,False,1
CO1.PCCNTR.6318364,Cerrado,2024-05-15,2024-05-21,2025-04-20,Prestación de servicios,Contratación directa,334 Dia(s),0,109829500.0,109829499.0,0.0,No,No,No definido,334.0,2024-05-15,2024,False,1
CO1.PCCNTR.6818418,En ejecución,2024-10-01,2024-10-11,2024-11-30,Compraventa,Selección abreviada subasta inversa,65 Dia(s),0,1109610500.0,1109610500.0,0.0,No,No,No definido,50.0,2024-10-01,2024,False,0
CO1.PCCNTR.73701,Cerrado,2016-11-01,2016-10-25,2016-12-31,Prestación de servicios,Contratación directa (con ofertas),Dia(s),0,11333333.0,3906250.0,7427083.0,No,No,No definido,67.0,2016-11-01,2016,False,1
CO1.PCCNTR.5906893,Cerrado,2024-02-09,2024-02-15,2024-12-31,Prestación de servicios,Contratación directa,316 Dia(s),0,181474576.0,180900290.0,574286.0,No,No,Mujer,320.0,2024-02-09,2024,False,1
CO1.PCCNTR.8385303,En ejecución,2025-10-15,2025-10-29,2026-07-31,Prestación de servicios,Contratación directa,292 Dia(s),0,9639800.0,8595277.0,1044523.0,Si,No,No definido,275.0,2025-10-15,2025,False,1
CO1.PCCNTR.5354974,Cerrado,2023-09-08,2023-09-08,2024-02-29,Prestación de servicios,Contratación directa,117 Dia(s),0,63844200.0,63844200.0,0.0,No,No,No definido,174.0,2023-09-08,2023,False,1
CO1.PCCNTR.2388569,Cerrado,2021-04-14,2021-04-14,2022-05-31,Prestación de servicios,Contratación directa,280 Dia(s),0,174836360.0,94351346.0,80485013.0,No,No,No definido,412.0,2021-04-14,2021,False,1
CO1.PCCNTR.4226469,Cerrado,2022-11-25,2022-11-25,2023-08-31,Prestación de servicios,Contratación directa,287 Dia(s),0,75587003.0,73779937.0,1807066.0,No,No,No definido,279.0,2022-11-25,2022,False,1
CO1.PCCNTR.6782819,Cerrado,2024-09-19,2024-09-24,2024-12-31,Prestación de servicios,Contratación directa,104 Dia(s),0,41899867.0,35856616.0,6043251.0,No,No,Mujer,98.0,2024-09-19,2024,False,1
CO1.PCCNTR.9045919,En ejecución,2026-01-24,2026-01-29,2026-09-30,Prestación de servicios,Contratación directa,251 Dia(s),0,38228400.0,23058400.0,15170000.0,No,No,Mujer,244.0,2026-01-24,2026,False,1
CO1.PCCNTR.9300849,En ejecución,2026-01-30,2026-01-30,2027-01-29,Comodato,Contratación directa,1 Año(s),0,0.0,0.0,0.0,No,No,No definido,364.0,2026-01-30,2026,True,1
CO1.PCCNTR.9771900,Aprobado,2026-08-06,,2026-12-31,Prestación de servicios,Contratación directa,146 Dia(s),0,45770480.0,0.0,45770480.0,No,No,Hombre,,2026-08-06,2026,False,1
CO1.PCCNTR.5390880,Cerrado,2023-09-21,2023-09-21,2024-06-12,Prestación de servicios,Contratación directa,285 Dia(s),0,36876918.0,36129867.0,747051.0,No,No,Mujer,265.0,2023-09-21,2023,False,1
CO1.PCCNTR.2336383,Cerrado,2021-03-23,2021-03-23,2021-12-15,Prestación de servicios,Contratación directa,267 Dia(s),0,144729753.0,143184596.0,1545157.0,No,No,No definido,267.0,2021-03-23,2021,False,1
CO1.PCCNTR.706222,Cerrado,2019-01-16,2018-12-27,2019-04-30,Prestación de servicios,Contratación directa,Dia(s),0,43322883.0,42299508.0,1023374.0,No,No,No definido,124.0,2019-01-16,2019,False,1
CO1.PCCNTR.8639977,En ejecución,2025-12-01,2025-12-05,2026-07-31,Prestación de servicios,Contratación directa,238 Dia(s),0,99866118.0,87104322.0,12761796.0,No,No,No definido,238.0,2025-12-01,2025,False,1
CO1.PCCNTR.4650620,Cerrado,2023-02-22,2023-02-22,2023-06-17,Prestación de servicios,Contratación directa,4 Mes(es),0,34003296.0,29469523.0,4533773.0,No,No,Mujer,115.0,2023-02-22,2023,False,1
CO1.PCCNTR.7338328,En ejecución,2025-01-30,2025-02-06,2025-11-05,Prestación de servicios,Contratación directa,9 Mes(es),0,39006000.0,38717066.0,288934.0,No,No,Mujer,272.0,2025-01-30,2025,False,1
CO1.PCCNTR.7040729,Cerrado,2024-11-25,2024-11-28,2025-05-31,Prestación de servicios,Contratación directa,190 Dia(s),0,41716500.0,40036500.0,1680000.0,No,No,Mujer,184.0,2024-11-25,2024,False,1
CO1.PCCNTR.2033619,Cerrado,2021-01-19,2021-01-19,2021-01-20,Prestación de servicios,Contratación directa,31 Dia(s),0,4349690.0,3288790.0,1060900.0,No,No,Hombre,1.0,2021-01-19,2021,False,1
CO1.PCCNTR.3422298,Cerrado,2022-02-03,2022-02-03,2022-12-31,Prestación de servicios,Contratación directa,341 Dia(s),0,182493410.0,178779882.0,3713528.0,No,No,Hombre,331.0,2022-02-03,2022,False,1
CO1.PCCNTR.298492,Cerrado,2018-01-28,2018-01-18,2018-12-31,Prestación de servicios,Contratación directa,No definido,0,58550000.0,58216667.0,333333.0,No,No,No definido,347.0,2018-01-28,2018,False,1
CO1.PCCNTR.3066774,Cerrado,2021-12-06,2021-12-06,2022-10-20,Prestación de servicios,Contratación directa,218 Dia(s),0,142169798.0,140083361.0,2086437.0,No,No,No definido,318.0,2021-12-06,2021,False,1
CO1.PCCNTR.9044686,En ejecución,2026-01-24,2026-01-27,2026-09-30,Prestación de servicios,Contratación directa,251 Dia(s),0,28973767.0,17776733.0,11197034.0,No,No,Hombre,246.0,2026-01-24,2026,False,1
CO1.PCCNTR.3551706,Cerrado,2022-02-07,2022-02-07,2022-12-31,Prestación de servicios,Contratación directa,334 Dia(s),0,134634897.0,133421970.0,1212927.0,No,No,Mujer,327.0,2022-02-07,2022,False,1
CO1.PCCNTR.2981973,Cerrado,2021-12-15,2021-12-15,2021-12-15,Compraventa,Selección abreviada subasta inversa,23 Dia(s),0,338520000.0,338520000.0,0.0,Si,No,No definido,0.0,2021-12-15,2021,False,0
CO1.PCCNTR.143209,Cerrado,2017-07-05,2017-05-02,2017-12-31,Prestación de servicios,Contratación directa (con ofertas),No definido,0,14280000.0,14280000.0,0.0,No,No,Mujer,243.0,2017-07-05,2017,False,1
CO1.PCCNTR.8129320,En ejecución,2025-07-28,2025-08-01,2025-12-31,Prestación de servicios,Contratación directa,5 Mes(es),0,37500000.0,37500000.0,0.0,No,No,Mujer,152.0,2025-07-28,2025,False,1
CO1.PCCNTR.9142959,Cedido,2026-01-26,2026-01-28,2026-12-28,Prestación de servicios,Contratación directa,330 Dia(s),0,93993680.0,40160936.0,53832744.0,No,No,Mujer,334.0,2026-01-26,2026,False,1
CO1.PCCNTR.797778,Cerrado,2019-02-26,2019-01-30,2019-12-31,Prestación de servicios,Contratación directa,No definido,0,78561151.0,75128934.0,3432217.0,No,No,No definido,335.0,2019-02-26,2019,False,1
CO1.PCCNTR.7059869,Cerrado,2024-11-28,2024-12-04,2025-05-31,Prestación de servicios,Contratación directa,186 Dia(s),0,49600000.0,47200000.0,2400000.0,No,No,Mujer,178.0,2024-11-28,2024,False,1
CO1.PCCNTR.685851,Cerrado,2018-12-26,2018-12-11,2019-11-30,Prestación de servicios,Contratación directa,No definido,0,59976975.0,58663131.0,1313844.0,No,No,No definido,354.0,2018-12-26,2018,False,1
CO1.PCCNTR.5699992,Cerrado,2023-12-29,2023-12-29,2024-12-31,Prestación de servicios,Contratación directa,367 Dia(s),0,114616160.0,112752483.0,1863677.0,No,No,Mujer,368.0,2023-12-29,2023,False,1
CO1.PCCNTR.1142620,Cerrado,2019-12-04,2019-10-18,2023-07-29,Seguros,Licitación pública,,0,1991412610.0,1991312609.0,100001.0,No,Si,No definido,1380.0,2019-12-04,2019,False,0
CO1.PCCNTR.2212252,Cerrado,2021-02-17,2021-02-17,2021-10-31,Prestación de servicios,Contratación directa,332 Dia(s),0,67620825.0,65893286.0,1727539.0,No,No,Mujer,256.0,2021-02-17,2021,False,1
CO1.PCCNTR.3070804,Cerrado,2021-12-06,2021-12-06,2022-11-14,Prestación de servicios,Contratación directa,354 Dia(s),0,32927011.0,32927011.0,0.0,Si,No,No definido,343.0,2021-12-06,2021,False,1
CO1.PCCNTR.628631,Cerrado,2018-12-05,2018-10-30,2018-12-31,Prestación de servicios,Contratación directa,No definido,0,8067269.0,7224420.0,842849.0,No,No,No definido,62.0,2018-12-05,2018,False,1
CO1.PCCNTR.7760845,En ejecución,2025-04-10,2025-04-15,2025-11-30,Prestación de servicios,Contratación directa,231 Dia(s),0,61600000.0,60266666.0,1333334.0,No,No,Mujer,229.0,2025-04-10,2025,False,1
CO1.PCCNTR.4802079,Cerrado,2023-03-28,2023-03-28,2023-12-31,Prestación de servicios,Contratación directa,282 Dia(s),0,77958797.0,74169133.0,3789664.0,No,No,Hombre,278.0,2023-03-28,2023,False,1
CO1.PCCNTR.3396125,Cerrado,2022-02-02,2022-02-02,2022-12-31,Prestación de servicios,Contratación directa,341 Dia(s),0,49371912.0,47949090.0,1422822.0,No,No,Hombre,332.0,2022-02-02,2022,False,1
CO1.PCCNTR.7556769,Cerrado,2025-02-26,2025-03-03,2025-11-02,Prestación de servicios,Contratación directa,8 Mes(es),0,67448000.0,67448000.0,0.0,No,No,No definido,244.0,2025-02-26,2025,False,1
CO1.PCCNTR.3507090,Cerrado,2022-02-04,2022-02-04,2022-12-31,Prestación de servicios,Contratación directa,341 Dia(s),0,117950000.0,116550000.0,1400000.0,No,No,Hombre,330.0,2022-02-04,2022,False,1
CO1.PCCNTR.8489062,Modificado,2025-10-25,2025-10-31,2026-10-31,Prestación de servicios,Contratación directa,12 Mes(es),92,75275284.0,49455266.0,25820018.0,No,No,No definido,365.0,2025-10-25,2025,False,1
CO1.PCCNTR.5200268,Cerrado,2023-07-14,2023-07-14,2023-12-31,Prestación de servicios,Contratación directa,177 Dia(s),0,53118817.0,49908339.0,3210478.0,No,No,No definido,170.0,2023-07-14,2023,False,1
CO1.PCCNTR.93301,Cerrado,2016-12-26,2016-12-19,2017-03-15,Prestación de servicios,Contratación directa (con ofertas),Dia(s),0,21000000.0,0.0,21000000.0,No,No,No definido,86.0,2016-12-26,2016,False,1
CO1.PCCNTR.112004,Cerrado,2017-02-10,2017-02-07,2018-05-31,Prestación de servicios,Contratación directa (con ofertas),No definido,0,110214328.0,106600744.0,3613584.0,No,No,Mujer,478.0,2017-02-10,2017,False,1
CO1.PCCNTR.5828178,Cerrado,2024-01-29,2024-02-01,2024-12-31,Prestación de servicios,Contratación directa,11 Mes(es),0,96701000.0,96701000.0,0.0,No,No,No definido,334.0,2024-01-29,2024,False,1
CO1.PCCNTR.863376,Cerrado,2019-03-28,2019-02-26,2019-12-31,Prestación de servicios,Contratación directa,No definido,0,78250000.0,75750000.0,2500000.0,No,No,No definido,308.0,2019-03-28,2019,False,1
CO1.PCCNTR.2479873,Cerrado,2021-05-14,2021-05-14,2021-11-30,Prestación de servicios,Contratación directa,215 Dia(s),0,63845583.0,62954714.0,890869.0,No,No,Hombre,200.0,2021-05-14,2021,False,1
CO1.PCCNTR.245312,Cerrado,2017-12-13,2017-12-06,2018-11-27,Prestación de servicios,Contratación directa (con ofertas),No definido,0,51204543.0,50501396.0,703147.0,No,No,No definido,356.0,2017-12-13,2017,False,1
CO1.PCCNTR.6140083,Cerrado,2024-03-22,2024-03-27,2024-12-31,Prestación de servicios,Contratación directa,280 Dia(s),0,446133333.0,216600000.0,229533333.0,No,No,Hombre,279.0,2024-03-22,2024,False,1
CO1.PCCNTR.7515066,Cerrado,2025-02-19,2025-02-21,2025-10-20,Prestación de servicios,Contratación directa,8 Mes(es),0,45560000.0,45180334.0,379666.0,No,No,Hombre,241.0,2025-02-19,2025,False,1
CO1.PCCNTR.7373209,En ejecución,2025-02-06,2025-02-07,2025-10-06,Prestación de servicios,Contratación directa,8 Mes(es),0,101712000.0,100864400.0,847600.0,No,No,Hombre,241.0,2025-02-06,2025,False,1
CO1.PCCNTR.8720582,Modificado,2025-12-20,2025-12-26,2026-10-31,Prestación de servicios,Contratación directa,311 Dia(s),92,47385067.0,28026533.0,19358534.0,No,No,Mujer,309.0,2025-12-20,2025,False,1
CO1.PCCNTR.84102,Cerrado,2016-12-01,2016-11-21,2017-10-31,Prestación de servicios,Contratación directa (con ofertas),No definido,0,182979300.0,0.0,182979300.0,No,No,Mujer,344.0,2016-12-01,2016,False,1
CO1.PCCNTR.2316912,Cerrado,2021-03-16,2021-03-16,2021-07-31,Prestación de servicios,Contratación directa,152 Dia(s),0,12150000.0,4676670.0,7473330.0,No,No,Hombre,137.0,2021-03-16,2021,False,1
CO1.PCCNTR.8472832,En ejecución,2025-10-22,2025-10-24,2025-12-31,Prestación de servicios,Contratación directa,71 Dia(s),0,24242814.0,20050867.0,4191947.0,No,No,No definido,68.0,2025-10-22,2025,False,1
CO1.PCCNTR.7367065,En ejecución,2025-01-31,2025-02-05,2025-11-04,Prestación de servicios,Contratación directa,9 Mes(es),0,39006000.0,38717067.0,288933.0,No,No,No definido,272.0,2025-01-31,2025,False,1
CO1.PCCNTR.7359177,En ejecución,2025-01-29,2025-02-04,2025-11-03,Prestación de servicios,Contratación directa,9 Mes(es),0,104484114.0,103710158.0,773956.0,No,No,Hombre,272.0,2025-01-29,2025,False,1
CO1.PCCNTR.8675100,En ejecución,2025-12-05,2025-12-12,2026-07-31,Prestación de servicios,Contratación directa,234 Dia(s),0,104907000.0,88164266.0,16742734.0,No,No,Hombre,231.0,2025-12-05,2025,False,1
CO1.PCCNTR.1679586,Cerrado,2020-08-05,2020-08-05,2020-10-31,Prestación de servicios,Contratación directa,117 Dia(s),0,17405555.0,16820494.0,585061.0,No,No,No definido,87.0,2020-08-05,2020,False,1
CO1.PCCNTR.5004467,Cerrado,2023-05-30,2023-05-30,2024-04-19,Prestación de servicios,Contratación directa,220 Dia(s),0,59696091.0,58257631.0,1438460.0,No,No,No definido,325.0,2023-05-30,2023,False,1
CO1.PCCNTR.1612579,Cerrado,2020-07-07,2020-07-07,2021-04-15,Prestación de servicios,Contratación directa,211 Dia(s),0,79701400.0,78448233.0,1253167.0,No,No,No definido,282.0,2020-07-07,2020,False,1
CO1.PCCNTR.843867,Cerrado,2019-04-16,2019-02-15,2019-12-31,Prestación de servicios,Contratación directa,No definido,0,68860886.0,60147008.0,8713878.0,No,No,Mujer,319.0,2019-04-16,2019,False,1
CO1.PCCNTR.114214,Cerrado,2017-03-14,2017-02-17,2017-12-17,Prestación de servicios,Contratación directa (con ofertas),No definido,0,89130547.0,86095141.0,3035406.0,No,No,No definido,303.0,2017-03-14,2017,False,1
CO1.PCCNTR.7528090,Cerrado,2025-02-24,2025-03-05,2025-05-04,Prestación de servicios,Contratación directa,2 Mes(es),0,180000000.0,180000000.0,0.0,No,No,No definido,60.0,2025-02-24,2025,False,1
CO1.PCCNTR.3137730,Cerrado,2021-12-24,2021-12-24,2022-11-21,Prestación de servicios,Contratación directa,221 Dia(s),0,101024588.0,99516758.0,1507830.0,No,No,No definido,332.0,2021-12-24,2021,False,1
CO1.PCCNTR.8550026,En ejecución,2025-11-10,2025-11-19,2026-07-31,Prestación de servicios,Contratación directa,254 Dia(s),0,60970000.0,46337200.0,14632800.0,No,No,Hombre,254.0,2025-11-10,2025,False,1
CO1.PCCNTR.3148752,Cerrado,2021-12-30,2021-12-30,2022-11-30,Prestación de servicios,Contratación directa,216 Dia(s),0,81672285.0,75974219.0,5698066.0,No,No,Hombre,335.0,2021-12-30,2021,False,1
CO1.PCCNTR.7677403,Modificado,2025-03-28,2025-04-03,2025-12-31,Prestación de servicios,Contratación directa,268 Dia(s),29,96346000.0,96346000.0,0.0,No,No,Hombre,272.0,2025-03-28,2025,False,1
CO1.PCCNTR.7042039,En ejecución,2024-11-22,2024-11-27,2025-06-30,Prestación de servicios,Contratación directa,220 Dia(s),0,23083599.0,22256336.0,827263.0,No,No,Mujer,215.0,2024-11-22,2024,False,1
CO1.PCCNTR.8376703,Modificado,2025-10-03,2025-11-04,2026-10-31,Prestación de servicios,Contratación directa,268 Dia(s),92,104358400.0,33664000.0,70694400.0,No,No,No definido,361.0,2025-10-03,2025,False,1
CO1.PCCNTR.7687008,En ejecución,2025-04-10,2025-08-05,2030-08-04,Otro,Licitación pública,5 Año(s),0,62371843380.0,0.0,62371843380.0,No,Si,No definido,1825.0,2025-04-10,2025,False,0
CO1.PCCNTR.6197940,Cerrado,2024-04-12,2024-04-17,2024-12-31,Prestación de servicios,Contratación directa,254 Dia(s),0,145868805.0,145868805.0,0.0,No,No,No definido,258.0,2024-04-12,2024,False,1
CO1.PCCNTR.6399080,Cerrado,2024-06-05,2024-06-14,2024-12-31,Prestación de servicios,Contratación directa,206 Dia(s),0,34333342.0,2333333.0,32000009.0,No,No,Hombre,200.0,2024-06-05,2024,False,1
CO1.PCCNTR.8632898,Modificado,2025-12-01,2025-12-05,2026-12-28,Prestación de servicios,Contratación directa,393 Dia(s),150,208964956.0,96586884.0,112378072.0,No,No,No definido,388.0,2025-12-01,2025,False,1
CO1.PCCNTR.246462,Cerrado,2017-12-15,2017-12-06,2018-07-31,Prestación de servicios,Contratación directa (con ofertas),No definido,0,54587944.0,53450695.0,1137249.0,No,No,Hombre,237.0,2017-12-15,2017,False,1
CO1.PCCNTR.6524103,Cerrado,2024-07-25,2024-08-06,2025-07-25,Arrendamiento de inmuebles,Contratación directa,12 Mes(es),0,4800000.0,0.0,4800000.0,No,No,Hombre,353.0,2024-07-25,2024,False,1
CO1.PCCNTR.2747548,Cerrado,2021-08-30,2021-08-30,2021-12-31,Prestación de servicios,Mínima cuantía,133 Dia(s),0,68000000.0,67999999.0,0.0,No,No,No definido,123.0,2021-08-30,2021,False,0
CO1.PCCNTR.4670341,Cerrado,2023-02-24,2023-02-24,2023-06-21,Prestación de servicios,Contratación directa,4 Mes(es),0,15890960.0,15626111.0,264849.0,No,No,No definido,117.0,2023-02-24,2023,False,1
CO1.PCCNTR.6140997,Cerrado,2024-03-22,2024-04-03,2025-03-31,Prestación de servicios,Contratación directa,358 Dia(s),0,71600000.0,65600000.0,6000000.0,No,No,Mujer,362.0,2024-03-22,2024,False,1
CO1.PCCNTR.682662,Cerrado,2018-12-17,2018-12-11,2018-12-18,Seguros,Mínima cuantía,No definido,0,10832850.0,0.0,10832850.0,No,No,Hombre,7.0,2018-12-17,2018,False,0
CO1.PCCNTR.1321374,Cerrado,2020-02-03,2020-01-27,2020-12-31,Prestación de servicios,Contratación directa,No definido,0,57541095.0,56710057.0,831038.0,No,No,No definido,339.0,2020-02-03,2020,False,1
CO1.PCCNTR.5789519,Cerrado,2024-01-22,2024-01-23,2024-12-31,Prestación de servicios,Contratación directa,338 Dia(s),0,124333300.0,119180900.0,5152400.0,No,No,No definido,343.0,2024-01-22,2024,False,1
CO1.PCCNTR.312257,Cerrado,2018-02-07,2018-01-23,2018-12-31,Prestación de servicios,Contratación directa,No definido,0,136093333.0,132946666.0,3146667.0,No,No,Mujer,342.0,2018-02-07,2018,False,1
CO1.PCCNTR.1542619,Cerrado,2020-05-19,2020-04-30,2020-12-31,Prestación de servicios,Contratación directa,254 Dia(s),0,97200000.0,80520378.0,16679622.0,No,No,No definido,245.0,2020-05-19,2020,False,1
CO1.PCCNTR.325673,Cerrado,2018-02-02,2018-01-26,2018-12-31,Prestación de servicios,Contratación directa,No definido,0,33293000.0,2308371.0,30984629.0,No,No,No definido,339.0,2018-02-02,2018,False,1
CO1.PCCNTR.693550,Cerrado,2019-01-18,2018-12-14,2019-10-31,Prestación de servicios,Contratación directa,No definido,0,54043175.0,51784654.0,2258521.0,No,No,No definido,321.0,2019-01-18,2019,False,1
CO1.PCCNTR.6347462,Cerrado,2024-05-29,2024-06-06,2025-06-30,Prestación de servicios,Mínima cuantía,11 Mes(es),0,32949100.0,31970684.0,978416.0,Si,No,Hombre,389.0,2024-05-29,2024,False,0
CO1.PCCNTR.3131164,Cerrado,2021-12-24,2021-12-24,2022-10-07,Prestación de servicios,Contratación directa,195 Dia(s),0,51411245.0,51240051.0,171194.0,No,No,Mujer,287.0,2021-12-24,2021,False,1
CO1.PCCNTR.163115,Cerrado,2017-07-14,2017-06-29,2017-11-30,Prestación de servicios,Contratación directa (con ofertas),No definido,0,39895333.0,36290332.0,3605001.0,No,No,No definido,154.0,2017-07-14,2017,False,1
CO1.PCCNTR.5451620,Cerrado,2023-10-18,2023-10-18,2024-02-09,Prestación de servicios,Contratación directa,81 Dia(s),0,25006667.0,24180000.0,826667.0,No,No,No definido,114.0,2023-10-18,2023,False,1
CO1.PCCNTR.5274664,Cerrado,2023-08-11,2023-08-11,2023-12-31,Prestación de servicios,Contratación directa,150 Dia(s),0,20459610.0,19504828.0,954782.0,No,No,Mujer,142.0,2023-08-11,2023,False,1
CO1.PCCNTR.1713966,Cerrado,2020-08-21,2020-08-21,2021-07-09,Prestación de servicios,Contratación directa,352 Dia(s),0,81107416.0,79533256.0,1574160.0,No,No,No definido,322.0,2020-08-21,2020,False,1
CO1.PCCNTR.183003,Cerrado,2017-09-20,2017-08-11,2018-11-30,Prestación de servicios,Contratación directa (con ofertas),No definido,0,74769032.0,72792222.0,1976810.0,No,No,Hombre,476.0,2017-09-20,2017,False,1
CO1.PCCNTR.3151702,Cerrado,2021-12-31,2021-12-31,2022-11-07,Prestación de servicios,Contratación directa,206 Dia(s),0,82092442.0,80027223.0,2065219.0,No,No,Hombre,311.0,2021-12-31,2021,False,1
CO1.PCCNTR.5699555,Modificado,2023-12-29,2023-12-29,2024-11-30,Prestación de servicios,Contratación directa,337 Dia(s),29,50250000.0,49050000.0,1200000.0,No,No,Mujer,337.0,2023-12-29,2023,False,1
CO1.PCCNTR.6017897,Cerrado,2024-03-01,2024-03-08,2024-12-31,Prestación de servicios,Contratación directa,8 Mes(es),0,97666667.0,97666667.0,0.0,No,No,Mujer,298.0,2024-03-01,2024,False,1
CO1.PCCNTR.3538030,Cerrado,2022-02-03,2022-02-03,2022-12-31,Prestación de servicios,Contratación directa,338 Dia(s),0,137689277.0,137278264.0,411013.0,No,No,Mujer,331.0,2022-02-03,2022,False,1
CO1.PCCNTR.4499525,Cerrado,2023-01-30,2023-01-30,2023-05-27,Prestación de servicios,Contratación directa,4 Mes(es),0,15201244.0,15201244.0,0.0,No,No,No definido,117.0,2023-01-30,2023,False,1
CO1.PCCNTR.4125125,Modificado,2022-10-24,2022-10-25,2023-10-26,Compraventa,Selección abreviada subasta inversa,12 Mes(es),183,2682757860.8,2682757858.0,2.0,Si,No,Hombre,366.0,2022-10-24,2022,False,0
CO1.PCCNTR.2269860,Cerrado,2021-03-08,2021-03-08,2022-06-10,Prestación de servicios,Contratación directa,319 Dia(s),0,93941168.0,92571192.0,1369976.0,No,No,Hombre,459.0,2021-03-08,2021,False,1
CO1.PCCNTR.125308,Cerrado,2017-04-03,2017-03-22,2017-12-31,Prestación de servicios,Contratación directa (con ofertas),No definido,0,105638483.0,99214521.0,6423962.0,No,No,No definido,284.0,2017-04-03,2017,False,1
CO1.PCCNTR.5412848,Cerrado,2023-09-28,2023-09-28,2024-06-24,Prestación de servicios,Contratación directa,271 Dia(s),0,81623005.0,78148132.0,3474872.0,No,No,Hombre,270.0,2023-09-28,2023,False,1
CO1.PCCNTR.7634749,En ejecución,2025-03-13,2025-03-19,2025-11-30,Prestación de servicios,Contratación directa,254 Dia(s),0,145880667.0,144732000.0,1148667.0,No,No,Hombre,256.0,2025-03-13,2025,False,1
CO1.PCCNTR.8492850,En ejecución,2025-11-04,2025-11-19,2026-07-31,Prestación de servicios,Contratación directa,252 Dia(s),0,56449959.0,49675964.0,6773995.0,No,No,No definido,254.0,2025-11-04,2025,False,1
CO1.PCCNTR.1552177,Cerrado,2020-05-19,2020-05-19,2021-04-30,Prestación de servicios,Contratación directa,358 Dia(s),0,177518093.0,177018042.0,500051.0,No,No,Hombre,346.0,2020-05-19,2020,False,1
CO1.PCCNTR.7572069,En ejecución,2025-02-28,2025-03-03,2025-12-02,Prestación de servicios,Contratación directa,9 Mes(es),0,91787364.0,91787364.0,0.0,No,No,Mujer,274.0,2025-02-28,2025,False,1
CO1.PCCNTR.2179045,Cerrado,2021-02-05,2021-02-05,2021-12-31,Prestación de servicios,Contratación directa,339 Dia(s),0,84964700.0,35589934.0,49374766.0,No,No,No definido,329.0,2021-02-05,2021,False,1
CO1.PCCNTR.415343,Cerrado,2018-05-21,2018-05-10,2018-11-30,Prestación de servicios,Mínima cuantía,No definido,0,31625000.0,12474973.0,19150027.0,No,No,No definido,204.0,2018-05-21,2018,False,0
CO1.PCCNTR.145706,Cerrado,2017-07-25,2017-05-11,2018-10-12,Prestación de servicios,Contratación directa (con ofertas),No definido,0,208904424.0,208089982.0,814442.0,No,No,No definido,519.0,2017-07-25,2017,False,1
CO1.PCCNTR.4669918,Cerrado,2023-02-24,2023-02-24,2023-06-21,Prestación de servicios,Contratación directa,4 Mes(es),0,18236552.0,17932610.0,303942.0,No,No,No definido,117.0,2023-02-24,2023,False,1
CO1.PCCNTR.8179504,En ejecución,2025-08-13,2025-08-15,2026-06-30,Prestación de servicios,Contratación directa,318 Dia(s),0,89600000.0,86666667.0,2933333.0,No,No,Mujer,319.0,2025-08-13,2025,False,1
CO1.PCCNTR.175904,Cerrado,2017-08-31,2017-07-19,2023-09-30,Arrendamiento de inmuebles,Contratación directa (con ofertas),Dia(s),0,3.5,0.0,3.0,No,No,Hombre,2264.0,2017-08-31,2017,False,1
CO1.PCCNTR.5427539,Cerrado,2023-10-04,2023-10-04,2024-02-17,Prestación de servicios,Contratación directa,90 Dia(s),0,29441721.0,28188881.0,1252839.0,No,No,No definido,136.0,2023-10-04,2023,False,1
CO1.PCCNTR.4797876,Cerrado,2023-03-24,2023-03-24,2023-12-31,Prestación de servicios,Contratación directa,283 Dia(s),0,80297558.0,77509449.0,2788109.0,No,No,Hombre,282.0,2023-03-24,2023,False,1
CO1.PCCNTR.814427,Cerrado,2019-04-03,2019-02-06,2020-03-31,Prestación de servicios,Contratación directa,Dia(s),0,182312806.0,178424618.0,3888188.0,No,No,No definido,419.0,2019-04-03,2019,False,1
CO1.PCCNTR.4738805,Cerrado,2023-03-09,2023-03-09,2023-12-31,Prestación de servicios,Contratación directa,299 Dia(s),0,115000000.0,112700000.0,2300000.0,No,No,Hombre,297.0,2023-03-09,2023,False,1
CO1.PCCNTR.4469772,Cerrado,2023-01-25,2023-01-25,2023-05-25,Prestación de servicios,Contratación directa,4 Mes(es),0,63660492.0,63660492.0,0.0,No,No,Mujer,120.0,2023-01-25,2023,False,1
CO1.PCCNTR.133909,Cerrado,2017-04-24,2017-04-05,2018-05-31,Prestación de servicios,Contratación directa (con ofertas),No definido,0,110086393.0,108789434.0,1296959.0,No,No,No definido,421.0,2017-04-24,2017,False,1
CO1.PCCNTR.3518112,Cerrado,2022-02-02,2022-02-02,2022-12-31,Prestación de servicios,Contratación directa,334 Dia(s),0,101463538.0,99678256.0,1785281.0,No,No,No definido,332.0,2022-02-02,2022,False,1
CO1.PCCNTR.6598946,Cerrado,2024-08-02,2024-08-09,2024-12-31,Prestación de servicios,Contratación directa,5 Mes(es),0,37499995.0,35499995.0,2000000.0,No,No,Mujer,144.0,2024-08-02,2024,False,1
CO1.PCCNTR.7610164,En ejecución,2025-03-06,2025-03-12,2025-11-11,Prestación de servicios,Contratación directa,8 Mes(es),0,34672000.0,34672000.0,0.0,No,No,Mujer,244.0,2025-03-06,2025,False,1
CO1.PCCNTR.6748037,En ejecución,2024-09-16,2024-09-18,2024-10-01,Compraventa,Selección abreviada subasta inversa,10 Dia(s),0,275933481.0,275933481.0,0.0,Si,No,Hombre,13.0,2024-09-16,2024,False,0
CO1.PCCNTR.1463839,Cerrado,2020-04-16,2020-03-20,2020-12-31,Prestación de servicios,Contratación directa,Dia(s),0,47500000.0,47000000.0,500000.0,No,No,No definido,286.0,2020-04-16,2020,False,1
CO1.PCCNTR.2213443,Cerrado,2021-02-11,2021-02-11,2021-10-31,Prestación de servicios,Contratación directa,332 Dia(s),0,67620825.0,65399704.0,2221121.0,No,No,No definido,262.0,2021-02-11,2021,False,1
CO1.PCCNTR.3855801,Cerrado,2022-08-11,2022-08-11,2022-09-15,Prestación de servicios,Contratación directa,50 Dia(s),0,12833333.0,11200000.0,1633333.0,No,No,Hombre,35.0,2022-08-11,2022,False,1
CO1.PCCNTR.9045226,En ejecución,2026-01-24,2026-01-26,2026-12-31,Prestación de servicios,Contratación directa,338 Dia(s),0,121824360.0,54260850.0,67563510.0,No,No,Hombre,339.0,2026-01-24,2026,False,1
CO1.PCCNTR.3550950,Cerrado,2022-02-07,2022-02-07,2022-12-31,Prestación de servicios,Contratación directa,331 Dia(s),0,157675009.0,155786686.0,1888323.0,No,No,No definido,327.0,2022-02-07,2022,False,1
CO1.PCCNTR.3060903,Cerrado,2021-12-30,2021-12-30,2022-10-31,Prestación de servicios,Contratación directa,255 Dia(s),0,57012595.0,10038.0,57002556.0,No,No,No definido,305.0,2021-12-30,2021,False,1
CO1.PCCNTR.7175311,En ejecución,2024-12-26,2024-12-30,2026-07-31,Prestación de servicios,Contratación directa,575 Dia(s),0,22132005.6,14742912.0,7389092.0,No,No,No definido,578.0,2024-12-26,2024,False,1
CO1.PCCNTR.3064355,Cerrado,2021-12-06,2021-12-06,2022-12-06,Prestación de servicios,Contratación directa,249 Dia(s),0,66634545.0,66246725.0,387820.0,No,No,No definido,365.0,2021-12-06,2021,False,1
CO1.PCCNTR.5468562,Cerrado,2023-10-23,2023-10-23,2024-06-30,Prestación de servicios,Contratación directa,256 Dia(s),0,26532800.0,26223800.0,309000.0,No,No,Mujer,251.0,2023-10-23,2023,False,1
CO1.PCCNTR.6328414,Modificado,2024-05-31,2024-06-06,2026-11-30,Prestación de servicios,Selección abreviada subasta inversa,30 Mes(es),122,698372000.0,487402000.0,210970000.0,Si,Si,Hombre,907.0,2024-05-31,2024,False,0
CO1.PCCNTR.242661,Cerrado,2017-12-15,2017-12-04,2018-07-31,Prestación de servicios,Contratación directa (con ofertas),No definido,0,86679307.0,83183773.0,3495534.0,No,No,No definido,239.0,2017-12-15,2017,False,1
CO1.PCCNTR.617030,Cerrado,2018-11-23,2018-10-22,2018-12-31,Prestación de servicios,Contratación directa,No definido,0,12474530.0,11631657.0,842873.0,No,No,No definido,70.0,2018-11-23,2018,False,1
CO1.PCCNTR.6858057,Cerrado,2024-10-07,2024-10-10,2024-12-31,Prestación de servicios,Contratación directa,84 Dia(s),0,17656800.0,17026200.0,630600.0,No,No,No definido,82.0,2024-10-07,2024,False,1
CO1.PCCNTR.5612257,Cerrado,2023-12-05,2023-12-05,2023-12-31,Prestación de servicios,Contratación directa,31 Dia(s),0,11901667.0,9650000.0,2251667.0,No,No,Mujer,26.0,2023-12-05,2023,False,1
CO1.PCCNTR.222130,Cerrado,2017-11-30,2017-11-07,2017-12-29,Compraventa,Selección abreviada subasta inversa,No definido,0,156207223.0,156207223.0,0.0,Si,No,Mujer,52.0,2017-11-30,2017,False,0
CO1.PCCNTR.5485159,Modificado,2023-11-09,2023-11-10,2023-12-28,Compraventa,Selección abreviada subasta inversa,1 Mes(es),13,1173931717.5,1173931717.0,0.0,Si,No,Mujer,48.0,2023-11-09,2023,False,0
CO1.PCCNTR.1201519,Cerrado,2020-01-08,2019-12-11,2023-04-30,Prestación de servicios,Selección abreviada subasta inversa,Dia(s),0,2951112970.0,2653646860.0,297466109.0,No,Si,No definido,1236.0,2020-01-08,2020,False,0
CO1.PCCNTR.3536597,Cerrado,2022-02-07,2022-02-07,2022-12-31,Prestación de servicios,Contratación directa,336 Dia(s),0,31606333.0,31418200.0,188133.0,No,No,No definido,327.0,2022-02-07,2022,False,1
CO1.PCCNTR.3056079,Cerrado,2021-12-06,2021-12-06,2022-06-07,Prestación de servicios,Contratación directa,129 Dia(s),0,19295888.0,18722743.0,573145.0,No,No,Mujer,183.0,2021-12-06,2021,False,1
CO1.PCCNTR.6782803,Cerrado,2024-09-19,2024-09-24,2024-12-31,Prestación de servicios,Contratación directa,104 Dia(s),0,41899867.0,39079683.0,2820184.0,No,No,No definido,98.0,2024-09-19,2024,False,1
CO1.PCCNTR.3064526,Cerrado,2021-12-06,2021-12-06,2022-12-04,Prestación de servicios,Contratación directa,283 Dia(s),0,75372284.0,74393728.0,978556.0,No,No,Hombre,363.0,2021-12-06,2021,False,1
CO1.PCCNTR.96904,Cerrado,2017-01-13,2016-12-29,2017-12-12,Prestación de servicios,Contratación directa (con ofertas),No definido,0,171359483.0,0.0,171359483.0,No,No,No definido,348.0,2017-01-13,2017,False,1
CO1.PCCNTR.1395691,Cerrado,2020-03-03,2020-02-19,2021-03-07,Prestación de servicios,Contratación directa,Dia(s),0,123326640.0,122355563.0,971077.0,No,No,No definido,382.0,2020-03-03,2020,False,1
CO1.PCCNTR.108754,Cerrado,2017-02-11,2017-02-03,2017-12-31,Prestación de servicios,Contratación directa (con ofertas),No definido,0,32673333.0,31223333.0,1450000.0,No,No,No definido,331.0,2017-02-11,2017,False,1
CO1.PCCNTR.7584529,En ejecución,2025-03-03,2025-03-10,2025-11-09,Prestación de servicios,Contratación directa,8 Mes(es),0,60944000.0,60944000.0,0.0,No,No,No definido,244.0,2025-03-03,2025,False,1
CO1.PCCNTR.6705735,Cerrado,2024-09-02,2024-09-05,2024-12-31,Prestación de servicios,Contratación directa,120 Dia(s),0,36600000.0,34800000.0,1800000.0,No,No,Mujer,117.0,2024-09-02,2024,False,1
CO1.PCCNTR.1501517,Cerrado,2020-04-30,2020-04-13,2021-03-31,Prestación de servicios,Contratación directa,Dia(s),0,152007344.0,149010016.0,2997328.0,No,No,No definido,352.0,2020-04-30,2020,False,1
CO1.PCCNTR.2007988,Cerrado,2020-12-02,2020-12-02,2021-04-30,Prestación de servicios,Contratación directa,346 Dia(s),0,25735900.0,24840739.0,895161.0,No,No,Hombre,149.0,2020-12-02,2020,False,1
CO1.PCCNTR.2526881,Cerrado,2021-05-27,2021-05-27,2022-08-31,Prestación de servicios,Contratación directa,345 Dia(s),0,102060702.0,100749429.0,1311273.0,No,No,No definido,461.0,2021-05-27,2021,False,1
CO1.PCCNTR.299648,Cerrado,2018-02-06,2018-01-19,2018-12-31,Prestación de servicios,Contratación directa,Dia(s),0,163085716.0,161200332.0,1885384.0,No,No,No definido,346.0,2018-02-06,2018,False,1
CO1.PCCNTR.6366628,Cerrado,2024-05-30,2024-06-06,2025-04-12,Prestación de servicios,Contratación directa,310 Dia(s),0,112929950.0,112929950.0,0.0,No,No,Hombre,310.0,2024-05-30,2024,False,1
CO1.PCCNTR.8487875,En ejecución,2025-11-04,2025-11-19,2026-07-31,Prestación de servicios,Contratación directa,252 Dia(s),0,93072200.0,81903536.0,11168664.0,No,No,No definido,254.0,2025-11-04,2025,False,1
CO1.PCCNTR.7664274,En ejecución,2025-03-20,2025-03-27,2025-09-30,Prestación de servicios,Contratación directa,199 Dia(s),0,30613200.0,29035200.0,1578000.0,No,No,Mujer,187.0,2025-03-20,2025,False,1
CO1.PCCNTR.650030,Cerrado,2019-01-18,2018-12-14,2019-11-14,Otro,Contratación directa (con ofertas),Dia(s),0,29848477.0,29848477.0,0.0,Si,No,No definido,335.0,2019-01-18,2019,False,1
CO1.PCCNTR.8642917,Modificado,2025-12-01,2025-12-04,2026-10-31,Prestación de servicios,Contratación directa,239 Dia(s),92,67863200.0,42465600.0,25397600.0,No,No,No definido,331.0,2025-12-01,2025,False,1
CO1.PCCNTR.4736646,Cerrado,2023-03-09,2023-03-09,2023-12-31,Prestación de servicios,Contratación directa,299 Dia(s),0,33765260.0,33089955.0,675305.0,No,No,No definido,297.0,2023-03-09,2023,False,1
CO1.PCCNTR.4778966,Cerrado,2023-03-21,2023-03-21,2023-12-31,Prestación de servicios,Contratación directa,290 Dia(s),0,66966667.0,66266667.0,700000.0,No,No,Mujer,285.0,2023-03-21,2023,False,1
CO1.PCCNTR.9089278,En ejecución,2026-01-24,2026-01-26,2026-12-31,Prestación de servicios,Contratación directa,305 Dia(s),0,110096560.0,57213100.0,52883460.0,No,No,Hombre,339.0,2026-01-24,2026,False,1
CO1.PCCNTR.91604,Cerrado,2016-12-28,2016-12-22,2017-12-21,Otro,Contratación directa (con ofertas),No definido,0,202700.0,0.0,202700.0,No,No,Hombre,364.0,2016-12-28,2016,False,1
CO1.PCCNTR.807920,Cerrado,2019-04-03,2019-02-01,2019-12-31,Prestación de servicios,Contratación directa,No definido,0,109714439.0,107435504.0,2278935.0,No,No,No definido,333.0,2019-04-03,2019,False,1
CO1.PCCNTR.8701003,En ejecución,2025-12-18,2025-12-22,2025-12-31,Compraventa,Selección abreviada subasta inversa,15 Dia(s),0,779758066.23,779758066.0,0.0,Si,No,No definido,9.0,2025-12-18,2025,False,0
CO1.PCCNTR.5125838,Cerrado,2023-06-30,2023-06-30,2023-12-31,Prestación de servicios,Contratación directa,191 Dia(s),0,88899942.0,87964153.0,935789.0,No,No,No definido,184.0,2023-06-30,2023,False,1
CO1.PCCNTR.4575617,Cerrado,2023-02-08,2023-02-08,2023-06-07,Prestación de servicios,Contratación directa,4 Mes(es),0,34600000.0,34023333.0,576667.0,No,No,Hombre,119.0,2023-02-08,2023,False,1
CO1.PCCNTR.4246932,Cerrado,2022-12-01,2022-12-01,2022-12-31,Prestación de servicios,Contratación directa,43 Dia(s),0,10033333.0,8866667.0,1166666.0,No,No,Hombre,30.0,2022-12-01,2022,False,1
CO1.PCCNTR.7174692,Cerrado,2024-12-27,2024-12-31,2025-07-31,Prestación de servicios,Contratación directa,214 Dia(s),0,44433333.0,43400000.0,1033333.0,No,No,No definido,212.0,2024-12-27,2024,False,1
CO1.PCCNTR.85605,Cerrado,2017-01-23,2016-11-24,2017-12-31,Prestación de servicios,Contratación directa (con ofertas),No definido,0,83587185.0,0.0,83587185.0,No,No,No definido,402.0,2017-01-23,2017,False,1
CO1.PCCNTR.4350520,Cerrado,2022-12-28,2022-12-29,2024-06-28,Prestación de servicios,Mínima cuantía,18 Mes(es),0,13185616.0,11900791.0,1284825.0,No,No,No definido,547.0,2022-12-28,2022,False,0
CO1.PCCNTR.1392922,Cerrado,2020-03-03,2020-02-17,2020-12-15,Prestación de servicios,Contratación directa,Dia(s),0,42357333.0,31071333.0,11285999.0,No,No,No definido,302.0,2020-03-03,2020,False,1
CO1.PCCNTR.421779,Cerrado,2018-07-19,2018-05-30,2018-12-14,Prestación de servicios,Mínima cuantía,No definido,0,5000000.0,5000000.0,0.0,No,No,No definido,198.0,2018-07-19,2018,False,0
CO1.PCCNTR.9175591,En ejecución,2026-01-28,2026-01-30,2026-09-30,Prestación de servicios,Contratación directa,243 Dia(s),0,42700000.0,26425000.0,16275000.0,No,No,Hombre,243.0,2026-01-28,2026,False,1
CO1.PCCNTR.3455395,Cerrado,2022-02-02,2022-02-02,2022-12-31,Prestación de servicios,Contratación directa,340 Dia(s),0,35844000.0,35535000.0,309000.0,No,No,Mujer,332.0,2022-02-02,2022,False,1
CO1.PCCNTR.8152725,En ejecución,2025-08-01,2025-08-05,2025-12-31,Prestación de servicios,Contratación directa,150 Dia(s),0,75000000.0,58000000.0,17000000.0,No,No,Hombre,148.0,2025-08-01,2025,False,1
CO1.PCCNTR.6051990,Modificado,2024-03-13,2024-03-14,2024-12-31,Servicios financieros,Contratación directa,300 Dia(s),0,3523500000.0,2806209652.0,717290347.0,No,No,No definido,292.0,2024-03-13,2024,False,1
CO1.PCCNTR.235059,Cerrado,2017-12-13,2017-11-23,2017-12-31,Prestación de servicios,Contratación directa (con ofertas),No definido,0,5843239.0,4227024.0,1616215.0,No,No,No definido,38.0,2017-12-13,2017,False,1
CO1.PCCNTR.8173074,En ejecución,2025-08-08,2025-08-12,2025-11-11,Prestación de servicios,Contratación directa,3 Mes(es),0,20904000.0,20904000.0,0.0,No,No,Hombre,91.0,2025-08-08,2025,False,1
CO1.PCCNTR.8488197,Modificado,2025-10-27,2025-11-05,2026-10-31,Prestación de servicios,Contratación directa,12 Mes(es),92,75275284.0,48660804.0,26614480.0,No,No,No definido,360.0,2025-10-27,2025,False,1
CO1.PCCNTR.1341445,Cerrado,2020-03-03,2020-02-03,2020-12-31,Prestación de servicios,Contratación directa,Dia(s),0,41521628.0,40777512.0,744116.0,No,No,No definido,332.0,2020-03-03,2020,False,1
CO1.PCCNTR.877146,Cerrado,2019-04-16,2019-03-04,2019-12-31,Prestación de servicios,Contratación directa,No definido,0,31209000.0,30591000.0,618000.0,No,No,Mujer,302.0,2019-04-16,2019,False,1
CO1.PCCNTR.6159956,Cerrado,2024-04-02,2024-04-05,2024-12-31,Prestación de servicios,Contratación directa,266 Dia(s),0,135937092.0,135937092.0,0.0,No,No,No definido,270.0,2024-04-02,2024,False,1
CO1.PCCNTR.3510792,Cerrado,2022-02-01,2022-02-01,2023-06-16,Prestación de servicios,Contratación directa,338 Dia(s),0,100955074.0,100753566.0,201508.0,No,No,No definido,500.0,2022-02-01,2022,False,1
CO1.PCCNTR.807936,Cerrado,2019-03-28,2019-02-01,2020-03-31,Prestación de servicios,Contratación directa,Dia(s),0,110986934.0,108912412.0,2074522.0,No,No,No definido,424.0,2019-03-28,2019,False,1
CO1.PCCNTR.5700160,Cerrado,2023-12-29,2023-12-29,2024-06-30,Prestación de servicios,Contratación directa,185 Dia(s),0,43166667.0,38733333.0,4433334.0,No,No,Hombre,184.0,2023-12-29,2023,False,1
CO1.PCCNTR.73401,Cerrado,2016-11-04,2016-10-19,2016-12-31,Prestación de servicios,Contratación directa (con ofertas),Dia(s),0,23402518.0,0.0,23402518.0,No,No,No definido,73.0,2016-11-04,2016,False,1
CO1.PCCNTR.5984405,Modificado,2024-02-21,2024-02-29,2024-12-31,Prestación de servicios,Contratación directa,8 Mes(es),71,50333333.0,50166666.0,166666.0,No,No,Hombre,306.0,2024-02-21,2024,False,1
CO1.PCCNTR.8720869,En ejecución,2025-12-20,2025-12-24,2026-07-31,Prestación de servicios,Contratación directa,222 Dia(s),0,59039500.0,49770933.0,9268567.0,No,No,Hombre,219.0,2025-12-20,2025,False,1
CO1.PCCNTR.4289818,Cerrado,2022-12-20,2022-12-20,2023-12-19,Prestación de servicios,Selección abreviada subasta inversa,12 Mes(es),0,407218000.0,407218000.0,0.0,No,No,Mujer,364.0,2022-12-20,2022,False,0
CO1.PCCNTR.1395981,Cerrado,2020-03-03,2020-02-19,2020-12-31,Prestación de servicios,Contratación directa,Dia(s),0,99119637.0,98172634.0,947003.0,No,No,No definido,316.0,2020-03-03,2020,False,1
CO1.PCCNTR.9774632,Aprobado,2026-08-06,,2026-12-31,Prestación de servicios,Contratación directa,144 Dia(s),0,17974000.0,0.0,17974000.0,No,No,Mujer,,2026-08-06,2026,False,1
CO1.PCCNTR.3080815,Cerrado,2021-12-20,2021-12-20,2022-10-31,Prestación de servicios,Selección abreviada subasta inversa,8 Mes(es),0,543898855.0,543898854.0,1.0,No,Si,No definido,315.0,2021-12-20,2021,False,0
CO1.PCCNTR.136115,Cerrado,2017-05-02,2017-04-12,2018-09-14,Prestación de servicios,Contratación directa (con ofertas),No definido,0,82673300.0,81587575.0,1085725.0,No,No,No definido,520.0,2017-05-02,2017,False,1
CO1.PCCNTR.7521993,Cerrado,2025-02-20,2025-02-25,2025-11-24,Prestación de servicios,Contratación directa,9 Mes(es),0,87128298.0,86482904.0,645394.0,No,No,No definido,272.0,2025-02-20,2025,False,1
CO1.PCCNTR.111918,Cerrado,2017-02-11,2017-02-07,2017-12-31,Prestación de servicios,Contratación directa (con ofertas),No definido,0,45714049.0,43550070.0,2163979.0,No,No,No definido,327.0,2017-02-11,2017,False,1
CO1.PCCNTR.5953312,Cerrado,2024-02-16,2024-02-20,2024-12-31,Prestación de servicios,Contratación directa,311 Dia(s),0,63573915.0,63369497.0,204418.0,No,No,No definido,315.0,2024-02-16,2024,False,1
CO1.PCCNTR.830209,Cerrado,2019-02-27,2019-02-12,2019-12-31,Prestación de servicios,Contratación directa,No definido,0,89254650.0,86525150.0,2729500.0,No,No,No definido,322.0,2019-02-27,2019,False,1
CO1.PCCNTR.5285552,Cerrado,2023-08-11,2023-08-11,2024-03-13,Prestación de servicios,Contratación directa,144 Dia(s),0,38842730.0,37783383.0,1059347.0,No,No,No definido,215.0,2023-08-11,2023,False,1
CO1.PCCNTR.3060561,Cerrado,2021-12-06,2021-12-06,2022-11-30,Prestación de servicios,Contratación directa,283 Dia(s),0,114273708.0,112195464.0,2078244.0,No,No,No definido,359.0,2021-12-06,2021,False,1
CO1.PCCNTR.5880350,Cerrado,2024-02-02,2024-02-07,2024-12-31,Prestación de servicios,Contratación directa,324 Dia(s),0,46446588.0,46303234.0,143354.0,No,No,Mujer,328.0,2024-02-02,2024,False,1
CO1.PCCNTR.1643081,Cerrado,2020-07-07,2020-07-07,2020-12-31,Prestación de servicios,Contratación directa,196 Dia(s),0,48974901.0,47536922.0,1437979.0,No,No,Mujer,177.0,2020-07-07,2020,False,1
CO1.PCCNTR.4541887,Cerrado,2023-02-19,2023-02-19,2023-06-02,Prestación de servicios,Contratación directa,4 Mes(es),0,11287976.0,11099843.0,188133.0,No,No,Mujer,103.0,2023-02-19,2023,False,1
CO1.PCCNTR.7701588,Cerrado,2025-03-27,2025-04-01,2025-11-30,Prestación de servicios,Contratación directa,8 Mes(es),0,51611392.0,51611392.0,0.0,No,No,No definido,243.0,2025-03-27,2025,False,1
CO1.PCCNTR.4718719,Cerrado,2023-03-06,2023-03-06,2023-07-02,Prestación de servicios,Contratación directa,4 Mes(es),0,17556000.0,17556000.0,0.0,No,No,Mujer,118.0,2023-03-06,2023,False,1
CO1.PCCNTR.655911,Cerrado,2018-12-17,2018-11-21,2019-10-31,Prestación de servicios,Contratación directa,No definido,0,25403551.0,24963026.0,440525.0,No,No,No definido,344.0,2018-12-17,2018,False,1
CO1.PCCNTR.1698792,Cerrado,2020-08-12,2020-08-13,2020-12-31,Prestación de servicios,Contratación directa,170 Dia(s),0,25461808.0,24721639.0,740169.0,No,No,No definido,140.0,2020-08-12,2020,False,1
CO1.PCCNTR.3551239,Cerrado,2022-02-07,2022-02-07,2022-12-31,Prestación de servicios,Contratación directa,337 Dia(s),0,51213333.0,51060000.0,153333.0,No,No,No definido,327.0,2022-02-07,2022,False,1
CO1.PCCNTR.8556665,En ejecución,2025-11-13,2025-11-20,2025-12-19,Compraventa,Selección abreviada subasta inversa,31 Dia(s),0,407129013.0,407129013.0,0.0,Si,No,No definido,29.0,2025-11-13,2025,False,0
CO1.PCCNTR.139106,Cerrado,2017-07-05,2017-04-19,2017-12-31,Prestación de servicios,Mínima cuantía,No definido,0,30049029.0,30049029.0,0.0,Si,No,No definido,256.0,2017-07-05,2017,False,0
CO1.PCCNTR.3426284,Cerrado,2022-02-02,2022-02-02,2022-12-31,Prestación de servicios,Contratación directa,340 Dia(s),0,154450587.0,152633522.0,1817065.0,No,No,Hombre,332.0,2022-02-02,2022,False,1
CO1.PCCNTR.2425024,Cerrado,2021-05-03,2021-05-03,2021-12-15,Prestación de servicios,Contratación directa,235 Dia(s),0,32842004.0,32578213.0,263791.0,No,No,No definido,226.0,2021-05-03,2021,False,1
CO1.PCCNTR.5641390,Modificado,2023-12-14,2023-12-14,2024-12-31,Otro,Contratación directa,383 Dia(s),122,3384000000.0,3384000000.0,0.0,No,No,No definido,383.0,2023-12-14,2023,False,1
CO1.PCCNTR.3537040,Cerrado,2022-02-03,2022-02-03,2022-12-31,Prestación de servicios,Contratación directa,334 Dia(s),0,152633522.0,151724989.0,908533.0,No,No,No definido,331.0,2022-02-03,2022,False,1
CO1.PCCNTR.3997088,Terminado,2022-09-28,2022-09-28,2027-08-31,Arrendamiento de inmuebles,Contratación directa,5 Año(s),0,969211320.0,0.0,969211320.0,No,No,Hombre,1798.0,2022-09-28,2022,False,1
CO1.PCCNTR.5015345,Cerrado,2023-06-07,2023-06-07,2024-03-31,Prestación de servicios,Contratación directa,220 Dia(s),0,167750705.0,165018608.0,2732097.0,No,No,No definido,298.0,2023-06-07,2023,False,1
CO1.PCCNTR.1923960,Cerrado,2020-11-13,2020-11-13,2020-12-31,Prestación de servicios,Contratación directa,76 Dia(s),0,13160000.0,11750000.0,1410000.0,No,No,No definido,48.0,2020-11-13,2020,False,1
CO1.PCCNTR.9040367,En ejecución,2026-01-22,2026-01-30,2026-12-15,Prestación de servicios,Contratación directa,326 Dia(s),0,80480400.0,36825880.0,43654520.0,No,No,No definido,319.0,2026-01-22,2026,False,1
CO1.PCCNTR.183404,Cerrado,2017-08-16,2017-07-31,2018-07-08,Prestación de servicios,Mínima cuantía,No definido,0,36344186.0,31617341.0,4726845.0,Si,No,No definido,342.0,2017-08-16,2017,False,0
CO1.PCCNTR.122115,Cerrado,2017-04-03,2017-03-10,2017-12-31,Prestación de servicios,Contratación directa (con ofertas),No definido,0,39967252.0,38752032.0,1215220.0,No,No,No definido,296.0,2017-04-03,2017,False,1
CO1.PCCNTR.8540130,Modificado,2025-11-05,2025-11-12,2026-12-29,Prestación de servicios,Contratación directa,408 Dia(s),150,90511322.0,49640960.0,40870362.0,No,No,Mujer,412.0,2025-11-05,2025,False,1
CO1.PCCNTR.8920141,Cedido,2026-01-22,2026-01-23,2026-10-31,Prestación de servicios,Contratación directa,288 Dia(s),0,115530450.0,64048460.0,51481990.0,No,No,Hombre,281.0,2026-01-22,2026,False,1
CO1.PCCNTR.109779,Cerrado,2017-02-10,2017-02-06,2018-05-31,Prestación de servicios,Contratación directa (con ofertas),No definido,0,110995486.0,107583739.0,3411747.0,No,No,No definido,479.0,2017-02-10,2017,False,1
CO1.PCCNTR.8720483,En ejecución,2025-12-19,2025-12-24,2026-07-31,Prestación de servicios,Contratación directa,221 Dia(s),0,91800000.0,78400000.0,13400000.0,No,No,Mujer,219.0,2025-12-19,2025,False,1
CO1.PCCNTR.995514,Cerrado,2019-06-28,2019-06-13,2020-06-12,Prestación de servicios,Mínima cuantía,Dia(s),0,28167000.0,28167000.0,0.0,Si,No,No definido,365.0,2019-06-28,2019,False,0
CO1.PCCNTR.2176033,Terminado,2021-02-05,2021-02-05,2021-06-30,Prestación de servicios,Contratación directa,155 Dia(s),0,27733412.0,21399238.0,6334174.0,No,No,No definido,145.0,2021-02-05,2021,False,1
CO1.PCCNTR.1590894,Cerrado,2020-06-16,2020-06-16,2020-12-31,Prestación de servicios,Contratación directa,219 Dia(s),0,55891233.0,53886267.0,2004966.0,No,No,Mujer,198.0,2020-06-16,2020,False,1
CO1.PCCNTR.312108,Cerrado,2018-02-06,2018-01-23,2018-10-31,Prestación de servicios,Contratación directa,No definido,0,102861717.0,98378974.0,4482743.0,No,No,Hombre,281.0,2018-02-06,2018,False,1
CO1.PCCNTR.2746146,Cerrado,2021-08-31,2021-08-31,2021-12-15,Prestación de servicios,Contratación directa,128 Dia(s),0,81515000.0,75565000.0,5950000.0,No,No,Mujer,106.0,2021-08-31,2021,False,1
CO1.PCCNTR.261225,Cerrado,2017-12-29,2017-12-18,2018-07-31,Prestación de servicios,Contratación directa,No definido,0,16720000.0,16353333.0,366667.0,No,No,No definido,225.0,2017-12-29,2017,False,1
CO1.PCCNTR.94104,Cerrado,2017-01-13,2016-12-22,2017-12-31,Prestación de servicios,Contratación directa (con ofertas),No definido,0,78000440.0,0.0,78000440.0,No,No,Hombre,374.0,2017-01-13,2017,False,1
CO1.PCCNTR.4788419,Cerrado,2023-03-22,2023-03-22,2023-07-17,Prestación de servicios,Contratación directa,4 Mes(es),0,25056784.0,25056783.0,1.0,No,No,No definido,117.0,2023-03-22,2023,False,1
CO1.PCCNTR.207805,Cerrado,2017-10-20,2017-10-05,2017-12-28,Compraventa,Selección abreviada subasta inversa,No definido,0,916022776.0,916022776.0,0.0,No,No,Hombre,84.0,2017-10-20,2017,False,0
CO1.PCCNTR.8714626,Modificado,2025-12-19,2025-12-23,2026-11-26,Prestación de servicios,Contratación directa,338 Dia(s),118,73660000.0,33100000.0,40560000.0,No,No,Hombre,338.0,2025-12-19,2025,False,1
CO1.PCCNTR.167720,Cerrado,2017-09-21,2017-07-07,2018-10-31,Prestación de servicios,Contratación directa (con ofertas),No definido,0,49920330.0,44047350.0,5872980.0,No,No,No definido,481.0,2017-09-21,2017,False,1
CO1.PCCNTR.299838,Cerrado,2018-02-02,2018-01-22,2018-12-31,Prestación de servicios,Contratación directa,No definido,0,70569409.0,69950379.0,619030.0,No,No,No definido,343.0,2018-02-02,2018,False,1
CO1.PCCNTR.234416,Cerrado,2017-12-13,2017-11-22,2017-12-31,Prestación de servicios,Contratación directa (con ofertas),No definido,0,6346152.0,4590833.0,1755319.0,No,No,No definido,39.0,2017-12-13,2017,False,1
CO1.PCCNTR.3424483,Cerrado,2022-02-02,2022-02-02,2022-12-31,Prestación de servicios,Contratación directa,340 Dia(s),0,160507494.0,158619171.0,1888323.0,No,No,No definido,332.0,2022-02-02,2022,False,1
CO1.PCCNTR.109662,Cerrado,2017-02-10,2017-02-06,2018-05-31,Prestación de servicios,Contratación directa (con ofertas),No definido,0,110995486.0,108266089.0,2729397.0,No,No,Hombre,479.0,2017-02-10,2017,False,1
CO1.PCCNTR.2050741,Cerrado,2020-12-18,2020-12-18,2022-10-31,Prestación de servicios,Contratación directa,599 Dia(s),0,1105801575.0,1084441241.0,21360334.0,Si,No,Hombre,682.0,2020-12-18,2020,False,1
CO1.PCCNTR.157804,Cerrado,2017-08-10,2017-06-09,2018-04-30,Prestación de servicios,Contratación directa (con ofertas),No definido,0,43332091.0,24423542.0,18908549.0,No,No,Mujer,325.0,2017-08-10,2017,False,1
CO1.PCCNTR.1028011,Cerrado,2019-09-12,2019-08-01,2020-03-31,Interventoría,Concurso de méritos abierto,No definido,0,289949587.0,289949587.0,0.0,Si,No,No definido,243.0,2019-09-12,2019,False,0
CO1.PCCNTR.206614,Cerrado,2017-10-11,2017-09-22,2017-10-31,Compraventa,Mínima cuantía,No definido,0,11781000.0,11781000.0,0.0,Si,No,No definido,39.0,2017-10-11,2017,False,0
CO1.PCCNTR.8686411,Modificado,2025-12-11,2025-12-16,2026-10-31,Prestación de servicios,Contratación directa,319 Dia(s),92,83702133.0,50074000.0,33628133.0,No,No,Hombre,319.0,2025-12-11,2025,False,1
CO1.PCCNTR.1534595,Cerrado,2020-05-11,2020-04-28,2021-03-31,Prestación de servicios,Contratación directa,254 Dia(s),0,34000000.0,33300000.0,700000.0,No,No,No definido,337.0,2020-05-11,2020,False,1
CO1.PCCNTR.2217569,Cerrado,2021-02-25,2021-02-25,2021-12-31,Prestación de servicios,Contratación directa,331 Dia(s),0,68804000.0,67156000.0,1648000.0,No,No,Mujer,309.0,2021-02-25,2021,False,1
CO1.PCCNTR.8642727,En ejecución,2025-11-27,2025-11-28,2026-07-31,Otro,Contratación directa,245 Dia(s),0,857000000.0,587266048.0,269733952.0,No,No,No definido,245.0,2025-11-27,2025,False,1
CO1.PCCNTR.9135815,En ejecución,2026-01-27,2026-01-30,2026-12-31,Prestación de servicios,Contratación directa,335 Dia(s),0,109352040.0,47448730.0,61903310.0,No,No,Hombre,335.0,2026-01-27,2026,False,1
CO1.PCCNTR.97007,Cerrado,2017-01-13,2016-12-29,2017-09-26,Prestación de servicios,Contratación directa (con ofertas),No definido,0,121890178.0,0.0,121890178.0,No,No,Mujer,271.0,2017-01-13,2017,False,1
CO1.PCCNTR.7545140,En ejecución,2025-02-24,2025-02-26,2025-12-25,Prestación de servicios,Contratación directa,10 Mes(es),0,89420000.0,88823867.0,596133.0,No,No,Mujer,302.0,2025-02-24,2025,False,1
CO1.PCCNTR.9060303,En ejecución,2026-01-23,2026-01-26,2026-12-31,Prestación de servicios,Contratación directa,340 Dia(s),0,115287877.0,52712746.0,62575131.0,No,No,Hombre,339.0,2026-01-23,2026,False,1
CO1.PCCNTR.307106,Cerrado,2018-01-28,2018-01-22,2018-12-31,Prestación de servicios,Contratación directa,No definido,0,48106667.0,46740000.0,1366667.0,No,No,No definido,343.0,2018-01-28,2018,False,1
CO1.PCCNTR.7312543,En ejecución,2025-01-23,2025-01-29,2025-09-28,Prestación de servicios,Contratación directa,8 Mes(es),0,26384000.0,26384000.0,0.0,No,No,Hombre,242.0,2025-01-23,2025,False,1
CO1.PCCNTR.2217806,Cerrado,2021-02-17,2021-02-17,2021-10-29,Prestación de servicios,Contratación directa,331 Dia(s),0,65052925.0,48908403.0,16144522.0,No,No,No definido,254.0,2021-02-17,2021,False,1
CO1.PCCNTR.7836766,En ejecución,2025-05-02,2025-05-08,2025-10-31,Prestación de servicios,Contratación directa,176 Dia(s),0,34430760.0,32728140.0,1702620.0,No,No,Mujer,176.0,2025-05-02,2025,False,1
CO1.PCCNTR.205911,Cerrado,2017-10-26,2017-10-06,2017-11-30,Prestación de servicios,Selección abreviada subasta inversa,No definido,0,68059305.0,58022399.0,10036905.0,Si,No,No definido,55.0,2017-10-26,2017,False,0
CO1.PCCNTR.3894429,Cerrado,2022-08-18,2022-08-18,2022-09-15,Prestación de servicios,Contratación directa,38 Dia(s),0,12133160.0,9809789.0,2323371.0,No,No,Hombre,28.0,2022-08-18,2022,False,1
CO1.PCCNTR.1338381,Cerrado,2020-02-11,2020-02-03,2020-12-31,Prestación de servicios,Contratación directa,Dia(s),0,43666403.0,41873647.0,1792756.0,No,No,No definido,332.0,2020-02-11,2020,False,1
CO1.PCCNTR.3484741,Cerrado,2022-01-31,2022-01-31,2022-12-31,Prestación de servicios,Contratación directa,341 Dia(s),0,114959147.47,113935772.0,1023375.0,No,No,No definido,334.0,2022-01-31,2022,False,1
CO1.PCCNTR.8550049,Modificado,2025-11-11,2025-11-25,2026-10-31,Prestación de servicios,Contratación directa,338 Dia(s),92,148777200.0,95370000.0,53407200.0,No,No,No definido,340.0,2025-11-11,2025,False,1
CO1.PCCNTR.97002,Cerrado,2017-01-23,2016-12-29,2017-12-12,Prestación de servicios,Contratación directa (con ofertas),No definido,0,60053709.0,0.0,60053709.0,No,No,No definido,348.0,2017-01-23,2017,False,1
CO1.PCCNTR.9736517,En ejecución,2026-07-31,2026-08-01,2027-07-31,Suministros,Contratación directa,365 Dia(s),0,490500.0,0.0,490500.0,No,No,Hombre,364.0,2026-07-31,2026,False,1
CO1.PCCNTR.5360327,Cerrado,2023-09-11,2023-09-11,2024-02-29,Prestación de servicios,Contratación directa,116 Dia(s),0,37492000.0,35638000.0,1854000.0,No,No,No definido,171.0,2023-09-11,2023,False,1
CO1.PCCNTR.5472504,Cerrado,2023-10-23,2023-10-23,2024-06-30,Prestación de servicios,Contratación directa,256 Dia(s),0,26718200.0,22165600.0,4552600.0,No,No,Hombre,251.0,2023-10-23,2023,False,1
CO1.PCCNTR.660271,Cerrado,2018-12-12,2018-11-21,2018-12-31,Prestación de servicios,Contratación directa,No definido,0,64000000.0,30113896.0,33886104.0,No,No,No definido,40.0,2018-12-12,2018,False,1
CO1.PCCNTR.7677028,Cerrado,2025-03-31,2025-04-04,2025-12-03,Prestación de servicios,Contratación directa,8 Mes(es),0,36193936.0,36193936.0,0.0,No,No,Hombre,243.0,2025-03-31,2025,False,1
CO1.PCCNTR.174605,Cerrado,2017-08-10,2017-07-18,2018-11-30,Prestación de servicios,Contratación directa (con ofertas),No definido,0,64979015.0,64341590.0,637425.0,No,No,No definido,500.0,2017-08-10,2017,False,1
CO1.PCCNTR.6105724,Cerrado,2024-03-18,2024-03-22,2024-12-31,Prestación de servicios,Contratación directa,279 Dia(s),0,78120000.0,78120000.0,0.0,No,No,Mujer,284.0,2024-03-18,2024,False,1
CO1.PCCNTR.2067913,Cerrado,2021-01-21,2021-01-21,2021-11-30,Prestación de servicios,Contratación directa,348 Dia(s),0,36019100.0,35401100.0,618000.0,No,No,Mujer,313.0,2021-01-21,2021,False,1
CO1.PCCNTR.8614993,En ejecución,2025-11-27,2025-12-04,2025-12-15,Compraventa,Mínima cuantía,10 Dia(s),0,12035965.0,12035965.0,0.0,Si,No,Hombre,11.0,2025-11-27,2025,False,0
CO1.PCCNTR.3548691,Cerrado,2022-02-04,2022-02-04,2022-12-31,Prestación de servicios,Contratación directa,337 Dia(s),0,62881500.0,62881500.0,0.0,No,No,No definido,330.0,2022-02-04,2022,False,1
CO1.PCCNTR.1648076,Cerrado,2020-07-23,2020-07-23,2020-12-31,Prestación de servicios,Contratación directa,191 Dia(s),0,46690000.0,43240000.0,3450000.0,No,No,No definido,161.0,2020-07-23,2020,False,1
CO1.PCCNTR.8680739,En ejecución,2025-12-15,2025-12-18,2026-07-31,Prestación de servicios,Contratación directa,229 Dia(s),0,49612497.0,42375156.0,7237341.0,No,No,Mujer,225.0,2025-12-15,2025,False,1
CO1.PCCNTR.7043429,En ejecución,2024-11-21,2024-11-21,2026-11-20,Prestación de servicios,Contratación directa,2 Año(s),0,311969786.94,293262857.0,18706929.0,No,No,No definido,729.0,2024-11-21,2024,False,1
CO1.PCCNTR.115016,Cerrado,2017-05-02,2017-02-20,2017-12-31,Prestación de servicios,Contratación directa (con ofertas),No definido,0,85402450.0,81424075.0,3978375.0,No,No,No definido,314.0,2017-05-02,2017,False,1
CO1.PCCNTR.6060279,Cerrado,2024-03-07,2024-03-12,2024-12-31,Prestación de servicios,Contratación directa,289 Dia(s),0,28571657.0,28571657.0,0.0,No,No,Hombre,294.0,2024-03-07,2024,False,1
CO1.PCCNTR.6408616,En ejecución,2024-06-20,2024-06-28,2026-06-26,Prestación de servicios,Mínima cuantía,720 Dia(s),0,79681059.0,39958592.0,39722466.0,Si,No,Mujer,728.0,2024-06-20,2024,False,0
CO1.PCCNTR.128802,Cerrado,2017-04-24,2017-04-03,2018-07-31,Prestación de servicios,Contratación directa (con ofertas),No definido,0,1174148068.54,1173538707.0,609360.0,Si,No,Hombre,484.0,2017-04-24,2017,False,1
CO1.PCCNTR.145805,Cerrado,2017-07-25,2017-05-09,2018-10-12,Prestación de servicios,Contratación directa (con ofertas),No definido,0,56056895.0,56056895.0,0.0,No,No,No definido,521.0,2017-07-25,2017,False,1
CO1.PCCNTR.2509676,Cerrado,2021-05-27,2021-05-27,2021-12-15,Prestación de servicios,Contratación directa,202 Dia(s),0,113311551.0,110221236.0,3090315.0,No,No,No definido,202.0,2021-05-27,2021,False,1
CO1.PCCNTR.135102,Cerrado,2017-04-24,2017-04-10,2017-05-31,Prestación de servicios,Contratación directa (con ofertas),Dia(s),0,9902090.0,8416776.0,1485314.0,No,No,No definido,51.0,2017-04-24,2017,False,1
CO1.PCCNTR.2212198,Cerrado,2021-02-20,2021-02-20,2021-12-15,Prestación de servicios,Contratación directa,332 Dia(s),0,41942801.0,41151427.0,791374.0,No,No,No definido,298.0,2021-02-20,2021,False,1
CO1.PCCNTR.829920,Cerrado,2019-02-27,2019-02-12,2019-12-31,Prestación de servicios,Contratación directa,No definido,0,94220356.0,91378113.0,2842243.0,No,No,No definido,322.0,2019-02-27,2019,False,1
CO1.PCCNTR.3348964,Cerrado,2022-02-02,2022-02-02,2022-12-31,Prestación de servicios,Contratación directa,344 Dia(s),0,149280681.0,143830951.0,5449730.0,Si,No,No definido,332.0,2022-02-02,2022,False,1
CO1.PCCNTR.813972,Cerrado,2019-03-22,2019-02-05,2020-03-31,Prestación de servicios,Contratación directa,No definido,0,163490790.0,130947599.0,32543191.0,No,No,No definido,420.0,2019-03-22,2019,False,1
CO1.PCCNTR.5402744,Cerrado,2023-09-26,2023-09-26,2024-08-23,Prestación de servicios,Contratación directa,336 Dia(s),0,111286702.0,110007114.0,1279588.0,No,No,No definido,332.0,2023-09-26,2023,False,1
CO1.PCCNTR.5213730,Cerrado,2023-07-14,2023-07-14,2023-12-31,Prestación de servicios,Contratación directa,172 Dia(s),0,49304779.0,47604614.0,1700165.0,No,No,No definido,170.0,2023-07-14,2023,False,1
CO1.PCCNTR.2611923,En ejecución,2021-07-09,2021-07-09,2021-07-21,Compraventa,Selección abreviada subasta inversa,23 Dia(s),0,98413000.0,0.0,98413000.0,Si,No,Mujer,12.0,2021-07-09,2021,False,0
CO1.PCCNTR.1904943,Cerrado,2020-11-02,2020-11-03,2021-09-30,Prestación de servicios,Contratación directa,357 Dia(s),0,42913122.0,42671358.0,241764.0,No,No,Mujer,331.0,2020-11-02,2020,False,1
CO1.PCCNTR.5991126,Cerrado,2024-02-23,2024-02-28,2025-02-27,Prestación de servicios,Contratación directa,360 Dia(s),0,108000000.0,107700000.0,300000.0,No,No,No definido,365.0,2024-02-23,2024,False,1
CO1.PCCNTR.1452302,Cerrado,2020-04-08,2020-03-17,2021-02-28,Prestación de servicios,Contratación directa,Dia(s),0,177518093.0,172017533.0,5500560.0,No,No,No definido,348.0,2020-04-08,2020,False,1
CO1.PCCNTR.6262586,Cerrado,2024-04-29,2024-05-06,2025-04-27,Prestación de servicios,Contratación directa,356 Dia(s),0,75093333.0,75093333.0,0.0,No,No,No definido,356.0,2024-04-29,2024,False,1
CO1.PCCNTR.4357261,Cerrado,2023-01-17,2023-01-17,2023-08-31,Prestación de servicios,Contratación directa,246 Dia(s),0,120801147.0,120306060.0,495087.0,No,No,No definido,226.0,2023-01-17,2023,False,1
CO1.PCCNTR.5990808,Cerrado,2024-02-23,2024-03-11,2024-12-31,Prestación de servicios,Contratación directa,290 Dia(s),0,40600000.0,40600000.0,0.0,No,No,Hombre,295.0,2024-02-23,2024,False,1
CO1.PCCNTR.8990045,En ejecución,2026-01-20,2026-01-21,2026-12-18,Prestación de servicios,Contratación directa,11 Mes(es),0,60500000.0,29333333.0,31166667.0,No,No,Hombre,331.0,2026-01-20,2026,False,1
CO1.PCCNTR.8465105,En ejecución,2025-10-24,2025-11-06,2025-12-15,Prestación de servicios,Mínima cuantía,61 Dia(s),0,13756400.0,13375600.0,380800.0,No,No,Hombre,39.0,2025-10-24,2025,False,0
CO1.PCCNTR.449838,Cerrado,2018-07-12,2018-06-18,2019-04-04,Prestación de servicios,Contratación directa,No definido,0,65278083.0,64823184.0,454899.0,No,No,No definido,290.0,2018-07-12,2018,False,1
CO1.PCCNTR.4291062,En ejecución,2022-12-16,2022-12-16,2024-07-31,Prestación de servicios,Contratación directa,603 Dia(s),0,820455373.0,763803532.0,56651840.0,Si,No,Hombre,593.0,2022-12-16,2022,False,1
CO1.PCCNTR.168403,Cerrado,2017-07-14,2017-07-04,2018-12-28,Prestación de servicios,Contratación directa (con ofertas),No definido,0,230998320.0,226292798.0,4705522.0,No,No,No definido,542.0,2017-07-14,2017,False,1
CO1.PCCNTR.833481,Cerrado,2019-04-15,2019-02-13,2020-04-30,Prestación de servicios,Contratación directa,Dia(s),0,94364918.0,92664650.0,1700268.0,No,No,No definido,442.0,2019-04-15,2019,False,1
CO1.PCCNTR.813707,Cerrado,2019-03-28,2019-02-05,2020-03-31,Prestación de servicios,Contratación directa,Dia(s),0,52464826.0,51470233.0,994593.0,No,No,No definido,420.0,2019-03-28,2019,False,1
CO1.PCCNTR.6086105,Cerrado,2024-03-15,2024-03-19,2024-12-31,Prestación de servicios,Contratación directa,8 Mes(es),0,45580600.0,44772434.0,808166.0,No,No,No definido,287.0,2024-03-15,2024,False,1
CO1.PCCNTR.2656850,Cerrado,2021-07-15,2021-07-15,2022-10-07,Prestación de servicios,Selección abreviada subasta inversa,1 Año(s),0,241906452.0,196645000.0,45261452.0,Si,No,Mujer,449.0,2021-07-15,2021,False,0
CO1.PCCNTR.6391626,Modificado,2024-06-07,2024-06-28,2027-07-27,Consultoría,Concurso de méritos abierto,36 Mes(es),0,10074630060.0,3106344268.0,6968285791.0,Si,No,Mujer,1124.0,2024-06-07,2024,False,0
CO1.PCCNTR.815529,Cerrado,2019-04-15,2019-02-06,2020-02-29,Prestación de servicios,Contratación directa,Dia(s),0,101651585.0,99317747.0,2333838.0,No,No,Mujer,388.0,2019-04-15,2019,False,1
CO1.PCCNTR.509823,Cerrado,2018-10-10,2018-08-02,2018-12-31,Prestación de servicios,Contratación directa,No definido,0,25497880.0,25327894.0,169986.0,No,No,No definido,151.0,2018-10-10,2018,False,1
CO1.PCCNTR.453301,Cerrado,2018-07-05,2018-06-18,2019-03-29,Prestación de servicios,Contratación directa,No definido,0,45765493.0,40514291.0,5251202.0,No,No,No definido,284.0,2018-07-05,2018,False,1
CO1.PCCNTR.587308,Cerrado,2018-10-18,2018-09-27,2018-12-31,Prestación de servicios,Contratación directa,No definido,0,48548638.0,44306524.0,4242114.0,No,No,No definido,95.0,2018-10-18,2018,False,1
CO1.PCCNTR.4533523,Cerrado,2023-02-03,2023-02-03,2023-06-01,Prestación de servicios,Contratación directa,4 Mes(es),0,34797520.0,34217561.0,579959.0,No,No,No definido,118.0,2023-02-03,2023,False,1
CO1.PCCNTR.183902,Cerrado,2017-09-11,2017-08-30,2017-11-30,Prestación de servicios,Contratación directa (con ofertas),No definido,0,9600000.0,7280000.0,2320000.0,No,No,Mujer,92.0,2017-09-11,2017,False,1
CO1.PCCNTR.267953,Cerrado,2018-01-10,2017-12-28,2018-12-31,Prestación de servicios,Contratación directa,No definido,0,74200000.0,66600000.0,7600000.0,No,No,No definido,368.0,2018-01-10,2018,False,1
CO1.PCCNTR.3088030,Cerrado,2021-12-13,2021-12-13,2022-11-30,Prestación de servicios,Contratación directa,276 Dia(s),0,64922728.0,64399017.0,523711.0,No,No,No definido,352.0,2021-12-13,2021,False,1
CO1.PCCNTR.1601400,Cerrado,2020-06-08,2020-06-08,2020-12-31,Prestación de servicios,Contratación directa,216 Dia(s),0,54888700.0,53134267.0,1754433.0,No,No,No definido,206.0,2020-06-08,2020,False,1
CO1.PCCNTR.6568652,Cerrado,2024-07-26,2024-07-31,2024-12-31,Prestación de servicios,Contratación directa,156 Dia(s),0,40728833.0,38101167.0,2627666.0,No,No,No definido,153.0,2024-07-26,2024,False,1
CO1.PCCNTR.4289521,Modificado,2022-12-20,2022-12-20,2024-12-13,Prestación de servicios,Selección abreviada subasta inversa,724 Dia(s),43,187424230.8,129288098.0,58136131.0,Si,No,Hombre,724.0,2022-12-20,2022,False,0
CO1.PCCNTR.299586,Cerrado,2018-02-02,2018-01-19,2018-12-31,Prestación de servicios,Contratación directa,No definido,0,46718477.0,46178379.0,540098.0,No,No,No definido,346.0,2018-02-02,2018,False,1
CO1.PCCNTR.8689562,En ejecución,2025-12-14,2025-12-17,2026-07-31,Prestación de servicios,Contratación directa,232 Dia(s),0,58531200.0,47312720.0,11218480.0,No,No,Mujer,226.0,2025-12-14,2025,False,1
CO1.PCCNTR.5191395,Cerrado,2023-07-14,2023-07-14,2023-12-31,Prestación de servicios,Contratación directa,179 Dia(s),0,24824327.0,23733148.0,1091179.0,No,No,Hombre,170.0,2023-07-14,2023,False,1
CO1.PCCNTR.4119199,Cerrado,2022-10-19,2022-11-01,2023-11-03,Prestación de servicios,Mínima cuantía,1 Año(s),0,7076544.0,7076544.0,0.0,No,No,No definido,367.0,2022-10-19,2022,False,0
CO1.PCCNTR.2178929,Cerrado,2021-02-05,2021-02-05,2022-06-17,Prestación de servicios,Contratación directa,339 Dia(s),0,126820467.0,125817934.0,1002533.0,No,No,No definido,497.0,2021-02-05,2021,False,1
CO1.PCCNTR.2213441,Cerrado,2021-02-17,2021-02-17,2021-12-31,Prestación de servicios,Contratación directa,332 Dia(s),0,49443278.0,7401689.0,42041589.0,No,No,No definido,317.0,2021-02-17,2021,False,1
CO1.PCCNTR.111908,Cerrado,2017-02-10,2017-02-06,2017-12-31,Prestación de servicios,Contratación directa (con ofertas),No definido,0,106692080.0,104105605.0,2586475.0,No,No,Mujer,328.0,2017-02-10,2017,False,1
CO1.PCCNTR.7378678,En ejecución,2025-02-11,2025-02-14,2025-10-13,Prestación de servicios,Contratación directa,8 Mes(es),0,78424000.0,77770467.0,653533.0,No,No,Mujer,241.0,2025-02-11,2025,False,1
CO1.PCCNTR.93404,Cerrado,2016-12-26,2016-12-16,2017-03-31,Prestación de servicios,Contratación directa (con ofertas),Dia(s),0,30893915.0,0.0,30893915.0,No,No,No definido,105.0,2016-12-26,2016,False,1
CO1.PCCNTR.9044899,En ejecución,2026-01-25,2026-01-27,2026-12-31,Prestación de servicios,Contratación directa,339 Dia(s),0,142615620.0,63111510.0,79504110.0,No,No,Hombre,338.0,2026-01-25,2026,False,1
CO1.PCCNTR.8490490,Modificado,2025-10-29,2025-11-06,2026-10-31,Prestación de servicios,Contratación directa,12 Mes(es),92,84390667.0,54330667.0,30060000.0,No,No,Hombre,359.0,2025-10-29,2025,False,1
CO1.PCCNTR.4117174,Cerrado,2022-10-28,2022-10-28,2022-12-15,Prestación de servicios,Contratación directa,64 Dia(s),0,12688364.0,11768917.0,919447.0,No,No,Mujer,48.0,2022-10-28,2022,False,1
CO1.PCCNTR.7460291,Cerrado,2025-02-13,2025-02-20,2025-10-19,Prestación de servicios,Contratación directa,8 Mes(es),0,40800000.0,40460000.0,340000.0,No,No,Hombre,241.0,2025-02-13,2025,False,1
CO1.PCCNTR.1972833,Cerrado,2020-11-23,2020-11-23,2021-10-31,Prestación de servicios,Contratación directa,360 Dia(s),0,28032000.0,27720533.0,311467.0,No,No,Mujer,342.0,2020-11-23,2020,False,1
CO1.PCCNTR.328855,Cerrado,2018-02-02,2018-01-23,2018-12-31,Prestación de servicios,Contratación directa,No definido,0,44306672.0,43282241.0,1024431.0,No,No,No definido,342.0,2018-02-02,2018,False,1
CO1.PCCNTR.886915,Cerrado,2019-04-16,2019-03-29,2020-03-29,Otro,Contratación directa (con ofertas),Dia(s),0,141896147.0,141896147.0,0.0,Si,No,Mujer,366.0,2019-04-16,2019,False,1
CO1.PCCNTR.451459,Cerrado,2018-07-12,2018-06-19,2019-04-05,Prestación de servicios,Contratación directa,No definido,0,64472235.0,64022951.0,449284.0,No,No,Hombre,290.0,2018-07-12,2018,False,1
CO1.PCCNTR.95301,Cerrado,2016-12-28,2016-12-22,2017-09-12,Prestación de servicios,Contratación directa (con ofertas),No definido,0,123072961.0,0.0,123072961.0,No,No,No definido,264.0,2016-12-28,2016,False,1
CO1.PCCNTR.8530678,En ejecución,2025-11-10,2025-11-18,2026-07-31,Prestación de servicios,Contratación directa,268 Dia(s),0,40089500.0,33516267.0,6573233.0,No,No,Hombre,255.0,2025-11-10,2025,False,1
CO1.PCCNTR.92501,Cerrado,2016-12-26,2016-12-16,2017-09-12,Prestación de servicios,Contratación directa (con ofertas),No definido,0,125310651.0,0.0,125310651.0,No,No,No definido,270.0,2016-12-26,2016,False,1
CO1.PCCNTR.2178476,Cerrado,2021-02-05,2021-02-05,2021-06-30,Prestación de servicios,Contratación directa,155 Dia(s),0,13566933.0,13063335.0,503598.0,No,No,No definido,145.0,2021-02-05,2021,False,1
CO1.PCCNTR.8713812,Modificado,2025-12-19,2025-12-24,2026-10-31,Prestación de servicios,Contratación directa,315 Dia(s),92,105201600.0,61367600.0,43834000.0,No,No,Mujer,311.0,2025-12-19,2025,False,1
CO1.PCCNTR.3151635,Cerrado,2021-12-31,2021-12-31,2022-07-31,Prestación de servicios,Contratación directa,215 Dia(s),0,61766667.0,60350000.0,1416667.0,No,No,Mujer,212.0,2021-12-31,2021,False,1
CO1.PCCNTR.2178952,Cerrado,2021-02-05,2021-02-05,2021-12-31,Prestación de servicios,Contratación directa,339 Dia(s),0,84964700.0,38848167.0,46116533.0,No,No,Mujer,329.0,2021-02-05,2021,False,1
CO1.PCCNTR.1687966,Cerrado,2020-08-05,2020-08-05,2021-06-29,Prestación de servicios,Contratación directa,356 Dia(s),0,57859901.0,57695992.0,163909.0,No,No,No definido,328.0,2020-08-05,2020,False,1
CO1.PCCNTR.8621493,Modificado,2025-11-25,2025-12-02,2026-10-31,Prestación de servicios,Contratación directa,333 Dia(s),91,150872800.0,92388400.0,58484400.0,No,No,No definido,333.0,2025-11-25,2025,False,1
CO1.PCCNTR.1861145,Cerrado,2020-10-23,2020-10-23,2021-01-31,Prestación de servicios,Contratación directa,101 Dia(s),0,24308475.0,22572156.0,1736319.0,No,No,No definido,100.0,2020-10-23,2020,False,1
CO1.PCCNTR.8641549,En ejecución,2025-12-05,2025-12-11,2026-07-31,Prestación de servicios,Contratación directa,236 Dia(s),0,53009199.0,44944919.0,8064280.0,No,No,No definido,232.0,2025-12-05,2025,False,1
CO1.PCCNTR.2257608,Cerrado,2021-02-25,2021-02-25,2021-12-15,Prestación de servicios,Contratación directa,319 Dia(s),0,54904167.0,53473439.0,1430728.0,No,No,No definido,293.0,2021-02-25,2021,False,1
CO1.PCCNTR.157901,Cerrado,2017-09-21,2017-06-09,2018-03-28,Prestación de servicios,Contratación directa (con ofertas),Dia(s),0,38441775.0,23712179.0,14729596.0,No,No,Mujer,292.0,2017-09-21,2017,False,1
CO1.PCCNTR.2206706,Cerrado,2021-02-11,2021-02-11,2021-10-31,Prestación de servicios,Contratación directa,333 Dia(s),0,72008871.0,70957647.0,1051224.0,No,No,Hombre,262.0,2021-02-11,2021,False,1
CO1.PCCNTR.130203,Cerrado,2017-04-10,2017-03-29,2018-02-28,Prestación de servicios,Contratación directa (con ofertas),Dia(s),0,116866400.0,66607740.0,50258660.0,No,No,No definido,336.0,2017-04-10,2017,False,1
CO1.PCCNTR.680051,Cerrado,2018-12-17,2018-12-06,2019-05-31,Prestación de servicios,Contratación directa,No definido,0,57633333.0,55416667.0,2216666.0,No,No,No definido,176.0,2018-12-17,2018,False,1
CO1.PCCNTR.7552822,Cerrado,2025-02-26,2025-03-05,2025-06-30,Prestación de servicios,Contratación directa,123 Dia(s),0,26716420.0,25195973.0,1520447.0,No,No,Mujer,117.0,2025-02-26,2025,False,1
CO1.PCCNTR.5956434,Cerrado,2024-02-16,2024-02-23,2024-12-31,Prestación de servicios,Contratación directa,312 Dia(s),0,93878400.0,93573600.0,304800.0,No,No,No definido,312.0,2024-02-16,2024,False,1
CO1.PCCNTR.4662638,Cerrado,2023-02-24,2023-02-24,2023-06-20,Prestación de servicios,Contratación directa,4 Mes(es),0,36896224.0,36281287.0,614937.0,No,No,Mujer,116.0,2023-02-24,2023,False,1
CO1.PCCNTR.599907,Cerrado,2018-10-18,2018-10-04,2018-12-31,Prestación de servicios,Contratación directa,No definido,0,24420953.0,21903329.0,2517624.0,No,No,No definido,88.0,2018-10-18,2018,False,1
CO1.PCCNTR.5493027,En ejecución,2023-11-17,2023-11-17,2023-12-15,Prestación de servicios,Mínima cuantía,1 Mes(es),0,8055110.0,8055110.0,0.0,Si,No,Hombre,28.0,2023-11-17,2023,False,0
CO1.PCCNTR.63901,Aprobado,2016-10-11,2016-09-30,2016-12-31,Consultoría,Concurso de méritos abierto,No definido,0,203715800.0,0.0,203715800.0,Si,No,Hombre,92.0,2016-10-11,2016,False,0
CO1.PCCNTR.7711809,En ejecución,2025-03-31,2025-04-03,2025-12-02,Prestación de servicios,Contratación directa,8 Mes(es),0,51611392.0,51611392.0,0.0,No,No,No definido,243.0,2025-03-31,2025,False,1
CO1.PCCNTR.4683080,Cerrado,2023-02-28,2023-02-28,2023-06-23,Prestación de servicios,Contratación directa,4 Mes(es),0,46308720.0,45536908.0,771812.0,No,No,No definido,115.0,2023-02-28,2023,False,1
CO1.PCCNTR.5435044,Cerrado,2023-10-09,2023-10-09,2024-06-30,Prestación de servicios,Contratación directa,270 Dia(s),0,28675200.0,27851200.0,824000.0,No,No,Hombre,265.0,2023-10-09,2023,False,1
CO1.PCCNTR.248306,Cerrado,2018-01-23,2017-12-14,2018-10-31,Prestación de servicios,Contratación directa (con ofertas),No definido,0,85662964.0,82377953.0,3285011.0,No,No,No definido,321.0,2018-01-23,2018,False,1
CO1.PCCNTR.8577801,Modificado,2025-11-18,2025-11-24,2026-10-31,Prestación de servicios,Contratación directa,341 Dia(s),91,114675200.0,69668267.0,45006933.0,No,No,No definido,341.0,2025-11-18,2025,False,1
CO1.PCCNTR.2211565,Cerrado,2021-02-20,2021-02-20,2021-12-15,Prestación de servicios,Contratación directa,332 Dia(s),0,88034422.0,85833561.0,2200861.0,No,No,No definido,298.0,2021-02-20,2021,False,1
CO1.PCCNTR.3488069,Cerrado,2022-02-02,2022-02-02,2022-12-18,Prestación de servicios,Contratación directa,326 Dia(s),0,33475000.0,33269000.0,206000.0,No,No,Mujer,319.0,2022-02-02,2022,False,1
CO1.PCCNTR.6159218,Cerrado,2024-04-02,2024-04-05,2024-12-31,Prestación de servicios,Contratación directa,266 Dia(s),0,61123732.0,61123732.0,0.0,No,No,No definido,270.0,2024-04-02,2024,False,1
CO1.PCCNTR.639233,Cerrado,2019-01-25,2018-12-17,2019-11-30,Otro,Contratación directa (con ofertas),Dia(s),0,102316877.0,89461681.0,12855196.0,No,Si,No definido,348.0,2019-01-25,2019,False,1
CO1.PCCNTR.8550111,Modificado,2025-11-12,2025-11-25,2026-10-31,Prestación de servicios,Contratación directa,338 Dia(s),92,179375641.0,114984385.0,64391256.0,No,No,No definido,340.0,2025-11-12,2025,False,1
CO1.PCCNTR.8597045,Modificado,2025-11-20,2025-11-26,2026-10-31,Prestación de servicios,Contratación directa,339 Dia(s),91,151720400.0,94931200.0,56789200.0,No,No,Hombre,339.0,2025-11-20,2025,False,1
CO1.PCCNTR.5301328,Cerrado,2023-08-15,2023-08-15,2023-12-31,Prestación de servicios,Contratación directa,138 Dia(s),0,17986667.0,17226666.0,760000.0,No,No,Hombre,138.0,2023-08-15,2023,False,1
CO1.PCCNTR.6352922,Cerrado,2024-05-31,2024-06-06,2024-12-31,Prestación de servicios,Mínima cuantía,208 Dia(s),0,60764600.0,60764600.0,0.0,Si,No,Hombre,208.0,2024-05-31,2024,False,0
CO1.PCCNTR.4197358,Cerrado,2022-11-24,2022-11-24,2023-08-31,Prestación de servicios,Contratación directa,296 Dia(s),0,59800000.0,58600000.0,1200000.0,No,No,No definido,280.0,2022-11-24,2022,False,1
CO1.PCCNTR.299836,Cerrado,2018-02-02,2018-01-19,2018-12-31,Prestación de servicios,Contratación directa,No definido,0,163085716.0,161200332.0,1885384.0,No,No,No definido,346.0,2018-02-02,2018,False,1
CO1.PCCNTR.5253665,Cerrado,2023-08-01,2023-08-01,2023-12-31,Prestación de servicios,Contratación directa,157 Dia(s),0,28151043.0,27969424.0,181619.0,No,No,Hombre,152.0,2023-08-01,2023,False,1
CO1.PCCNTR.5372244,Cerrado,2023-09-13,2023-09-13,2024-12-31,Prestación de servicios,Contratación directa,474 Dia(s),0,149094192.0,145677450.0,3416742.0,No,No,No definido,475.0,2023-09-13,2023,False,1
CO1.PCCNTR.2194861,Cerrado,2021-02-20,2021-02-20,2021-12-31,Prestación de servicios,Contratación directa,336 Dia(s),0,43431521.0,18522267.0,24909254.0,No,No,No definido,314.0,2021-02-20,2021,False,1
CO1.PCCNTR.2479922,Cerrado,2021-05-14,2021-05-14,2021-11-30,Prestación de servicios,Contratación directa,215 Dia(s),0,53886167.0,53134267.0,751900.0,No,No,No definido,200.0,2021-05-14,2021,False,1
CO1.PCCNTR.2274846,Cerrado,2021-03-26,2021-03-26,2021-11-04,Prestación de servicios,Contratación directa,317 Dia(s),0,32720250.0,25631850.0,7088400.0,No,No,No definido,223.0,2021-03-26,2021,False,1
CO1.PCCNTR.683988,Cerrado,2019-01-03,2018-12-10,2019-11-30,Prestación de servicios,Contratación directa,No definido,0,81870262.0,80289319.0,1580943.0,No,No,No definido,355.0,2019-01-03,2019,False,1
CO1.PCCNTR.3153854,Cerrado,2021-12-31,2021-12-31,2022-07-31,Prestación de servicios,Contratación directa,214 Dia(s),0,17127333.0,16744000.0,383333.0,No,No,Hombre,212.0,2021-12-31,2021,False,1
CO1.PCCNTR.240327,Cerrado,2018-01-12,2017-12-12,2018-12-31,Prestación de servicios,Selección abreviada subasta inversa,No definido,0,393714930.24,309874697.0,83840232.0,No,No,Hombre,384.0,2018-01-12,2018,False,0
CO1.PCCNTR.2207722,Cerrado,2021-02-17,2021-02-17,2021-11-30,Prestación de servicios,Contratación directa,333 Dia(s),0,85184966.0,84341550.0,843416.0,No,No,Hombre,286.0,2021-02-17,2021,False,1
CO1.PCCNTR.9159380,En ejecución,2026-01-29,2026-02-02,2026-12-31,Prestación de servicios,Contratación directa,335 Dia(s),0,109352040.0,36764910.0,72587130.0,No,No,No definido,332.0,2026-01-29,2026,False,1
CO1.PCCNTR.8631270,En ejecución,2025-11-27,2025-12-02,2026-07-31,Prestación de servicios,Contratación directa,246 Dia(s),0,37778033.0,31493733.0,6284300.0,No,No,Mujer,241.0,2025-11-27,2025,False,1
CO1.PCCNTR.8572907,En ejecución,2025-11-18,2025-11-24,2026-07-31,Prestación de servicios,Contratación directa,261 Dia(s),0,64454000.0,37859467.0,26594533.0,No,No,No definido,249.0,2025-11-18,2025,False,1
CO1.PCCNTR.301627,Cerrado,2018-01-28,2018-01-18,2018-12-31,Prestación de servicios,Contratación directa,No definido,0,35047467.0,34151367.0,896100.0,No,No,No definido,347.0,2018-01-28,2018,False,1
CO1.PCCNTR.70904,Cerrado,2016-10-13,2016-10-06,2017-03-31,Prestación de servicios,Contratación directa (con ofertas),No definido,0,50950124.0,0.0,50950124.0,No,No,Mujer,176.0,2016-10-13,2016,False,1
CO1.PCCNTR.8587645,Modificado,2025-11-18,2025-11-25,2026-10-31,Prestación de servicios,Contratación directa,340 Dia(s),91,105933200.0,64072500.0,41860700.0,No,No,Hombre,340.0,2025-11-18,2025,False,1
CO1.PCCNTR.6176456,Cerrado,2024-04-05,2024-04-11,2024-12-31,Prestación de servicios,Contratación directa,260 Dia(s),0,149314525.0,149314525.0,0.0,No,No,Hombre,264.0,2024-04-05,2024,False,1
CO1.PCCNTR.4185415,En ejecución,2022-11-21,2022-11-21,2023-10-08,Prestación de servicios,Contratación directa,339 Dia(s),0,166234790.0,166234790.0,0.0,Si,No,Mujer,321.0,2022-11-21,2022,False,1
CO1.PCCNTR.9738480,En ejecución,2026-07-31,2026-08-04,2026-12-31,Prestación de servicios,Contratación directa,150 Dia(s),0,24666667.0,0.0,24666667.0,No,No,Mujer,149.0,2026-07-31,2026,False,1
CO1.PCCNTR.6304274,Cerrado,2024-05-09,2024-05-15,2025-04-23,Prestación de servicios,Contratación directa,343 Dia(s),0,83134100.0,83134100.0,0.0,No,No,No definido,343.0,2024-05-09,2024,False,1
CO1.PCCNTR.4632150,Cerrado,2023-02-19,2023-02-19,2023-06-15,Prestación de servicios,Contratación directa,4 Mes(es),0,39921308.0,39255953.0,665355.0,No,No,No definido,116.0,2023-02-19,2023,False,1
CO1.PCCNTR.4340615,Cerrado,2022-12-28,2022-12-28,2023-08-31,Prestación de servicios,Contratación directa,252 Dia(s),0,74944273.0,72895017.0,2049255.0,No,No,Hombre,246.0,2022-12-28,2022,False,1
CO1.PCCNTR.1402337,Cerrado,2020-03-13,2020-02-28,2021-12-15,Prestación de servicios,Mínima cuantía,Dia(s),0,42000000.0,34118820.0,7881179.0,Si,No,Hombre,656.0,2020-03-13,2020,False,0
CO1.PCCNTR.1101,Enviado proveedor,,2015-09-09,2015-11-30,Compraventa,Mínima cuantía,No definido,0,350000.0,0.0,350000.0,Si,No,Hombre,82.0,2015-09-09,2015,False,0
CO1.PCCNTR.2469056,Cerrado,2021-06-16,2021-06-16,2022-05-31,Otro,Contratación directa,248 Dia(s),0,23504391105.0,12261098054.0,11243293050.0,No,No,No definido,349.0,2021-06-16,2021,False,1
CO1.PCCNTR.5274636,Cerrado,2023-08-11,2023-08-11,2024-03-13,Prestación de servicios,Contratación directa,153 Dia(s),0,52266667.0,51333333.0,933334.0,No,No,No definido,215.0,2023-08-11,2023,False,1
CO1.PCCNTR.81004,Cerrado,2016-12-06,2016-11-15,2018-12-31,Prestación de servicios,Mínima cuantía,No definido,0,54000000.0,0.0,54000000.0,Si,No,No definido,776.0,2016-12-06,2016,False,0
CO1.PCCNTR.5216521,Cerrado,2023-07-18,2023-07-18,2023-12-31,Prestación de servicios,Contratación directa,171 Dia(s),0,35263748.0,33651691.0,1612057.0,No,No,No definido,166.0,2023-07-18,2023,False,1
CO1.PCCNTR.127908,Cerrado,2017-04-19,2017-04-04,2018-06-30,Prestación de servicios,Contratación directa (con ofertas),No definido,0,46650000.0,45509667.0,1140333.0,No,No,No definido,452.0,2017-04-19,2017,False,1
CO1.PCCNTR.680704,Cerrado,2018-12-28,2018-12-06,2019-07-31,Prestación de servicios,Contratación directa,No definido,0,76633333.0,74416667.0,2216666.0,No,No,No definido,237.0,2018-12-28,2018,False,1
CO1.PCCNTR.6785480,En ejecución,2024-09-18,2024-09-24,2024-12-31,Prestación de servicios,Contratación directa,103 Dia(s),0,14282667.0,13321333.0,961334.0,No,No,No definido,98.0,2024-09-18,2024,False,1
CO1.PCCNTR.5947587,Cerrado,2024-02-15,2024-02-20,2024-12-31,Prestación de servicios,Contratación directa,8 Mes(es),0,40673492.0,40542709.0,130783.0,No,No,Mujer,315.0,2024-02-15,2024,False,1
CO1.PCCNTR.8467918,En ejecución,2025-10-22,2025-10-24,2025-12-31,Prestación de servicios,Contratación directa,71 Dia(s),0,22586667.0,19653333.0,2933334.0,No,No,Hombre,68.0,2025-10-22,2025,False,1
CO1.PCCNTR.7524347,Cerrado,2025-02-20,2025-02-25,2025-11-24,Prestación de servicios,Contratación directa,9 Mes(es),0,155057391.0,153908818.0,1148573.0,No,No,No definido,272.0,2025-02-20,2025,False,1
CO1.PCCNTR.9091374,En ejecución,2026-01-23,2026-01-26,2026-07-31,Prestación de servicios,Contratación directa,185 Dia(s),0,64635340.0,38657500.0,25977840.0,No,No,Hombre,186.0,2026-01-23,2026,False,1
CO1.PCCNTR.1350363,Cerrado,2020-03-04,2020-02-05,2020-12-31,Prestación de servicios,Contratación directa,Dia(s),0,92650000.0,92083333.0,566666.0,No,No,No definido,330.0,2020-03-04,2020,False,1
CO1.PCCNTR.8716100,En ejecución,2025-12-22,2025-12-29,2026-07-31,Prestación de servicios,Contratación directa,221 Dia(s),0,76500000.0,63666666.0,12833333.0,No,No,Hombre,214.0,2025-12-22,2025,False,1
CO1.PCCNTR.4831354,Cerrado,2023-04-03,2023-04-03,2023-07-31,Prestación de servicios,Contratación directa,4 Mes(es),0,11287976.0,11287976.0,0.0,No,No,Mujer,119.0,2023-04-03,2023,False,1
CO1.PCCNTR.92603,Cerrado,2016-12-26,2016-12-16,2017-09-12,Prestación de servicios,Contratación directa (con ofertas),No definido,0,125310651.0,0.0,125310651.0,No,No,No definido,270.0,2016-12-26,2016,False,1
CO1.PCCNTR.488327,Cerrado,2018-07-31,2018-07-18,2018-11-30,Prestación de servicios,Contratación directa,No definido,0,35210916.0,33935158.0,1275758.0,No,No,No definido,135.0,2018-07-31,2018,False,1
CO1.PCCNTR.2431629,Cerrado,2021-05-03,2021-05-03,2021-12-15,Prestación de servicios,Contratación directa,200 Dia(s),0,29731904.0,28896067.0,835837.0,No,No,No definido,226.0,2021-05-03,2021,False,1
CO1.PCCNTR.830636,Cerrado,2019-04-16,2019-02-12,2019-08-31,Prestación de servicios,Contratación directa,No definido,0,17953422.0,16604808.0,1348614.0,No,No,No definido,200.0,2019-04-16,2019,False,1
CO1.PCCNTR.252929,Cerrado,2017-12-13,2017-12-07,2018-11-28,Prestación de servicios,Contratación directa,No definido,0,89147506.0,88394145.0,753361.0,No,No,No definido,356.0,2017-12-13,2017,False,1
CO1.PCCNTR.1314655,Cerrado,2020-02-07,2020-01-24,2020-12-31,Prestación de servicios,Contratación directa,Dia(s),0,87248000.0,86741333.0,506667.0,No,No,No definido,342.0,2020-02-07,2020,False,1
CO1.PCCNTR.1554002,Cerrado,2020-05-19,2020-05-19,2021-04-30,Prestación de servicios,Contratación directa,357 Dia(s),0,45459158.0,45203050.0,256108.0,No,No,No definido,346.0,2020-05-19,2020,False,1
CO1.PCCNTR.109524,Cerrado,2017-02-09,2017-02-06,2018-06-15,Prestación de servicios,Contratación directa (con ofertas),No definido,0,111074975.0,107762600.0,3312375.0,No,No,No definido,494.0,2017-02-09,2017,False,1
CO1.PCCNTR.7382881,En ejecución,2025-02-06,2025-02-11,2025-12-10,Prestación de servicios,Contratación directa,10 Mes(es),0,43650000.0,43359000.0,291000.0,No,No,Hombre,302.0,2025-02-06,2025,False,1
CO1.PCCNTR.4279141,Modificado,2022-12-09,2022-12-09,2024-12-15,Prestación de servicios,Mínima cuantía,24 Mes(es),15,36750000.0,31373446.0,5376553.0,No,No,Hombre,737.0,2022-12-09,2022,False,0
CO1.PCCNTR.471973,Cerrado,2018-07-25,2018-07-16,2018-07-30,Compraventa,Mínima cuantía,No definido,0,1976446.0,1976446.0,0.0,No,No,No definido,14.0,2018-07-25,2018,False,0
CO1.PCCNTR.796326,Cerrado,2019-03-12,2019-01-30,2020-02-29,Prestación de servicios,Contratación directa,No definido,0,48232545.0,47384234.0,848311.0,No,No,No definido,395.0,2019-03-12,2019,False,1
CO1.PCCNTR.4350515,Cerrado,2022-12-30,2022-12-30,2023-08-31,Prestación de servicios,Contratación directa,248 Dia(s),0,64279931.0,63247322.0,1032609.0,No,No,Hombre,244.0,2022-12-30,2022,False,1
CO1.PCCNTR.73208,Cerrado,2016-11-04,2016-10-19,2016-12-31,Prestación de servicios,Contratación directa (con ofertas),Dia(s),0,23402518.0,0.0,23402518.0,No,No,No definido,73.0,2016-11-04,2016,False,1
CO1.PCCNTR.5359646,Cerrado,2023-09-11,2023-09-11,2023-12-31,Prestación de servicios,Contratación directa,116 Dia(s),0,30000000.0,28750000.0,1250000.0,No,No,Hombre,111.0,2023-09-11,2023,False,1
CO1.PCCNTR.8696311,Terminado,2025-12-18,2025-12-23,2026-07-31,Prestación de servicios,Contratación directa,231 Dia(s),0,35328256.0,30325915.0,5002341.0,No,No,Mujer,220.0,2025-12-18,2025,False,1
CO1.PCCNTR.3396966,Cerrado,2022-02-03,2022-02-03,2022-12-31,Prestación de servicios,Contratación directa,341 Dia(s),0,38717498.0,37929642.0,787856.0,No,No,No definido,331.0,2022-02-03,2022,False,1
CO1.PCCNTR.6589108,Cerrado,2024-08-02,2024-08-09,2025-03-14,Prestación de servicios,Contratación directa,233 Dia(s),0,48316666.0,46799999.0,1516667.0,No,No,Hombre,217.0,2024-08-02,2024,False,1
CO1.PCCNTR.5436909,Cerrado,2023-10-09,2023-10-09,2024-05-31,Prestación de servicios,Contratación directa,239 Dia(s),0,108739966.0,103392099.0,5347866.0,No,No,No definido,235.0,2023-10-09,2023,False,1
CO1.PCCNTR.123902,Cerrado,2017-03-30,2017-03-14,2017-11-30,Prestación de servicios,Contratación directa (con ofertas),No definido,0,41377547.0,39524820.0,1852727.0,No,No,Hombre,261.0,2017-03-30,2017,False,1
CO1.PCCNTR.3487060,Cerrado,2022-01-31,2022-01-31,2022-12-31,Prestación de servicios,Contratación directa,341 Dia(s),0,114950037.23,113926743.0,1023294.0,No,No,No definido,334.0,2022-01-31,2022,False,1
CO1.PCCNTR.8614397,Modificado,2025-11-21,2025-12-01,2026-12-26,Prestación de servicios,Contratación directa,386 Dia(s),148,58335640.0,31638200.0,26697440.0,No,No,Hombre,390.0,2025-11-21,2025,False,1
CO1.PCCNTR.450046,Cerrado,2018-07-12,2018-06-18,2018-11-30,Prestación de servicios,Contratación directa,No definido,0,47723542.0,47137977.0,585565.0,No,No,No definido,165.0,2018-07-12,2018,False,1
CO1.PCCNTR.697505,Cerrado,2019-01-24,2018-12-28,2019-11-30,Otro,Contratación directa (con ofertas),Dia(s),0,13000000.0,13000000.0,0.0,Si,No,No definido,337.0,2019-01-24,2019,False,1
CO1.PCCNTR.6587103,En ejecución,2024-08-01,2024-08-06,2024-12-31,Prestación de servicios,Contratación directa,5 Mes(es),0,22600000.0,21846667.0,753333.0,No,No,Hombre,147.0,2024-08-01,2024,False,1
CO1.PCCNTR.4651696,Cerrado,2023-02-22,2023-02-22,2023-06-17,Prestación de servicios,Contratación directa,4 Mes(es),0,56649704.0,55705542.0,944162.0,No,No,No definido,115.0,2023-02-22,2023,False,1
CO1.PCCNTR.1331025,Cerrado,2020-03-03,2020-01-29,2020-06-30,Prestación de servicios,Contratación directa,Dia(s),0,30756633.0,29588659.0,1167974.0,No,No,Mujer,153.0,2020-03-03,2020,False,1
CO1.PCCNTR.2208211,Cerrado,2021-02-17,2021-02-17,2021-12-31,Prestación de servicios,Contratación directa,333 Dia(s),0,100410678.0,99524077.0,886601.0,No,No,No definido,317.0,2021-02-17,2021,False,1
CO1.PCCNTR.6095254,Cerrado,2024-03-15,2024-03-19,2025-03-17,Prestación de servicios,Contratación directa,358 Dia(s),0,37515500.0,37515500.0,0.0,No,No,Hombre,363.0,2024-03-15,2024,False,1
CO1.PCCNTR.4269030,Cerrado,2022-12-07,2022-12-07,2023-10-31,Prestación de servicios,Mínima cuantía,11 Mes(es),0,16199160.0,16014085.0,185074.0,Si,No,Hombre,328.0,2022-12-07,2022,False,0
CO1.PCCNTR.819467,Cerrado,2019-03-12,2019-02-08,2020-02-29,Prestación de servicios,Contratación directa,No definido,0,190310656.0,184970306.0,5340350.0,No,No,No definido,386.0,2019-03-12,2019,False,1
CO1.PCCNTR.604208,Cerrado,2018-10-25,2018-10-10,2018-12-31,Prestación de servicios,Contratación directa,No definido,0,17363198.0,13317404.0,4045794.0,No,No,Mujer,82.0,2018-10-25,2018,False,1
CO1.PCCNTR.73206,Cerrado,2016-10-25,2016-10-12,2017-06-30,Prestación de servicios,Contratación directa (con ofertas),No definido,0,34985917.0,2610890.0,32375027.0,No,No,No definido,261.0,2016-10-25,2016,False,1
CO1.PCCNTR.6918461,Cerrado,2024-10-18,2024-10-22,2024-12-31,Prestación de servicios,Contratación directa,73 Dia(s),0,35000000.0,18200000.0,16800000.0,No,No,Hombre,70.0,2024-10-18,2024,False,1
CO1.PCCNTR.684099,Cerrado,2018-12-26,2018-12-10,2019-11-30,Prestación de servicios,Contratación directa,No definido,0,51855656.0,50841718.0,1013938.0,No,No,Hombre,355.0,2018-12-26,2018,False,1
CO1.PCCNTR.8925009,En ejecución,2026-01-16,2026-01-19,2026-12-31,Prestación de servicios,Contratación directa,346 Dia(s),0,140589177.0,53635177.0,86954000.0,No,No,No definido,346.0,2026-01-16,2026,False,1
CO1.PCCNTR.420834,Cerrado,2018-06-26,2018-06-05,2018-12-14,Compraventa,Mínima cuantía,No definido,0,65540665.0,62032000.0,3508665.0,Si,No,Hombre,192.0,2018-06-26,2018,False,0
CO1.PCCNTR.7631416,En ejecución,2025-03-11,2025-03-14,2025-09-30,Prestación de servicios,Contratación directa,,0,30150000.0,29550000.0,600000.0,No,No,Hombre,200.0,2025-03-11,2025,False,1
CO1.PCCNTR.705709,Cerrado,2019-01-18,2018-12-28,2019-12-27,Compraventa,Mínima cuantía,No definido,0,4770000.0,4770000.0,0.0,Si,No,No definido,364.0,2019-01-18,2019,False,0
CO1.PCCNTR.6304539,Cerrado,2024-05-09,2024-05-15,2025-04-23,Prestación de servicios,Contratación directa,343 Dia(s),0,83134100.0,83134100.0,0.0,No,No,Hombre,343.0,2024-05-09,2024,False,1
CO1.PCCNTR.110013,Cerrado,2017-02-15,2017-02-06,2017-12-31,Prestación de servicios,Contratación directa (con ofertas),Dia(s),0,63434109.0,61001533.0,2432576.0,No,No,No definido,328.0,2017-02-15,2017,False,1
CO1.PCCNTR.4652309,Cerrado,2023-02-23,2023-02-23,2023-06-17,Prestación de servicios,Contratación directa,4 Mes(es),0,63660492.0,62599484.0,1061008.0,No,No,No definido,114.0,2023-02-23,2023,False,1
CO1.PCCNTR.9300389,En ejecución,2026-01-30,2026-02-04,2026-12-31,Prestación de servicios,Contratación directa,11 Mes(es),0,93783333.0,41083333.0,52699999.0,Si,No,Mujer,330.0,2026-01-30,2026,False,1
CO1.PCCNTR.5372486,Cerrado,2023-09-14,2023-09-14,2024-12-31,Prestación de servicios,Contratación directa,473 Dia(s),0,133829264.0,130483532.0,3345732.0,No,No,No definido,474.0,2023-09-14,2023,False,1
CO1.PCCNTR.1338366,Cerrado,2020-03-02,2020-02-03,2021-05-31,Prestación de servicios,Contratación directa,Dia(s),0,77035000.0,75330000.0,1705000.0,No,No,No definido,483.0,2020-03-02,2020,False,1
CO1.PCCNTR.1998525,Cerrado,2020-12-02,2020-12-02,2021-10-31,Prestación de servicios,Contratación directa,348 Dia(s),0,62641167.0,50143833.0,12497334.0,No,No,No definido,333.0,2020-12-02,2020,False,1
CO1.PCCNTR.826387,Cerrado,2019-03-20,2019-02-11,2019-12-31,Prestación de servicios,Contratación directa,No definido,0,39951042.0,38506158.0,1444884.0,No,No,No definido,323.0,2019-03-20,2019,False,1
CO1.PCCNTR.3156356,En ejecución,2022-01-15,2022-01-15,2022-01-15,Prestación de servicios,Contratación directa,3 Dia(s),0,26500000.0,0.0,26500000.0,No,No,No definido,0.0,2022-01-15,2022,False,1
CO1.PCCNTR.451389,Cerrado,2018-07-12,2018-06-19,2018-11-30,Prestación de servicios,Contratación directa,No definido,0,46725881.0,45884479.0,841402.0,No,No,No definido,164.0,2018-07-12,2018,False,1
CO1.PCCNTR.3458301,Cerrado,2022-02-02,2022-02-02,2022-12-31,Prestación de servicios,Contratación directa,339 Dia(s),0,40239564.0,40000753.0,238811.0,No,No,Mujer,332.0,2022-02-02,2022,False,1
CO1.PCCNTR.5372041,Cerrado,2023-09-13,2023-09-13,2023-12-31,Prestación de servicios,Contratación directa,111 Dia(s),0,34800000.0,32400000.0,2400000.0,No,No,Mujer,109.0,2023-09-13,2023,False,1
CO1.PCCNTR.7657228,En ejecución,2025-03-19,2025-03-26,2025-09-30,Prestación de servicios,Contratación directa,194 Dia(s),0,52800000.0,49333333.0,3466667.0,No,No,Mujer,188.0,2025-03-19,2025,False,1
CO1.PCCNTR.7285966,Modificado,2025-01-21,2025-01-22,2025-12-31,Prestación de servicios,Contratación directa,343 Dia(s),102,125520400.0,125520400.0,0.0,No,No,No definido,343.0,2025-01-21,2025,False,1
CO1.PCCNTR.8308224,En ejecución,2025-09-12,2025-09-17,2025-12-31,Prestación de servicios,Contratación directa,110 Dia(s),0,60000000.0,52000000.0,8000000.0,No,No,No definido,105.0,2025-09-12,2025,False,1
CO1.PCCNTR.817469,Cerrado,2019-04-16,2019-02-06,2019-12-31,Prestación de servicios,Contratación directa,No definido,0,86092669.0,83758831.0,2333838.0,No,No,No definido,328.0,2019-04-16,2019,False,1
CO1.PCCNTR.1986728,Cerrado,2020-12-02,2020-12-02,2021-11-23,Prestación de servicios,Selección abreviada subasta inversa,1 Año(s),0,207336080.0,207336080.0,0.0,Si,No,Hombre,356.0,2020-12-02,2020,False,0
CO1.PCCNTR.2554496,Cerrado,2021-07-09,2021-07-09,2022-08-31,Prestación de servicios,Contratación directa,332 Dia(s),0,129418087.0,129133026.0,285061.0,No,No,Mujer,418.0,2021-07-09,2021,False,1
CO1.PCCNTR.7116612,En ejecución,2024-12-13,2024-12-18,2024-12-20,Compraventa,Selección abreviada subasta inversa,8 Dia(s),0,1913456000.0,1913456000.0,0.0,No,No,Mujer,2.0,2024-12-13,2024,False,0
CO1.PCCNTR.4359915,Cerrado,2023-01-13,2023-01-13,2023-08-31,Prestación de servicios,Contratación directa,245 Dia(s),0,61405167.0,60653267.0,751900.0,No,No,Hombre,230.0,2023-01-13,2023,False,1
CO1.PCCNTR.4603540,Cerrado,2023-02-14,2023-02-14,2023-06-10,Prestación de servicios,Contratación directa,4 Mes(es),0,28490332.0,28015492.0,474840.0,No,No,No definido,116.0,2023-02-14,2023,False,1
CO1.PCCNTR.5658806,En ejecución,2023-12-15,2023-12-15,2023-12-22,Compraventa,Contratación directa,9 Dia(s),0,391381285.0,391381284.0,0.0,No,No,No definido,7.0,2023-12-15,2023,False,1
CO1.PCCNTR.6085055,Cerrado,2024-03-13,2024-03-19,2024-12-31,Prestación de servicios,Contratación directa,8 Mes(es),0,54501200.0,54501200.0,0.0,No,No,Mujer,287.0,2024-03-13,2024,False,1
CO1.PCCNTR.8922224,En ejecución,2026-01-22,2026-01-23,2026-10-31,Prestación de servicios,Contratación directa,285 Dia(s),0,115530450.0,64048460.0,51481990.0,No,No,Hombre,281.0,2026-01-22,2026,False,1
CO1.PCCNTR.310433,Cerrado,2018-02-02,2018-01-24,2019-05-31,Prestación de servicios,Contratación directa,No definido,0,81451937.0,80135541.0,1316395.0,No,No,Hombre,492.0,2018-02-02,2018,False,1
CO1.PCCNTR.2227677,Cerrado,2021-02-20,2021-02-20,2021-12-31,Prestación de servicios,Contratación directa,329 Dia(s),0,87151733.0,84542400.0,2609333.0,No,No,No definido,314.0,2021-02-20,2021,False,1
CO1.PCCNTR.2438012,Cerrado,2021-05-03,2021-05-03,2022-08-26,Prestación de servicios,Contratación directa,350 Dia(s),0,151914000.0,151614000.0,300000.0,No,No,No definido,480.0,2021-05-03,2021,False,1
CO1.PCCNTR.300207,Cerrado,2018-01-28,2018-01-18,2018-12-31,Prestación de servicios,Contratación directa,No definido,0,79350037.0,78662031.0,688006.0,No,No,No definido,347.0,2018-01-28,2018,False,1
CO1.PCCNTR.9082838,En ejecución,2026-01-24,2026-01-27,2026-12-31,Prestación de servicios,Contratación directa,335 Dia(s),0,183261750.0,100657200.0,82604550.0,No,No,Hombre,338.0,2026-01-24,2026,False,1
CO1.PCCNTR.134913,Cerrado,2017-04-24,2017-04-10,2017-04-10,Prestación de servicios,Contratación directa (con ofertas),Dia(s),0,9902090.0,8416776.0,1485314.0,No,No,No definido,0.0,2017-04-24,2017,False,1
CO1.PCCNTR.9780748,Aprobado,2026-08-06,,2026-12-31,Prestación de servicios,Contratación directa,143 Dia(s),0,29525400.0,0.0,29525400.0,No,No,Mujer,,2026-08-06,2026,False,1
CO1.PCCNTR.2055801,Cerrado,2020-12-17,2020-12-17,2021-11-30,Prestación de servicios,Contratación directa,356 Dia(s),0,40331905.0,40331905.0,0.0,No,No,No definido,348.0,2020-12-17,2020,False,1
CO1.PCCNTR.7994991,En ejecución,2025-06-26,2025-07-01,2025-07-31,Compraventa,Selección abreviada subasta inversa,30 Dia(s),0,1010294184.17,1010294184.0,0.0,No,No,Mujer,30.0,2025-06-26,2025,False,0
CO1.PCCNTR.8642551,En ejecución,2025-12-01,2025-12-05,2026-07-31,Prestación de servicios,Contratación directa,236 Dia(s),0,109676137.0,95660728.0,14015409.0,No,No,Mujer,238.0,2025-12-01,2025,False,1
CO1.PCCNTR.2677107,Cerrado,2021-08-11,2021-08-11,2022-12-23,Prestación de servicios,Contratación directa,352 Dia(s),0,257296060.0,256815393.0,480667.0,No,No,No definido,499.0,2021-08-11,2021,False,1
CO1.PCCNTR.4332058,Modificado,2022-12-29,2022-12-29,2025-06-30,Consultoría,Concurso de méritos abierto,28 Mes(es),30,15342602021.0,15203600187.0,139001833.0,No,Si,No definido,914.0,2022-12-29,2022,False,0
CO1.PCCNTR.1464169,Cerrado,2020-04-08,2020-03-19,2020-12-31,Prestación de servicios,Contratación directa,Dia(s),0,24016000.0,23763200.0,252800.0,No,No,No definido,287.0,2020-04-08,2020,False,1
CO1.PCCNTR.9128984,En ejecución,2026-01-25,2026-01-27,2026-12-28,Prestación de servicios,Contratación directa,330 Dia(s),0,57750000.0,26950000.0,30800000.0,No,No,Mujer,335.0,2026-01-25,2026,False,1
CO1.PCCNTR.796676,Cerrado,2019-02-26,2019-01-30,2019-12-31,Prestación de servicios,Contratación directa,No definido,0,80917987.0,78809528.0,2108459.0,No,No,Hombre,335.0,2019-02-26,2019,False,1
CO1.PCCNTR.3019298,Cerrado,2021-12-06,2021-12-06,2022-11-30,Prestación de servicios,Contratación directa,264 Dia(s),0,57160016.0,56421515.0,738501.0,No,No,No definido,359.0,2021-12-06,2021,False,1
CO1.PCCNTR.2213452,Cerrado,2021-02-20,2021-02-20,2021-12-15,Prestación de servicios,Contratación directa,332 Dia(s),0,42074696.0,41151427.0,923269.0,No,No,No definido,298.0,2021-02-20,2021,False,1
CO1.PCCNTR.5758618,Cerrado,2024-01-18,2024-01-22,2024-11-30,Prestación de servicios,Contratación directa,309 Dia(s),0,41138200.0,41138200.0,0.0,No,No,Mujer,313.0,2024-01-18,2024,False,1
CO1.PCCNTR.812606,Cerrado,2019-02-27,2019-02-06,2020-05-31,Prestación de servicios,Contratación directa,No definido,0,116288987.0,112334370.0,3954616.0,No,No,No definido,480.0,2019-02-27,2019,False,1
CO1.PCCNTR.5243861,Cerrado,2023-07-27,2023-07-27,2023-12-31,Prestación de servicios,Contratación directa,160 Dia(s),0,24034304.0,22275696.0,1758608.0,No,No,Hombre,157.0,2023-07-27,2023,False,1
CO1.PCCNTR.673024,Cerrado,2018-12-10,2018-11-29,2019-11-22,Prestación de servicios,Contratación directa,No definido,0,125772701.0,122720460.0,3052241.0,No,No,No definido,358.0,2018-12-10,2018,False,1
CO1.PCCNTR.2212165,Cerrado,2021-02-20,2021-02-20,2021-12-15,Prestación de servicios,Contratación directa,332 Dia(s),0,29041880.0,28493920.0,547960.0,No,No,No definido,298.0,2021-02-20,2021,False,1
CO1.PCCNTR.4291306,Cerrado,2022-12-12,2022-12-12,2023-08-31,Prestación de servicios,Contratación directa,269 Dia(s),0,86896214.0,83800862.0,3095352.0,No,No,Hombre,262.0,2022-12-12,2022,False,1
CO1.PCCNTR.5360063,Cerrado,2023-09-11,2023-09-11,2023-12-31,Prestación de servicios,Contratación directa,115 Dia(s),0,24000000.0,22600000.0,1400000.0,No,No,No definido,111.0,2023-09-11,2023,False,1
CO1.PCCNTR.851119,Cerrado,2019-04-15,2019-02-21,2020-02-29,Prestación de servicios,Contratación directa,No definido,0,115081016.0,112645439.0,2435577.0,No,No,No definido,373.0,2019-04-15,2019,False,1
CO1.PCCNTR.818143,Cerrado,2019-04-25,2019-02-06,2019-12-31,Prestación de servicios,Contratación directa,No definido,0,43525548.0,28093763.0,15431785.0,No,No,No definido,328.0,2019-04-25,2019,False,1
CO1.PCCNTR.4640927,Cerrado,2023-02-22,2023-02-22,2023-06-16,Prestación de servicios,Contratación directa,4 Mes(es),0,23943456.0,23544398.0,399058.0,No,No,No definido,114.0,2023-02-22,2023,False,1
CO1.PCCNTR.1463834,Cerrado,2020-04-16,2020-03-19,2020-12-31,Prestación de servicios,Contratación directa,No definido,0,71179867.0,70929233.0,250634.0,No,No,No definido,287.0,2020-04-16,2020,False,1
CO1.PCCNTR.7327034,En ejecución,2025-01-27,2025-01-29,2025-10-28,Prestación de servicios,Contratación directa,9 Mes(es),0,62712000.0,62712000.0,0.0,No,No,Mujer,272.0,2025-01-27,2025,False,1
CO1.PCCNTR.7611200,En ejecución,2025-03-07,2025-03-12,2025-11-11,Prestación de servicios,Contratación directa,8 Mes(es),0,34672000.0,34672000.0,0.0,No,No,Hombre,244.0,2025-03-07,2025,False,1
CO1.PCCNTR.2008321,Cerrado,2020-12-02,2020-12-02,2021-04-30,Prestación de servicios,Contratación directa,346 Dia(s),0,29954767.0,25032750.0,4922017.0,No,No,No definido,149.0,2020-12-02,2020,False,1
CO1.PCCNTR.1464162,Cerrado,2020-04-08,2020-03-19,2020-12-31,Prestación de servicios,Contratación directa,No definido,0,28500000.0,28200000.0,300000.0,No,No,No definido,287.0,2020-04-08,2020,False,1
CO1.PCCNTR.7388402,Cerrado,2025-02-11,2025-02-14,2025-11-13,Prestación de servicios,Contratación directa,9 Mes(es),0,39006000.0,38717067.0,288933.0,No,No,Hombre,272.0,2025-02-11,2025,False,1
CO1.PCCNTR.5426955,Cerrado,2023-10-04,2023-10-04,2024-07-31,Prestación de servicios,Contratación directa,303 Dia(s),0,153000000.0,149000000.0,4000000.0,No,No,Hombre,301.0,2023-10-04,2023,False,1
CO1.PCCNTR.7446221,Cerrado,2025-02-11,2025-02-14,2025-10-13,Prestación de servicios,Contratación directa,8 Mes(es),0,20656000.0,20483867.0,172133.0,No,No,No definido,241.0,2025-02-11,2025,False,1
CO1.PCCNTR.7113152,Cerrado,2024-12-09,2024-12-12,2024-12-15,Compraventa,Mínima cuantía,364 Dia(s),0,94992400.0,94992400.0,0.0,Si,No,Mujer,3.0,2024-12-09,2024,False,0
CO1.PCCNTR.5149216,Cerrado,2023-06-29,2023-06-29,2023-12-31,Prestación de servicios,Contratación directa,187 Dia(s),0,36954683.0,35398697.0,1555986.0,No,No,No definido,185.0,2023-06-29,2023,False,1
CO1.PCCNTR.95201,Cerrado,2017-01-13,2016-12-26,2017-09-27,Prestación de servicios,Contratación directa (con ofertas),No definido,0,122113950.0,0.0,122113950.0,No,No,No definido,275.0,2017-01-13,2017,False,1
CO1.PCCNTR.2188652,Cerrado,2021-02-11,2021-02-11,2022-06-17,Prestación de servicios,Contratación directa,337 Dia(s),0,126820467.0,125316667.0,1503800.0,No,No,No definido,491.0,2021-02-11,2021,False,1
CO1.PCCNTR.306812,Cerrado,2018-01-28,2018-01-18,2019-02-28,Prestación de servicios,Contratación directa,No definido,0,48291390.0,48057590.0,233800.0,No,No,No definido,406.0,2018-01-28,2018,False,1
CO1.PCCNTR.9129871,En ejecución,2026-01-25,2026-01-29,2026-12-28,Prestación de servicios,Contratación directa,330 Dia(s),0,77385000.0,35644000.0,41741000.0,No,No,Hombre,333.0,2026-01-25,2026,False,1
CO1.PCCNTR.2089678,Cerrado,2021-01-12,2021-01-12,2021-08-31,Prestación de servicios,Contratación directa,250 Dia(s),0,49400000.0,49400000.0,0.0,No,No,No definido,231.0,2021-01-12,2021,False,1
CO1.PCCNTR.784723,Cerrado,2019-02-25,2019-01-28,2019-12-31,Prestación de servicios,Contratación directa,No definido,0,59416667.0,20771667.0,38645000.0,No,No,No definido,337.0,2019-02-25,2019,False,1
CO1.PCCNTR.4736731,Cerrado,2023-03-09,2023-03-09,2023-12-31,Prestación de servicios,Contratación directa,299 Dia(s),0,33765260.0,33089955.0,675305.0,No,No,Mujer,297.0,2023-03-09,2023,False,1
CO1.PCCNTR.693647,Cerrado,2018-12-26,2018-12-14,2019-10-31,Prestación de servicios,Contratación directa,No definido,0,60541112.0,57927287.0,2613825.0,No,No,No definido,321.0,2018-12-26,2018,False,1
CO1.PCCNTR.1059105,Cerrado,2019-11-01,2019-08-29,2019-12-31,Obra,Licitación pública obra publica,Dia(s),0,1462929873.0,1452784308.0,10145565.0,No,Si,No definido,124.0,2019-11-01,2019,False,0
CO1.PCCNTR.7992289,Modificado,2025-06-18,2025-06-26,2026-11-30,Prestación de servicios,Contratación directa,519 Dia(s),121,34966480.0,17224866.0,17741613.0,Si,No,Hombre,522.0,2025-06-18,2025,False,1
CO1.PCCNTR.1790875,Cerrado,2020-09-07,2020-09-07,2020-12-31,Prestación de servicios,Contratación directa,132 Dia(s),0,38907453.0,36388265.0,2519188.0,No,No,Hombre,115.0,2020-09-07,2020,False,1
CO1.PCCNTR.4310433,Cerrado,2022-12-27,2022-12-27,2023-08-31,Prestación de servicios,Contratación directa,262 Dia(s),0,57400194.0,54858487.0,2541706.0,No,No,Mujer,247.0,2022-12-27,2022,False,1
CO1.PCCNTR.1367825,Cerrado,2020-03-03,2020-02-10,2021-03-31,Prestación de servicios,Contratación directa,Dia(s),0,121797506.0,120040811.0,1756695.0,No,No,Hombre,415.0,2020-03-03,2020,False,1
CO1.PCCNTR.6859758,En ejecución,2024-10-09,2024-10-15,2024-12-20,Compraventa,Selección abreviada subasta inversa,73 Dia(s),0,2022633958.48,2022633958.0,0.0,Si,No,Mujer,66.0,2024-10-09,2024,False,0
CO1.PCCNTR.94101,Cerrado,2016-12-19,2016-12-14,2017-06-30,Prestación de servicios,Contratación directa (con ofertas),No definido,0,473975618.0,0.0,473975618.0,No,No,Hombre,198.0,2016-12-19,2016,False,1
CO1.PCCNTR.3080758,Cerrado,2022-01-15,2022-01-15,2022-10-31,Prestación de servicios,Selección abreviada subasta inversa,8 Mes(es),0,317806771.0,317806770.0,0.0,Si,No,Mujer,289.0,2022-01-15,2022,False,0
CO1.PCCNTR.3653321,Cerrado,2022-04-22,2022-04-22,2022-12-15,Prestación de servicios,Mínima cuantía,8 Mes(es),0,11429950.0,11429950.0,0.0,Si,No,Mujer,237.0,2022-04-22,2022,False,0
CO1.PCCNTR.3996872,Cerrado,2022-09-28,2022-09-28,2022-12-31,Prestación de servicios,Contratación directa,116 Dia(s),0,45616667.0,44083333.0,1533334.0,No,No,No definido,94.0,2022-09-28,2022,False,1
CO1.PCCNTR.3490940,Cerrado,2022-02-03,2022-02-03,2022-12-31,Prestación de servicios,Contratación directa,339 Dia(s),0,95492589.0,94925868.0,566721.0,No,No,No definido,331.0,2022-02-03,2022,False,1
CO1.PCCNTR.2195422,Cerrado,2021-02-17,2021-02-17,2021-09-30,Prestación de servicios,Contratación directa,336 Dia(s),0,58167761.0,57455503.0,712258.0,No,No,Hombre,225.0,2021-02-17,2021,False,1
CO1.PCCNTR.110201,Cerrado,2017-02-15,2017-02-06,2017-12-31,Prestación de servicios,Contratación directa (con ofertas),No definido,0,75480282.0,71917791.0,3562491.0,No,No,No definido,328.0,2017-02-15,2017,False,1
CO1.PCCNTR.7468794,Cerrado,2025-02-14,2025-02-19,2025-12-31,Suministros,Contratación directa,318 Dia(s),0,45075887.0,45075887.0,0.0,Si,No,Mujer,315.0,2025-02-14,2025,False,1
CO1.PCCNTR.9139434,En ejecución,2026-01-27,2026-01-29,2026-07-31,Prestación de servicios,Contratación directa,184 Dia(s),0,22047767.0,17545867.0,4501900.0,No,No,Hombre,183.0,2026-01-27,2026,False,1
CO1.PCCNTR.7710412,En ejecución,2025-03-31,2025-04-03,2025-12-02,Prestación de servicios,Contratación directa,8 Mes(es),0,50496000.0,50075200.0,420800.0,No,No,No definido,243.0,2025-03-31,2025,False,1
CO1.PCCNTR.6607949,Cerrado,2024-08-05,2024-08-09,2024-12-31,Prestación de servicios,Contratación directa,145 Dia(s),0,15361500.0,14769000.0,592500.0,No,No,Hombre,144.0,2024-08-05,2024,False,1
CO1.PCCNTR.5178786,Cerrado,2023-07-06,2023-07-06,2023-12-15,Prestación de servicios,Contratación directa,168 Dia(s),0,17129999.0,16040808.0,1089191.0,No,No,Mujer,162.0,2023-07-06,2023,False,1
CO1.PCCNTR.4682196,Cerrado,2023-02-24,2023-02-24,2023-06-23,Prestación de servicios,Contratación directa,4 Mes(es),0,35821576.0,35224550.0,597026.0,No,No,Mujer,119.0,2023-02-24,2023,False,1
CO1.PCCNTR.8716127,Modificado,2025-12-19,2025-12-23,2026-11-20,Prestación de servicios,Contratación directa,332 Dia(s),112,58500000.0,32833333.0,25666667.0,No,No,Mujer,332.0,2025-12-19,2025,False,1
CO1.PCCNTR.4662593,Cerrado,2023-02-23,2023-02-23,2023-06-20,Prestación de servicios,Contratación directa,4 Mes(es),0,22660000.0,22282334.0,377666.0,No,No,No definido,117.0,2023-02-23,2023,False,1
CO1.PCCNTR.5999361,Cerrado,2024-02-23,2024-03-01,2024-12-31,Prestación de servicios,Contratación directa,10 Mes(es),0,147527120.0,147527120.0,0.0,No,No,No definido,305.0,2024-02-23,2024,False,1
CO1.PCCNTR.785231,Cerrado,2019-02-26,2019-01-28,2019-12-31,Prestación de servicios,Contratación directa,No definido,0,66829633.0,64690152.0,2139481.0,No,No,Mujer,337.0,2019-02-26,2019,False,1
CO1.PCCNTR.5499289,Cerrado,2023-11-07,2023-11-07,2024-04-30,Prestación de servicios,Contratación directa,183 Dia(s),0,38299498.0,36669732.0,1629766.0,No,No,Mujer,175.0,2023-11-07,2023,False,1
CO1.PCCNTR.5537542,Cerrado,2023-11-17,2023-11-17,2024-06-30,Prestación de servicios,Contratación directa,233 Dia(s),0,28976715.0,27173185.0,1803530.0,No,No,Hombre,226.0,2023-11-17,2023,False,1
CO1.PCCNTR.1733466,Cerrado,2020-08-21,2020-08-21,2021-07-09,Prestación de servicios,Contratación directa,345 Dia(s),0,69482545.0,68300433.0,1182112.0,No,No,No definido,322.0,2020-08-21,2020,False,1
CO1.PCCNTR.124801,Cerrado,2017-03-30,2017-03-14,2018-02-28,Prestación de servicios,Contratación directa (con ofertas),No definido,0,87685543.0,66491305.0,21194238.0,No,No,No definido,351.0,2017-03-30,2017,False,1
CO1.PCCNTR.328507,Cerrado,2018-02-02,2018-01-26,2018-12-31,Prestación de servicios,Contratación directa,No definido,0,170089062.0,0.0,170089062.0,No,No,No definido,339.0,2018-02-02,2018,False,1
CO1.PCCNTR.1470417,Cerrado,2020-04-28,2020-03-26,2021-05-18,Prestación de servicios,Contratación directa,Dia(s),0,106910000.0,101025000.0,5885000.0,No,No,No definido,418.0,2020-04-28,2020,False,1
CO1.PCCNTR.6085727,Cerrado,2024-03-18,2024-03-22,2024-12-31,Prestación de servicios,Contratación directa,279 Dia(s),0,38316000.0,38316000.0,0.0,No,No,No definido,284.0,2024-03-18,2024,False,1
CO1.PCCNTR.1879732,Cerrado,2020-10-14,2020-10-14,2020-12-31,Prestación de servicios,Contratación directa,93 Dia(s),0,14182175.0,13313878.0,868297.0,No,No,No definido,78.0,2020-10-14,2020,False,1
CO1.PCCNTR.4236439,Cerrado,2022-11-25,2022-11-25,2023-12-31,Prestación de servicios,Contratación directa,286 Dia(s),0,73018145.0,72489156.0,528989.0,No,No,Mujer,401.0,2022-11-25,2022,False,1
CO1.PCCNTR.8654835,Modificado,2025-12-01,2025-12-09,2026-11-30,Prestación de servicios,Contratación directa,356 Dia(s),122,66283236.0,33141619.0,33141617.0,No,Si,No definido,356.0,2025-12-01,2025,False,1
CO1.PCCNTR.7544039,Cerrado,2025-02-24,2025-02-26,2025-10-25,Prestación de servicios,Contratación directa,8 Mes(es),0,73984000.0,73367467.0,616533.0,No,No,No definido,241.0,2025-02-24,2025,False,1
CO1.PCCNTR.8570169,Modificado,2025-11-19,2025-11-27,2026-10-31,Prestación de servicios,Contratación directa,338 Dia(s),91,127757200.0,65767483.0,61989717.0,No,No,Hombre,338.0,2025-11-19,2025,False,1
CO1.PCCNTR.109567,Cerrado,2017-02-09,2017-02-03,2017-12-31,Prestación de servicios,Contratación directa (con ofertas),No definido,0,93279742.0,89968035.0,3311707.0,No,No,Hombre,331.0,2017-02-09,2017,False,1
CO1.PCCNTR.354440,Cerrado,2018-03-02,2018-02-22,2019-12-31,Prestación de servicios,Mínima cuantía,Dia(s),0,72000000.0,39240000.0,32760000.0,Si,No,No definido,677.0,2018-03-02,2018,False,0
CO1.PCCNTR.298332,Cerrado,2018-01-28,2018-01-18,2018-12-31,Prestación de servicios,Contratación directa,No definido,0,21498000.0,15272400.0,6225600.0,No,No,Mujer,347.0,2018-01-28,2018,False,1
CO1.PCCNTR.2871773,Cerrado,2021-10-29,2021-10-29,2022-11-30,Prestación de servicios,Contratación directa,397 Dia(s),0,90461248.0,81184661.0,9276586.0,No,Si,No definido,397.0,2021-10-29,2021,False,1
CO1.PCCNTR.6783675,Cerrado,2024-09-20,2024-09-24,2024-12-31,Prestación de servicios,Contratación directa,104 Dia(s),0,41899867.0,39079683.0,2820184.0,No,No,Hombre,98.0,2024-09-20,2024,False,1
CO1.PCCNTR.108876,Cerrado,2017-02-15,2017-02-02,2017-12-31,Prestación de servicios,Contratación directa (con ofertas),No definido,0,63434109.0,59878805.0,3555304.0,No,No,No definido,332.0,2017-02-15,2017,False,1
CO1.PCCNTR.4797757,Cerrado,2023-03-24,2023-03-24,2023-12-31,Prestación de servicios,Contratación directa,283 Dia(s),0,89456515.0,86350386.0,3106129.0,No,No,Hombre,282.0,2023-03-24,2023,False,1
CO1.PCCNTR.2208323,Cerrado,2021-05-03,2021-05-03,2021-10-29,Prestación de servicios,Contratación directa,333 Dia(s),0,54670891.0,53673247.0,997644.0,No,No,No definido,179.0,2021-05-03,2021,False,1
CO1.PCCNTR.122021,Cerrado,2017-04-03,2017-03-08,2017-12-31,Prestación de servicios,Contratación directa (con ofertas),No definido,0,115988853.0,114421436.0,1567417.0,No,No,No definido,298.0,2017-04-03,2017,False,1
CO1.PCCNTR.8646477,En ejecución,2025-12-11,2025-12-17,2026-07-31,Prestación de servicios,Contratación directa,232 Dia(s),0,85500000.0,67666667.0,17833333.0,No,No,Mujer,226.0,2025-12-11,2025,False,1
CO1.PCCNTR.9018618,En ejecución,2026-01-23,2026-01-26,2026-12-31,Prestación de servicios,Contratación directa,343 Dia(s),0,51426300.0,23513500.0,27912800.0,No,No,Mujer,339.0,2026-01-23,2026,False,1
CO1.PCCNTR.2716191,Cerrado,2021-08-19,2021-08-19,2021-12-31,Prestación de servicios,Contratación directa,155 Dia(s),0,26363861.0,26021473.0,342388.0,No,No,Mujer,134.0,2021-08-19,2021,False,1
CO1.PCCNTR.8634113,Modificado,2025-11-28,2025-12-12,2026-10-31,Prestación de servicios,Contratación directa,329 Dia(s),92,69858091.0,42362924.0,27495167.0,No,No,No definido,323.0,2025-11-28,2025,False,1
CO1.PCCNTR.3538278,Cerrado,2022-02-03,2022-02-03,2022-12-31,Prestación de servicios,Contratación directa,333 Dia(s),0,129183333.0,126116667.0,3066666.0,No,No,No definido,331.0,2022-02-03,2022,False,1
CO1.PCCNTR.3153837,Cerrado,2021-12-31,2021-12-31,2022-11-05,Prestación de servicios,Contratación directa,205 Dia(s),0,90473552.0,89023656.0,1449896.0,No,No,No definido,309.0,2021-12-31,2021,False,1
CO1.PCCNTR.3997078,Cerrado,2022-09-20,2022-09-20,2022-12-31,Prestación de servicios,Contratación directa,116 Dia(s),0,45616667.0,44083333.0,1533334.0,No,No,Mujer,102.0,2022-09-20,2022,False,1
CO1.PCCNTR.8718580,En ejecución,2025-12-26,2025-12-30,2026-12-30,Compraventa,Mínima cuantía,3643 Dia(s),0,17547264.0,0.0,17547264.0,Si,No,Hombre,365.0,2025-12-26,2025,False,0
CO1.PCCNTR.847686,Cerrado,2019-04-02,2019-02-19,2020-02-29,Prestación de servicios,Contratación directa,No definido,0,111988139.0,104109576.0,7878563.0,No,No,Mujer,375.0,2019-04-02,2019,False,1
CO1.PCCNTR.6331757,Cerrado,2024-05-17,2024-05-23,2024-12-31,Prestación de servicios,Contratación directa,225 Dia(s),0,47120000.0,45053333.0,2066667.0,No,No,Mujer,222.0,2024-05-17,2024,False,1
CO1.PCCNTR.4496865,Cerrado,2023-01-31,2023-01-31,2023-05-27,Prestación de servicios,Contratación directa,4 Mes(es),0,19925228.0,19925228.0,0.0,No,No,No definido,116.0,2023-01-31,2023,False,1
CO1.PCCNTR.230803,Cerrado,2017-12-12,2017-11-20,2018-11-30,Prestación de servicios,Contratación directa (con ofertas),No definido,0,204251040.0,204251040.0,0.0,No,No,Mujer,375.0,2017-12-12,2017,False,1
CO1.PCCNTR.2698934,Cerrado,2021-08-19,2021-08-19,2021-12-15,Prestación de servicios,Contratación directa,145 Dia(s),0,50666667.0,47666667.0,3000000.0,No,No,Hombre,118.0,2021-08-19,2021,False,1
CO1.PCCNTR.451367,Cerrado,2018-07-12,2018-06-19,2018-12-31,Prestación de servicios,Contratación directa,No definido,0,44896529.0,44198655.0,697874.0,No,No,Mujer,195.0,2018-07-12,2018,False,1
CO1.PCCNTR.316495,Cerrado,2018-02-02,2018-01-23,2018-12-31,Prestación de servicios,Contratación directa,No definido,0,91690000.0,89570000.0,2120000.0,No,No,No definido,342.0,2018-02-02,2018,False,1
CO1.PCCNTR.245109,Cerrado,2017-12-13,2017-12-06,2018-11-27,Prestación de servicios,Contratación directa (con ofertas),No definido,0,104628893.0,103192116.0,1436777.0,No,No,No definido,356.0,2017-12-13,2017,False,1
CO1.PCCNTR.2459308,Cerrado,2021-05-14,2021-05-14,2021-11-30,Prestación de servicios,Contratación directa,222 Dia(s),0,64997708.0,64119360.0,878348.0,No,No,Hombre,200.0,2021-05-14,2021,False,1
CO1.PCCNTR.6707039,En ejecución,2024-09-03,2024-09-19,2054-09-09,Otro,Contratación directa,30 Año(s),0,0.0,0.0,0.0,No,No,Mujer,10947.0,2024-09-03,2024,True,1
CO1.PCCNTR.4350035,Cerrado,2022-12-30,2022-12-30,2023-08-31,Prestación de servicios,Contratación directa,248 Dia(s),0,63548767.0,62277791.0,1270976.0,No,No,No definido,244.0,2022-12-30,2022,False,1
CO1.PCCNTR.307176,Cerrado,2018-01-28,2018-01-19,2019-03-15,Prestación de servicios,Contratación directa,No definido,0,47281124.0,46949443.0,331681.0,No,No,No definido,420.0,2018-01-28,2018,False,1
CO1.PCCNTR.9386979,En ejecución,2026-03-26,2026-03-30,2026-04-29,Compraventa,Mínima cuantía,30 Dia(s),0,52598000.0,52598000.0,0.0,Si,No,Mujer,30.0,2026-03-26,2026,False,0
CO1.PCCNTR.6691824,Cerrado,2024-08-29,2024-09-02,2024-12-31,Prestación de servicios,Contratación directa,123 Dia(s),0,16375400.0,15842867.0,532533.0,No,No,Mujer,120.0,2024-08-29,2024,False,1
CO1.PCCNTR.5996093,Cerrado,2024-02-26,2024-02-27,2024-12-31,Prestación de servicios,Contratación directa,308 Dia(s),0,332023473.0,319928821.0,12094651.0,No,No,Mujer,308.0,2024-02-26,2024,False,1
CO1.PCCNTR.3151136,Cerrado,2021-12-31,2021-12-31,2022-11-22,Prestación de servicios,Contratación directa,216 Dia(s),0,85409542.0,82867591.0,2541951.0,No,No,Mujer,326.0,2021-12-31,2021,False,1
CO1.PCCNTR.2812882,Cerrado,2021-09-13,2021-09-13,2022-12-31,Prestación de servicios,Contratación directa,333 Dia(s),0,101271169.0,100227136.0,1044033.0,No,No,Hombre,474.0,2021-09-13,2021,False,1
CO1.PCCNTR.7733608,Cerrado,2025-04-02,2025-04-07,2025-12-06,Prestación de servicios,Contratación directa,8 Mes(es),0,34673920.0,34673920.0,0.0,No,No,Hombre,243.0,2025-04-02,2025,False,1
CO1.PCCNTR.1988482,Cerrado,2021-01-05,2021-01-06,2021-04-30,Prestación de servicios,Contratación directa,353 Dia(s),0,54161240.0,52050278.0,2110962.0,No,No,No definido,114.0,2021-01-05,2021,False,1
CO1.PCCNTR.8489647,Modificado,2025-10-27,2025-11-05,2026-10-31,Prestación de servicios,Contratación directa,367 Dia(s),92,141300573.0,91342059.0,49958514.0,No,No,No definido,360.0,2025-10-27,2025,False,1
CO1.PCCNTR.108034,Cerrado,2017-02-15,2017-02-02,2017-11-30,Prestación de servicios,Contratación directa (con ofertas),No definido,0,78082178.0,53065558.0,25016620.0,No,No,No definido,301.0,2017-02-15,2017,False,1
CO1.PCCNTR.1552377,Cerrado,2020-05-19,2020-05-19,2021-04-30,Prestación de servicios,Contratación directa,358 Dia(s),0,61639348.0,61465716.0,173632.0,No,No,Mujer,346.0,2020-05-19,2020,False,1
CO1.PCCNTR.5930590,Cerrado,2024-02-14,2024-02-15,2024-12-31,Prestación de servicios,Contratación directa,8 Mes(es),0,43397333.0,43260000.0,137333.0,No,No,Hombre,320.0,2024-02-14,2024,False,1
CO1.PCCNTR.245315,Cerrado,2017-12-13,2017-12-06,2018-11-27,Prestación de servicios,Contratación directa (con ofertas),No definido,0,51204543.0,50501396.0,703147.0,No,No,No definido,356.0,2017-12-13,2017,False,1
CO1.PCCNTR.642528,Cerrado,2018-11-23,2018-11-09,2018-12-15,Prestación de servicios,Contratación directa,No definido,0,16000000.0,14800000.0,1200000.0,No,No,No definido,36.0,2018-11-23,2018,False,1
CO1.PCCNTR.6918143,Cerrado,2024-10-24,2024-10-29,2024-12-31,Prestación de servicios,Contratación directa,67 Dia(s),0,20037500.0,16564333.0,3473167.0,No,No,Mujer,63.0,2024-10-24,2024,False,1
CO1.PCCNTR.4815196,Cerrado,2023-03-29,2023-03-29,2023-07-28,Prestación de servicios,Contratación directa,4 Mes(es),0,17886888.0,17886888.0,0.0,No,No,No definido,121.0,2023-03-29,2023,False,1
CO1.PCCNTR.109734,Cerrado,2017-02-10,2017-02-06,2018-06-15,Prestación de servicios,Contratación directa (con ofertas),No definido,0,111074975.0,108423575.0,2651400.0,No,No,No definido,494.0,2017-02-10,2017,False,1
CO1.PCCNTR.1552249,Cerrado,2020-05-19,2020-05-19,2021-04-30,Prestación de servicios,Contratación directa,358 Dia(s),0,177518093.0,177018042.0,500051.0,No,No,No definido,346.0,2020-05-19,2020,False,1
CO1.PCCNTR.3397346,Cerrado,2022-02-03,2022-02-03,2022-12-31,Prestación de servicios,Contratación directa,341 Dia(s),0,38717498.0,37929642.0,787856.0,No,No,No definido,331.0,2022-02-03,2022,False,1
CO1.PCCNTR.6545068,Cerrado,2024-07-22,2024-07-25,2024-12-31,Prestación de servicios,Contratación directa,162 Dia(s),0,137072717.0,125784376.0,11288341.0,No,No,Mujer,159.0,2024-07-22,2024,False,1
CO1.PCCNTR.4939438,Modificado,2023-05-12,2023-05-12,2024-04-30,Prestación de servicios,Contratación directa,236 Dia(s),121,606647482.0,592858840.0,13788642.0,Si,No,Hombre,354.0,2023-05-12,2023,False,1
CO1.PCCNTR.7176873,En ejecución,2024-12-27,2024-12-30,2025-07-31,Prestación de servicios,Contratación directa,213 Dia(s),0,35666667.0,35166666.0,500001.0,No,No,Hombre,213.0,2024-12-27,2024,False,1
CO1.PCCNTR.5648544,En ejecución,2023-12-18,2023-12-19,2023-12-20,Compraventa,Selección abreviada subasta inversa,6 Dia(s),0,663125000.0,663125000.0,0.0,Si,No,Mujer,1.0,2023-12-18,2023,False,0
CO1.PCCNTR.1573404,Cerrado,2020-06-05,2020-06-05,2020-12-31,Prestación de servicios,Contratación directa,227 Dia(s),0,64189600.0,62782000.0,1407600.0,No,No,No definido,209.0,2020-06-05,2020,False,1
CO1.PCCNTR.8546485,Modificado,2025-11-11,2025-11-25,2026-10-31,Prestación de servicios,Contratación directa,336 Dia(s),92,52933630.0,33931814.0,19001816.0,No,No,Hombre,340.0,2025-11-11,2025,False,1
CO1.PCCNTR.4668521,Cerrado,2023-02-23,2023-02-23,2023-06-21,Prestación de servicios,Contratación directa,4 Mes(es),0,14758488.0,14512513.0,245975.0,No,No,No definido,118.0,2023-02-23,2023,False,1
CO1.PCCNTR.9236053,En ejecución,2026-01-29,2026-02-02,2026-12-31,Prestación de servicios,Contratación directa,332 Dia(s),0,148204980.0,65423820.0,82781160.0,No,No,Mujer,332.0,2026-01-29,2026,False,1
CO1.PCCNTR.5020505,Cerrado,2023-06-05,2023-06-05,2023-12-31,Prestación de servicios,Contratación directa,215 Dia(s),0,20224290.0,19001427.0,1222863.0,No,No,Mujer,209.0,2023-06-05,2023,False,1
CO1.PCCNTR.320564,Cerrado,2018-02-02,2018-01-25,2018-09-30,Prestación de servicios,Contratación directa,No definido,0,110975167.0,107058396.0,3916771.0,No,No,No definido,248.0,2018-02-02,2018,False,1
CO1.PCCNTR.6617814,Cerrado,2024-08-09,2024-08-13,2024-12-31,Prestación de servicios,Contratación directa,141 Dia(s),0,11620333.0,11293000.0,327333.0,No,No,No definido,140.0,2024-08-09,2024,False,1
CO1.PCCNTR.124715,Cerrado,2017-03-30,2017-03-15,2017-12-31,Prestación de servicios,Contratación directa (con ofertas),No definido,0,75574409.0,69467306.0,6107103.0,No,No,No definido,291.0,2017-03-30,2017,False,1
CO1.PCCNTR.3673216,Aprobado,2022-08-16,2022-08-17,2023-03-31,Seguros,Seleccion abreviada menor cuantia sin manifestacion interes,335 Dia(s),0,3647691500.0,0.0,3647691500.0,No,Si,No definido,226.0,2022-08-16,2022,False,0
CO1.PCCNTR.2531064,Cerrado,2021-05-27,2021-05-27,2022-10-10,Prestación de servicios,Contratación directa,337 Dia(s),0,146961035.0,146375534.0,585501.0,No,No,Hombre,501.0,2021-05-27,2021,False,1
CO1.PCCNTR.4184734,Cerrado,2022-12-23,2022-12-23,2023-10-31,Otro,Contratación directa,360 Dia(s),0,3729416969.0,0.0,3729416969.0,No,No,No definido,312.0,2022-12-23,2022,False,1
CO1.PCCNTR.7014469,Cerrado,2024-11-13,2024-11-25,2024-12-31,Prestación de servicios,Contratación directa,49 Dia(s),0,7263433.0,5336400.0,1927033.0,No,No,Mujer,36.0,2024-11-13,2024,False,1
CO1.PCCNTR.843589,Cerrado,2019-02-26,2019-02-15,2020-03-31,Prestación de servicios,Contratación directa,No definido,0,113820150.0,110271800.0,3548350.0,No,No,No definido,410.0,2019-02-26,2019,False,1
CO1.PCCNTR.3456344,Cerrado,2022-02-02,2022-02-02,2022-12-31,Prestación de servicios,Contratación directa,339 Dia(s),0,34350552.0,31985097.0,2365455.0,Si,No,Hombre,332.0,2022-02-02,2022,False,1
CO1.PCCNTR.814375,Cerrado,2019-03-24,2019-02-06,2019-12-31,Prestación de servicios,Contratación directa,No definido,0,68872944.0,66208217.0,2664727.0,No,No,No definido,328.0,2019-03-24,2019,False,1
CO1.PCCNTR.2780051,Cerrado,2021-08-31,2021-08-31,2022-12-31,Prestación de servicios,Contratación directa,380 Dia(s),0,89544135.0,88465290.0,1078845.0,No,No,No definido,487.0,2021-08-31,2021,False,1
CO1.PCCNTR.4291314,Cerrado,2022-12-12,2022-12-12,2024-10-31,Prestación de servicios,Contratación directa,696 Dia(s),0,1912993551.0,1906908614.0,6084936.0,Si,No,Hombre,689.0,2022-12-12,2022,False,1
CO1.PCCNTR.3342724,Cerrado,2022-02-02,2022-02-02,2022-12-31,Prestación de servicios,Contratación directa,344 Dia(s),0,182493410.0,180371394.0,2122016.0,No,No,No definido,332.0,2022-02-02,2022,False,1
CO1.PCCNTR.4592266,Cerrado,2023-02-10,2023-02-10,2023-06-09,Prestación de servicios,Contratación directa,4 Mes(es),0,23943456.0,23544398.0,399058.0,Si,No,No definido,119.0,2023-02-10,2023,False,1
CO1.PCCNTR.61402,Borrador,,2016-09-20,2016-12-31,Prestación de servicios,Selección abreviada de menor cuantía,No definido,0,9.6,0.0,9.0,Si,No,No definido,102.0,2016-09-20,2016,False,0
CO1.PCCNTR.9048030,En ejecución,2026-01-25,2026-01-27,2026-12-31,Prestación de servicios,Contratación directa,339 Dia(s),0,67338621.0,30590406.0,36748215.0,No,No,Mujer,338.0,2026-01-25,2026,False,1
CO1.PCCNTR.5465639,Cerrado,2023-10-24,2023-11-01,2024-10-31,Prestación de servicios,Mínima cuantía,1 Año(s),0,41412000.0,41412000.0,0.0,Si,No,Mujer,365.0,2023-10-24,2023,False,0
CO1.PCCNTR.178311,Cerrado,2017-09-21,2017-08-09,2018-08-31,Prestación de servicios,Contratación directa (con ofertas),No definido,0,201322254.0,168286749.0,33035505.0,No,No,Mujer,387.0,2017-09-21,2017,False,1
CO1.PCCNTR.3936006,Cerrado,2022-08-30,2022-08-30,2022-09-15,Prestación de servicios,Contratación directa,27 Dia(s),0,6132002.0,5049884.0,1082118.0,No,No,No definido,16.0,2022-08-30,2022,False,1
CO1.PCCNTR.1642757,Cerrado,2020-07-14,2020-07-14,2020-12-31,Prestación de servicios,Contratación directa,195 Dia(s),0,16769067.0,16179200.0,589867.0,No,No,No definido,170.0,2020-07-14,2020,False,1
CO1.PCCNTR.5968411,Cerrado,2024-02-19,2024-02-23,2024-12-31,Prestación de servicios,Contratación directa,312 Dia(s),0,101886400.0,101555600.0,330800.0,No,No,Hombre,312.0,2024-02-19,2024,False,1
CO1.PCCNTR.8635870,En ejecución,2025-12-02,2025-12-09,2025-12-31,Prestación de servicios,Contratación directa,30 Dia(s),0,14148000.0,7781400.0,6366600.0,No,No,No definido,22.0,2025-12-02,2025,False,1
CO1.PCCNTR.5916860,Cerrado,2024-02-12,2024-02-15,2024-12-31,Prestación de servicios,Contratación directa,316 Dia(s),0,64596004.0,64391586.0,204418.0,No,No,No definido,320.0,2024-02-12,2024,False,1
CO1.PCCNTR.599096,Cerrado,2018-10-25,2018-10-05,2019-02-15,Prestación de servicios,Contratación directa,No definido,0,13050000.0,12373333.0,676667.0,No,No,No definido,133.0,2018-10-25,2018,False,1
CO1.PCCNTR.628563,Cerrado,2018-11-23,2018-11-01,2019-09-30,Prestación de servicios,Contratación directa,No definido,0,163315200.0,128474624.0,34840576.0,No,No,Mujer,333.0,2018-11-23,2018,False,1
CO1.PCCNTR.7401828,Cerrado,2025-02-13,2025-02-18,2025-10-17,Prestación de servicios,Contratación directa,8 Mes(es),0,70400000.0,69813334.0,586666.0,No,No,No definido,241.0,2025-02-13,2025,False,1
CO1.PCCNTR.4724400,Cerrado,2023-03-09,2023-03-09,2023-12-31,Prestación de servicios,Contratación directa,303 Dia(s),0,115000000.0,114233333.0,766667.0,No,No,Hombre,297.0,2023-03-09,2023,False,1
CO1.PCCNTR.8688787,En ejecución,2025-12-11,2025-12-15,2026-07-31,Prestación de servicios,Contratación directa,232 Dia(s),0,34599600.0,23931390.0,10668210.0,No,No,Mujer,228.0,2025-12-11,2025,False,1
CO1.PCCNTR.84902,Cerrado,2016-11-30,2016-11-21,2017-10-31,Prestación de servicios,Contratación directa (con ofertas),Dia(s),0,86737321.0,0.0,86737321.0,No,No,No definido,344.0,2016-11-30,2016,False,1
CO1.PCCNTR.1745031,Cerrado,2020-08-12,2020-08-13,2020-12-31,Prestación de servicios,Contratación directa,153 Dia(s),0,38746239.0,37018700.0,1727539.0,No,No,No definido,140.0,2020-08-12,2020,False,1
CO1.PCCNTR.9036046,En ejecución,2026-01-24,2026-01-27,2026-09-30,Prestación de servicios,Contratación directa,245 Dia(s),0,67592438.0,42486675.0,25105763.0,No,No,No definido,246.0,2026-01-24,2026,False,1
CO1.PCCNTR.2045957,Cerrado,2020-12-18,2020-12-18,2021-10-31,Prestación de servicios,Contratación directa,328 Dia(s),0,68993477.0,68362439.0,631038.0,No,No,No definido,317.0,2020-12-18,2020,False,1
CO1.PCCNTR.145605,Cerrado,2017-07-25,2017-05-09,2018-04-30,Prestación de servicios,Contratación directa (con ofertas),No definido,0,70316988.0,38864660.0,31452328.0,No,No,No definido,356.0,2017-07-25,2017,False,1
CO1.PCCNTR.2218657,Cerrado,2021-02-20,2021-02-20,2022-06-13,Prestación de servicios,Contratación directa,331 Dia(s),0,73261832.0,72391894.0,869938.0,No,No,Mujer,478.0,2021-02-20,2021,False,1
CO1.PCCNTR.8630318,En ejecución,2025-11-28,2025-12-03,2025-12-31,Prestación de servicios,Contratación directa,35 Dia(s),0,8574200.0,5583200.0,2991000.0,No,No,Hombre,28.0,2025-11-28,2025,False,1
CO1.PCCNTR.66306,Cerrado,2016-10-06,2016-09-20,2017-09-15,Prestación de servicios,Contratación directa (con ofertas),No definido,0,46686208.0,0.0,46686208.0,No,No,No definido,360.0,2016-10-06,2016,False,1
CO1.PCCNTR.7387787,En ejecución,2025-02-05,2025-02-11,2025-11-10,Prestación de servicios,Contratación directa,9 Mes(es),0,62712000.0,62247167.0,464833.0,No,No,Mujer,272.0,2025-02-05,2025,False,1
CO1.PCCNTR.8474907,Modificado,2025-10-29,2025-11-06,2026-11-30,Prestación de servicios,Mínima cuantía,272 Dia(s),122,19550000.0,9224999.0,10325000.0,No,No,Hombre,389.0,2025-10-29,2025,False,0
CO1.PCCNTR.4632887,Cerrado,2023-02-19,2023-02-19,2023-06-15,Prestación de servicios,Contratación directa,4 Mes(es),0,22066720.0,21698941.0,367779.0,No,No,Mujer,116.0,2023-02-19,2023,False,1
CO1.PCCNTR.121009,Cerrado,2017-03-22,2017-03-07,2017-11-30,Prestación de servicios,Contratación directa (con ofertas),No definido,0,61866337.0,60956537.0,909800.0,No,No,Hombre,268.0,2017-03-22,2017,False,1
CO1.PCCNTR.3153273,Cerrado,2021-12-31,2021-12-31,2022-11-30,Prestación de servicios,Contratación directa,215 Dia(s),0,81909705.0,79060671.0,2849034.0,No,No,Mujer,334.0,2021-12-31,2021,False,1
CO1.PCCNTR.7252576,Modificado,2025-01-16,2025-01-20,2025-12-31,Prestación de servicios,Contratación directa,345 Dia(s),0,322642191.0,319249237.0,3392953.0,No,No,Mujer,345.0,2025-01-16,2025,False,1
CO1.PCCNTR.311681,Cerrado,2018-02-06,2018-01-23,2018-12-17,Prestación de servicios,Contratación directa,No definido,0,122225115.0,120009554.0,2215561.0,No,No,Mujer,328.0,2018-02-06,2018,False,1
CO1.PCCNTR.9212165,En ejecución,2026-01-30,2026-02-04,2026-12-31,Prestación de servicios,Contratación directa,332 Dia(s),0,139860000.0,60900000.0,78960000.0,No,No,Mujer,330.0,2026-01-30,2026,False,1
CO1.PCCNTR.462015,Cerrado,2018-07-19,2018-06-28,2018-12-31,Prestación de servicios,Contratación directa,No definido,0,52166788.0,51325388.0,841400.0,No,No,No definido,186.0,2018-07-19,2018,False,1
CO1.PCCNTR.242413,Cerrado,2017-12-05,2017-11-23,2017-12-29,Prestación de servicios,Mínima cuantía,No definido,0,13850000.0,13850000.0,0.0,Si,No,Hombre,36.0,2017-12-05,2017,False,0
CO1.PCCNTR.8320426,En ejecución,2025-09-12,2025-09-17,2025-12-31,Prestación de servicios,Contratación directa,109 Dia(s),0,25433333.0,24266666.0,1166667.0,No,No,Hombre,105.0,2025-09-12,2025,False,1
CO1.PCCNTR.701608,Cerrado,2019-01-18,2018-12-21,2019-11-29,Prestación de servicios,Contratación directa,No definido,0,88612623.0,87608143.0,1004480.0,No,No,No definido,343.0,2019-01-18,2019,False,1
CO1.PCCNTR.9128212,En ejecución,2026-01-26,2026-01-28,2026-12-31,Prestación de servicios,Contratación directa,334 Dia(s),0,131079200.0,56334600.0,74744600.0,No,No,Mujer,337.0,2026-01-26,2026,False,1
CO1.PCCNTR.8171561,En ejecución,2025-08-08,2025-08-12,2025-12-31,Prestación de servicios,Contratación directa,143 Dia(s),0,21670000.0,20080867.0,1589133.0,No,No,No definido,141.0,2025-08-08,2025,False,1
CO1.PCCNTR.6772839,Cerrado,2024-09-17,2024-09-24,2024-12-31,Prestación de servicios,Contratación directa,106 Dia(s),0,15400000.0,14226667.0,1173333.0,No,No,No definido,98.0,2024-09-17,2024,False,1
CO1.PCCNTR.8720369,En ejecución,2025-12-23,2025-12-29,2025-12-31,Compraventa,Selección abreviada subasta inversa,3 Dia(s),0,1886800000.0,1886800000.0,0.0,No,No,Mujer,2.0,2025-12-23,2025,False,0
CO1.PCCNTR.7162957,Modificado,2024-12-24,2024-12-27,2026-10-31,Prestación de servicios,Mínima cuantía,673 Dia(s),123,138369301.2,97675601.0,40693699.0,Si,No,Mujer,673.0,2024-12-24,2024,False,0
CO1.PCCNTR.4236429,Cerrado,2022-11-25,2022-11-25,2023-07-31,Prestación de servicios,Contratación directa,255 Dia(s),0,51424655.0,50040145.0,1384510.0,No,No,No definido,248.0,2022-11-25,2022,False,1
CO1.PCCNTR.9073143,En ejecución,2026-01-22,2026-01-23,2026-10-31,Prestación de servicios,Contratación directa,278 Dia(s),0,295650837.0,156739421.0,138911416.0,No,No,Hombre,281.0,2026-01-22,2026,False,1
CO1.PCCNTR.2316741,Cerrado,2021-03-23,2021-03-23,2021-07-31,Prestación de servicios,Contratación directa,151 Dia(s),0,22150000.0,13290000.0,8860000.0,No,No,No definido,130.0,2021-03-23,2021,False,1
CO1.PCCNTR.3140944,Cerrado,2021-12-30,2021-12-30,2022-11-22,Prestación de servicios,Contratación directa,221 Dia(s),0,85409542.0,84138567.0,1270975.0,No,No,No definido,327.0,2021-12-30,2021,False,1
CO1.PCCNTR.1601233,Cerrado,2020-06-21,2020-06-21,2020-12-31,Prestación de servicios,Contratación directa,217 Dia(s),0,32394962.0,31388907.0,1006055.0,No,No,Mujer,193.0,2020-06-21,2020,False,1
CO1.PCCNTR.97008,Cerrado,2017-01-13,2016-12-29,2017-12-12,Prestación de servicios,Contratación directa (con ofertas),No definido,0,73047091.0,0.0,73047091.0,No,No,No definido,348.0,2017-01-13,2017,False,1
CO1.PCCNTR.633908,Cerrado,2018-11-13,2018-11-13,2019-09-30,Otro,Contratación directa (con ofertas),No definido,0,161193762.0,157873041.0,3320721.0,Si,No,Mujer,321.0,2018-11-13,2018,False,1
CO1.PCCNTR.72806,Cerrado,2016-11-04,2016-10-20,2017-09-29,Prestación de servicios,Contratación directa (con ofertas),Dia(s),0,70351152.0,0.0,70351152.0,No,No,No definido,344.0,2016-11-04,2016,False,1
CO1.PCCNTR.5394392,Cerrado,2023-09-25,2023-09-25,2024-08-23,Prestación de servicios,Contratación directa,340 Dia(s),0,124217010.0,121745963.0,2471046.0,No,No,Hombre,333.0,2023-09-25,2023,False,1
CO1.PCCNTR.6907898,Cerrado,2024-10-17,2024-10-20,2024-12-31,Prestación de servicios,Contratación directa,74 Dia(s),0,126466667.0,118426667.0,8040000.0,No,No,Hombre,72.0,2024-10-17,2024,False,1
CO1.PCCNTR.931820,Cerrado,2019-05-10,2019-04-23,2019-12-31,Prestación de servicios,Selección abreviada subasta inversa,Dia(s),0,340634900.0,335957075.0,4677825.0,Si,No,No definido,252.0,2019-05-10,2019,False,0
CO1.PCCNTR.5355112,Cerrado,2023-09-08,2023-09-08,2023-12-31,Prestación de servicios,Contratación directa,117 Dia(s),0,16000000.0,15466667.0,533333.0,No,No,Mujer,114.0,2023-09-08,2023,False,1
CO1.PCCNTR.4358144,Cerrado,2023-01-11,2023-01-11,2023-12-31,Prestación de servicios,Contratación directa,246 Dia(s),0,73376030.0,73177447.0,198582.0,No,No,Hombre,354.0,2023-01-11,2023,False,1
CO1.PCCNTR.5434866,Cerrado,2023-10-05,2023-10-05,2024-06-30,Prestación de servicios,Contratación directa,270 Dia(s),0,32480000.0,31780000.0,700000.0,No,No,No definido,269.0,2023-10-05,2023,False,1
CO1.PCCNTR.535581,Cerrado,2018-09-03,2018-08-16,2019-02-28,Prestación de servicios,Contratación directa,No definido,0,31727674.0,30609377.0,1118297.0,No,No,Mujer,196.0,2018-09-03,2018,False,1
CO1.PCCNTR.71106,Cerrado,2016-10-07,2016-10-06,2017-03-31,Prestación de servicios,Contratación directa (con ofertas),No definido,0,41991374.0,0.0,41991374.0,No,No,No definido,176.0,2016-10-07,2016,False,1
CO1.PCCNTR.2452436,Cerrado,2021-05-14,2021-05-14,2021-11-30,Prestación de servicios,Contratación directa,224 Dia(s),0,67845060.0,66638926.0,1206134.0,No,No,No definido,200.0,2021-05-14,2021,False,1
CO1.PCCNTR.8632825,Modificado,2025-11-25,2025-12-01,2026-10-31,Prestación de servicios,Contratación directa,330 Dia(s),92,85100000.0,54034000.0,31066000.0,No,No,No definido,334.0,2025-11-25,2025,False,1
CO1.PCCNTR.2922608,Cerrado,2021-10-29,2021-10-29,2022-12-13,Prestación de servicios,Contratación directa,321 Dia(s),0,81070494.0,80316350.0,754144.0,No,No,No definido,410.0,2021-10-29,2021,False,1
CO1.PCCNTR.8717686,En ejecución,2025-12-23,2025-12-29,2025-12-29,Compraventa,Selección abreviada subasta inversa,5 Dia(s),0,716833257.0,716833257.0,0.0,No,No,Hombre,0.0,2025-12-23,2025,False,0
CO1.PCCNTR.4755312,Cerrado,2023-03-14,2023-03-14,2023-12-31,Prestación de servicios,Contratación directa,297 Dia(s),0,50473606.0,46181633.0,4291973.0,No,No,No definido,292.0,2023-03-14,2023,False,1
CO1.PCCNTR.833628,Cerrado,2019-04-02,2019-02-13,2020-02-29,Prestación de servicios,Contratación directa,No definido,0,108048858.0,105797840.0,2251018.0,No,No,Mujer,381.0,2019-04-02,2019,False,1
CO1.PCCNTR.2207652,Cerrado,2021-02-20,2021-02-20,2021-12-31,Prestación de servicios,Contratación directa,333 Dia(s),0,35540150.0,35009700.0,530450.0,No,No,Hombre,314.0,2021-02-20,2021,False,1
CO1.PCCNTR.6068740,Cerrado,2024-03-08,2024-03-14,2024-12-31,Prestación de servicios,Contratación directa,287 Dia(s),0,53688583.0,53688583.0,0.0,No,No,Mujer,292.0,2024-03-08,2024,False,1
CO1.PCCNTR.3153946,Cerrado,2021-12-31,2021-12-31,2022-12-27,Otro,Contratación directa,1 Año(s),0,242700.0,242700.0,0.0,No,No,Hombre,361.0,2021-12-31,2021,False,1
CO1.PCCNTR.298124,Cerrado,2018-02-02,2018-01-16,2018-12-31,Prestación de servicios,Contratación directa,No definido,0,98341619.0,98057395.0,284224.0,No,No,No definido,349.0,2018-02-02,2018,False,1
CO1.PCCNTR.143608,Cerrado,2017-05-31,2017-05-02,2018-09-14,Prestación de servicios,Contratación directa (con ofertas),No definido,0,69537618.0,66432054.0,3105564.0,No,No,No definido,500.0,2017-05-31,2017,False,1
CO1.PCCNTR.3537907,Cerrado,2022-02-03,2022-02-03,2022-12-31,Prestación de servicios,Contratación directa,338 Dia(s),0,177718874.0,177188369.0,530505.0,No,No,No definido,331.0,2022-02-03,2022,False,1
CO1.PCCNTR.136213,Cerrado,2017-05-02,2017-04-19,2017-12-31,Prestación de servicios,Contratación directa (con ofertas),No definido,0,41986667.0,39323333.0,2663334.0,No,No,Mujer,256.0,2017-05-02,2017,False,1
CO1.PCCNTR.678224,Cerrado,2018-12-26,2018-12-18,2020-02-29,Otro,Contratación directa (con ofertas),Dia(s),0,124079922.0,123513000.0,566922.0,No,No,Hombre,438.0,2018-12-26,2018,False,1
CO1.PCCNTR.9298120,En ejecución,2026-01-30,2026-02-04,2026-12-31,Prestación de servicios,Contratación directa,330 Dia(s),0,88000000.0,30666667.0,57333333.0,No,No,Mujer,330.0,2026-01-30,2026,False,1
CO1.PCCNTR.7365296,En ejecución,2025-01-30,2025-02-04,2025-11-03,Prestación de servicios,Contratación directa,9 Mes(es),0,39006000.0,38717067.0,288933.0,No,No,Mujer,272.0,2025-01-30,2025,False,1
CO1.PCCNTR.8133967,En ejecución,2025-07-28,2025-08-01,2025-11-30,Prestación de servicios,Contratación directa,121 Dia(s),0,18786133.0,17612000.0,1174133.0,No,No,Hombre,121.0,2025-07-28,2025,False,1
CO1.PCCNTR.2036733,Cerrado,2020-12-04,2020-12-04,2021-12-02,Prestación de servicios,Contratación directa,365 Dia(s),0,238850.0,238850.0,0.0,No,No,Hombre,363.0,2020-12-04,2020,False,1
CO1.PCCNTR.9232949,En ejecución,2026-01-29,2026-02-02,2026-12-31,Prestación de servicios,Contratación directa,332 Dia(s),0,50664460.0,22298430.0,28366030.0,No,No,Mujer,332.0,2026-01-29,2026,False,1
CO1.PCCNTR.7797311,En ejecución,2025-04-22,2025-04-25,2025-10-31,Prestación de servicios,Contratación directa,190 Dia(s),0,44804130.0,41052060.0,3752070.0,No,No,No definido,189.0,2025-04-22,2025,False,1
CO1.PCCNTR.5441040,Cerrado,2023-10-12,2023-10-12,2023-12-31,Prestación de servicios,Contratación directa,86 Dia(s),0,21000000.0,18900000.0,2100000.0,No,No,Hombre,80.0,2023-10-12,2023,False,1
CO1.PCCNTR.4341739,En ejecución,2022-12-28,2022-12-29,2024-12-29,Prestación de servicios,Selección abreviada subasta inversa,2 Año(s),0,864369548.0,857600962.0,6768585.0,No,No,Hombre,731.0,2022-12-28,2022,False,0
CO1.PCCNTR.405726,Cerrado,2018-05-09,2018-04-27,2018-12-15,Prestación de servicios,Mínima cuantía,No definido,0,78000000.0,76368584.0,1631416.0,No,No,No definido,232.0,2018-05-09,2018,False,0
CO1.PCCNTR.1648151,Cerrado,2020-07-03,2020-07-03,2021-05-31,Prestación de servicios,Contratación directa,346 Dia(s),0,60269161.0,58726840.0,1542321.0,No,No,No definido,332.0,2020-07-03,2020,False,1
CO1.PCCNTR.6138111,Cerrado,2024-03-22,2024-04-02,2024-12-31,Prestación de servicios,Contratación directa,273 Dia(s),30,64936600.0,63488200.0,1448400.0,No,No,No definido,273.0,2024-03-22,2024,False,1
CO1.PCCNTR.4668643,Cerrado,2023-02-24,2023-02-24,2023-06-21,Prestación de servicios,Contratación directa,4 Mes(es),0,37269548.0,36648388.0,621160.0,No,No,No definido,117.0,2023-02-24,2023,False,1
CO1.PCCNTR.3143110,Cerrado,2021-12-31,2021-12-31,2022-11-22,Prestación de servicios,Contratación directa,219 Dia(s),0,104365935.0,102191644.0,2174291.0,No,No,No definido,326.0,2021-12-31,2021,False,1
CO1.PCCNTR.2505856,Cerrado,2021-05-21,2021-05-21,2021-12-15,Prestación de servicios,Contratación directa,203 Dia(s),0,60523665.0,59148127.0,1375538.0,No,No,No definido,208.0,2021-05-21,2021,False,1
CO1.PCCNTR.9175530,En ejecución,2026-01-29,2026-01-30,2026-09-30,Prestación de servicios,Contratación directa,243 Dia(s),0,56235900.0,34801725.0,21434175.0,No,No,Hombre,243.0,2026-01-29,2026,False,1
CO1.PCCNTR.165512,Cerrado,2017-08-01,2017-06-28,2018-06-12,Prestación de servicios,Contratación directa (con ofertas),No definido,0,70600000.0,68800000.0,1800000.0,No,No,No definido,349.0,2017-08-01,2017,False,1
CO1.PCCNTR.5481414,Cerrado,2023-10-25,2023-10-25,2024-06-30,Prestación de servicios,Contratación directa,251 Dia(s),0,26162000.0,25544000.0,618000.0,No,No,Hombre,249.0,2023-10-25,2023,False,1
CO1.PCCNTR.195406,Cerrado,2017-12-15,2017-09-01,2018-10-31,Prestación de servicios,Mínima cuantía,No definido,0,39151000.0,39151000.0,0.0,No,No,No definido,425.0,2017-12-15,2017,False,0
CO1.PCCNTR.9210633,En ejecución,2026-01-28,2026-02-02,2026-12-31,Prestación de servicios,Contratación directa,330 Dia(s),0,50000000.0,31618236.0,18381764.0,No,No,No definido,332.0,2026-01-28,2026,False,1
CO1.PCCNTR.5369670,Cerrado,2023-09-13,2023-09-13,2024-12-31,Prestación de servicios,Contratación directa,475 Dia(s),0,149094192.0,145677450.0,3416742.0,No,No,Hombre,475.0,2023-09-13,2023,False,1
CO1.PCCNTR.5160126,Cerrado,2023-07-06,2023-07-06,2023-12-31,Prestación de servicios,Contratación directa,186 Dia(s),0,61366797.0,59408282.0,1958515.0,No,No,No definido,178.0,2023-07-06,2023,False,1
CO1.PCCNTR.7019276,En ejecución,2024-11-14,2024-11-25,2025-11-30,Compraventa,Mínima cuantía,387 Dia(s),0,44620934.0,44620934.0,0.0,Si,No,Hombre,370.0,2024-11-14,2024,False,0
CO1.PCCNTR.235005,Cerrado,2017-11-28,2017-11-22,2018-11-30,Prestación de servicios,Contratación directa (con ofertas),No definido,0,122353980.0,121784254.0,569726.0,No,No,No definido,373.0,2017-11-28,2017,False,1
CO1.PCCNTR.7468713,En ejecución,2025-02-13,2025-02-17,2025-12-16,Prestación de servicios,Contratación directa,10 Mes(es),0,81160000.0,80618933.0,541067.0,No,No,Mujer,302.0,2025-02-13,2025,False,1
CO1.PCCNTR.8298037,En ejecución,2025-09-22,2025-10-06,2025-12-15,Obra,Licitación pública obra publica,80 Dia(s),0,1693636670.0,1693636670.0,0.0,No,Si,No definido,70.0,2025-09-22,2025,False,0
CO1.PCCNTR.9780060,Aprobado,2026-08-06,,2026-12-31,Prestación de servicios,Contratación directa,143 Dia(s),0,29525400.0,0.0,29525400.0,No,No,No definido,,2026-08-06,2026,False,1
CO1.PCCNTR.297685,Cerrado,2018-01-28,2018-01-16,2018-12-31,Prestación de servicios,Contratación directa,No definido,0,102951274.0,102653726.0,297547.0,No,No,No definido,349.0,2018-01-28,2018,False,1
CO1.PCCNTR.797427,Cerrado,2019-03-06,2019-01-30,2020-02-29,Prestación de servicios,Contratación directa,No definido,0,46139105.0,45327613.0,811492.0,No,No,No definido,395.0,2019-03-06,2019,False,1
CO1.PCCNTR.3143138,Cerrado,2021-12-30,2021-12-30,2022-11-30,Prestación de servicios,Contratación directa,221 Dia(s),0,35535000.0,31827000.0,3708000.0,No,No,No definido,335.0,2021-12-30,2021,False,1
CO1.PCCNTR.96906,Cerrado,2017-01-13,2016-12-29,2017-12-12,Prestación de servicios,Contratación directa (con ofertas),No definido,0,73594855.0,0.0,73594855.0,No,No,No definido,348.0,2017-01-13,2017,False,1
CO1.PCCNTR.306836,Cerrado,2018-01-28,2018-01-18,2018-12-31,Prestación de servicios,Contratación directa,No definido,0,36719500.0,35792500.0,927000.0,No,No,No definido,347.0,2018-01-28,2018,False,1
CO1.PCCNTR.8653559,Modificado,2025-12-03,2025-12-12,2026-10-31,Prestación de servicios,Contratación directa,330 Dia(s),92,76807080.0,45907680.0,30899400.0,No,No,Mujer,323.0,2025-12-03,2025,False,1
CO1.PCCNTR.4188802,Cerrado,2022-11-18,2022-11-21,2022-12-28,Prestación de servicios,Selección abreviada de menor cuantía,2 Mes(es),0,124598712.0,124598712.0,0.0,Si,No,Mujer,37.0,2022-11-18,2022,False,0
CO1.PCCNTR.2218145,Cerrado,2021-02-20,2021-02-20,2021-12-15,Prestación de servicios,Contratación directa,331 Dia(s),0,118769133.0,116521137.0,2247996.0,No,No,No definido,298.0,2021-02-20,2021,False,1
CO1.PCCNTR.2549952,Cerrado,2021-07-09,2021-07-09,2022-10-21,Prestación de servicios,Contratación directa,340 Dia(s),0,127321733.0,126569833.0,751900.0,No,No,No definido,469.0,2021-07-09,2021,False,1
CO1.PCCNTR.246274,Cancelado,,2017-12-05,2018-07-31,Prestación de servicios,Contratación directa (con ofertas),No definido,0,62298088.0,0.0,62298088.0,No,No,Hombre,238.0,2017-12-05,2017,False,1
CO1.PCCNTR.1501610,Cerrado,2020-06-21,2020-04-07,2020-12-31,Prestación de servicios,Contratación directa,Dia(s),0,80102054.0,79799783.0,302271.0,No,No,Mujer,268.0,2020-06-21,2020,False,1
CO1.PCCNTR.5270932,Cerrado,2023-08-11,2023-08-11,2024-03-13,Prestación de servicios,Contratación directa,153 Dia(s),0,78400000.0,77000000.0,1400000.0,No,No,Hombre,215.0,2023-08-11,2023,False,1
CO1.PCCNTR.4355139,Cerrado,2023-01-11,2023-01-11,2024-10-31,Prestación de servicios,Contratación directa,673 Dia(s),0,275254422.0,257146978.0,18107443.0,No,No,No definido,659.0,2023-01-11,2023,False,1
CO1.PCCNTR.2212986,Cerrado,2021-02-11,2021-02-11,2022-06-15,Prestación de servicios,Contratación directa,332 Dia(s),0,84917376.0,83920399.0,996977.0,No,No,No definido,489.0,2021-02-11,2021,False,1
CO1.PCCNTR.4515155,Cerrado,2023-02-06,2023-02-06,2023-05-30,Prestación de servicios,Contratación directa,4 Mes(es),0,48517080.0,48517080.0,0.0,No,No,Mujer,113.0,2023-02-06,2023,False,1
CO1.PCCNTR.6225585,Cerrado,2024-04-24,2024-05-03,2024-12-13,Prestación de servicios,Mínima cuantía,8 Mes(es),0,95104800.0,95104800.0,0.0,Si,No,Mujer,224.0,2024-04-24,2024,False,0
CO1.PCCNTR.8673240,En ejecución,2025-12-11,2025-12-16,2026-07-31,Prestación de servicios,Contratación directa,239 Dia(s),0,35757480.0,29472832.0,6284648.0,No,No,Mujer,227.0,2025-12-11,2025,False,1
CO1.PCCNTR.5953789,Cerrado,2024-02-16,2024-02-20,2024-12-31,Prestación de servicios,Contratación directa,311 Dia(s),0,63573915.0,63369497.0,204418.0,No,No,No definido,315.0,2024-02-16,2024,False,1
CO1.PCCNTR.114227,Cerrado,2017-03-21,2017-02-16,2017-12-31,Prestación de servicios,Contratación directa (con ofertas),No definido,0,93308434.0,90419628.0,2888806.0,No,No,No definido,318.0,2017-03-21,2017,False,1
CO1.PCCNTR.5435016,Cerrado,2023-10-05,2023-10-05,2024-06-30,Prestación de servicios,Contratación directa,270 Dia(s),0,57536000.0,56296000.0,1240000.0,No,No,No definido,269.0,2023-10-05,2023,False,1
CO1.PCCNTR.6913184,En ejecución,2024-10-23,2024-10-30,2024-12-31,Prestación de servicios,Contratación directa,71 Dia(s),0,20037500.0,16297167.0,3740333.0,No,No,No definido,62.0,2024-10-23,2024,False,1
CO1.PCCNTR.2237288,Cerrado,2021-02-25,2021-02-25,2021-09-30,Prestación de servicios,Contratación directa,326 Dia(s),0,24720000.0,23278000.0,1442000.0,No,No,Mujer,217.0,2021-02-25,2021,False,1
CO1.PCCNTR.8976835,En ejecución,2026-01-22,2026-01-23,2026-10-31,Prestación de servicios,Contratación directa,283 Dia(s),0,75317970.0,42199430.0,33118540.0,No,No,Mujer,281.0,2026-01-22,2026,False,1
CO1.PCCNTR.109667,Cerrado,2017-02-10,2017-02-03,2017-12-31,Prestación de servicios,Contratación directa (con ofertas),No definido,0,90562852.0,87079666.0,3483186.0,No,No,Hombre,331.0,2017-02-10,2017,False,1
CO1.PCCNTR.7115103,Cerrado,2024-12-06,2024-12-10,2025-05-31,Prestación de servicios,Contratación directa,175 Dia(s),0,82600000.0,79800000.0,2800000.0,No,No,No definido,172.0,2024-12-06,2024,False,1
CO1.PCCNTR.299723,Cerrado,2018-02-02,2018-01-18,2018-12-31,Prestación de servicios,Contratación directa,No definido,0,145163193.0,143904552.0,1258641.0,No,No,No definido,347.0,2018-02-02,2018,False,1
CO1.PCCNTR.1592005,Cerrado,2020-06-08,2020-06-08,2021-04-30,Prestación de servicios,Contratación directa,343 Dia(s),0,57477091.0,56818893.0,658198.0,No,No,No definido,326.0,2020-06-08,2020,False,1
CO1.PCCNTR.5652492,En ejecución,2023-12-18,2023-12-18,2023-12-29,Compraventa,Selección abreviada subasta inversa,9 Dia(s),0,1225954598.72,1225954598.0,0.0,Si,No,No definido,11.0,2023-12-18,2023,False,0
CO1.PCCNTR.4661513,Cerrado,2023-02-24,2023-02-24,2023-06-20,Prestación de servicios,Contratación directa,4 Mes(es),0,27868944.0,27404462.0,464482.0,No,No,Mujer,116.0,2023-02-24,2023,False,1
CO1.PCCNTR.692000,Cerrado,2019-02-26,2018-12-28,2019-11-30,Otro,Contratación directa (con ofertas),Dia(s),0,242423089.0,240395902.0,2027186.0,No,No,Hombre,337.0,2019-02-26,2019,False,1
CO1.PCCNTR.117706,Cerrado,2017-03-03,2017-02-24,2017-11-24,Prestación de servicios,Contratación directa (con ofertas),No definido,0,81040518.0,81040517.0,1.0,No,No,Hombre,273.0,2017-03-03,2017,False,1
CO1.PCCNTR.6692311,Cerrado,2024-08-29,2024-09-05,2024-12-31,Prestación de servicios,Contratación directa,123 Dia(s),0,16375400.0,15443467.0,931933.0,No,No,Mujer,117.0,2024-08-29,2024,False,1
CO1.PCCNTR.7584182,En ejecución,2025-03-03,2025-03-06,2025-12-05,Prestación de servicios,Contratación directa,9 Mes(es),0,58062816.0,58062816.0,0.0,No,No,No definido,274.0,2025-03-03,2025,False,1
CO1.PCCNTR.108035,Cerrado,2017-02-15,2017-02-02,2017-12-31,Prestación de servicios,Contratación directa (con ofertas),No definido,0,63434109.0,61750018.0,1684091.0,No,No,No definido,332.0,2017-02-15,2017,False,1
CO1.PCCNTR.636603,Cerrado,2018-11-23,2018-11-06,2019-10-31,Prestación de servicios,Contratación directa,No definido,0,55620000.0,54847500.0,772500.0,No,No,No definido,359.0,2018-11-23,2018,False,1
CO1.PCCNTR.190719,Cerrado,2017-09-22,2017-09-05,2018-08-31,Prestación de servicios,Contratación directa (con ofertas),No definido,0,29595867.0,28171467.0,1424400.0,No,No,Mujer,360.0,2017-09-22,2017,False,1
CO1.PCCNTR.8489623,Modificado,2025-10-25,2025-11-05,2026-10-31,Prestación de servicios,Contratación directa,370 Dia(s),92,106221067.0,68665333.0,37555734.0,No,No,No definido,360.0,2025-10-25,2025,False,1
CO1.PCCNTR.2336860,Cerrado,2021-03-23,2021-03-23,2021-12-15,Prestación de servicios,Contratación directa,237 Dia(s),0,77305227.0,76479954.0,825273.0,No,No,Mujer,267.0,2021-03-23,2021,False,1
CO1.PCCNTR.619707,Cerrado,2018-11-08,2018-10-23,2018-12-31,Prestación de servicios,Contratación directa,No definido,0,34879604.0,32051528.0,2828076.0,No,No,Mujer,69.0,2018-11-08,2018,False,1
CO1.PCCNTR.2279616,Cerrado,2021-03-01,2021-03-01,2021-11-30,Prestación de servicios,Contratación directa,316 Dia(s),0,86780933.0,85864233.0,916700.0,No,No,No definido,274.0,2021-03-01,2021,False,1
CO1.PCCNTR.1326208,Cerrado,2020-02-11,2020-01-29,2021-03-31,Prestación de servicios,Contratación directa,Dia(s),0,94350038.0,92379851.0,1970187.0,No,No,No definido,427.0,2020-02-11,2020,False,1
CO1.PCCNTR.1445421,Cerrado,2020-04-08,2020-03-12,2021-02-28,Prestación de servicios,Contratación directa,Dia(s),0,177518093.0,174517787.0,3000306.0,No,No,No definido,353.0,2020-04-08,2020,False,1
CO1.PCCNTR.7375711,En ejecución,2025-02-06,2025-02-10,2025-12-09,Prestación de servicios,Contratación directa,10 Mes(es),0,50200000.0,49865333.0,334667.0,No,No,Hombre,302.0,2025-02-06,2025,False,1
CO1.PCCNTR.8733667,Modificado,2025-12-26,2025-12-30,2026-10-31,Prestación de servicios,Contratación directa,304 Dia(s),92,45795933.0,27448667.0,18347266.0,No,No,Hombre,305.0,2025-12-26,2025,False,1
CO1.PCCNTR.7018327,Cerrado,2024-11-19,2024-11-28,2024-12-30,Compraventa,Mínima cuantía,30 Dia(s),0,129425590.0,129425590.0,0.0,Si,No,Mujer,32.0,2024-11-19,2024,False,0
CO1.PCCNTR.181005,Cerrado,2017-09-21,2017-08-02,2018-09-14,Prestación de servicios,Contratación directa (con ofertas),No definido,0,53574221.0,51998509.0,1575712.0,No,No,Hombre,408.0,2017-09-21,2017,False,1
CO1.PCCNTR.5048903,Cerrado,2023-06-14,2023-06-14,2024-03-31,Prestación de servicios,Contratación directa,208 Dia(s),0,163925770.0,160647255.0,3278515.0,No,No,No definido,291.0,2023-06-14,2023,False,1
CO1.PCCNTR.7458133,Cerrado,2025-02-13,2025-02-14,2025-10-13,Prestación de servicios,Contratación directa,8 Mes(es),0,68344000.0,67774467.0,569533.0,No,No,No definido,241.0,2025-02-13,2025,False,1
CO1.PCCNTR.74602,Cerrado,2016-11-04,2016-10-24,2017-03-31,Prestación de servicios,Contratación directa (con ofertas),Dia(s),0,15410029.0,0.0,15410029.0,No,No,No definido,158.0,2016-11-04,2016,False,1
CO1.PCCNTR.1341092,Cerrado,2020-03-02,2020-02-03,2020-12-31,Prestación de servicios,Contratación directa,No definido,0,43789328.0,43129850.0,659478.0,No,No,Mujer,332.0,2020-03-02,2020,False,1
CO1.PCCNTR.8655675,En ejecución,2025-12-09,2025-12-12,2026-07-31,Prestación de servicios,Contratación directa,235 Dia(s),0,52149009.0,44729872.0,7419137.0,No,No,No definido,231.0,2025-12-09,2025,False,1
CO1.PCCNTR.8384459,Cerrado,2025-10-01,2025-10-02,2025-12-31,Prestación de servicios,Contratación directa,92 Dia(s),0,36762929.0,34441059.0,2321870.0,No,No,No definido,90.0,2025-10-01,2025,False,1
CO1.PCCNTR.146912,Cerrado,2017-08-10,2017-05-09,2018-10-12,Prestación de servicios,Contratación directa (con ofertas),No definido,0,234757761.0,234757761.0,0.0,No,No,No definido,521.0,2017-08-10,2017,False,1
CO1.PCCNTR.8177968,En ejecución,2025-08-19,2025-08-29,2027-08-11,Arrendamiento de inmuebles,Contratación directa,2 Año(s),0,10099200.0,0.0,10099200.0,No,No,Hombre,712.0,2025-08-19,2025,False,1
CO1.PCCNTR.3027569,Cerrado,2021-12-06,2021-12-06,2022-08-31,Prestación de servicios,Contratación directa,261 Dia(s),0,161849840.0,161849840.0,0.0,No,No,Mujer,268.0,2021-12-06,2021,False,1
CO1.PCCNTR.1561969,Cerrado,2020-06-05,2020-06-05,2021-04-30,Prestación de servicios,Contratación directa,353 Dia(s),0,74263000.0,74050820.0,212180.0,No,No,No definido,329.0,2020-06-05,2020,False,1
CO1.PCCNTR.6528643,Cerrado,2024-07-17,2024-07-19,2024-12-31,Prestación de servicios,Contratación directa,167 Dia(s),0,50292000.0,49377600.0,914400.0,No,No,Hombre,165.0,2024-07-17,2024,False,1
CO1.PCCNTR.1445471,Cerrado,2020-04-08,2020-03-12,2021-02-28,Prestación de servicios,Contratación directa,Dia(s),0,55561748.0,54622776.0,938972.0,No,No,No definido,353.0,2020-04-08,2020,False,1
CO1.PCCNTR.8617260,Modificado,2025-11-24,2025-11-27,2026-10-31,Prestación de servicios,Contratación directa,338 Dia(s),91,150872800.0,94507400.0,56365400.0,No,No,Mujer,338.0,2025-11-24,2025,False,1
CO1.PCCNTR.2207952,Cerrado,2021-02-17,2021-02-17,2021-11-30,Prestación de servicios,Contratación directa,333 Dia(s),0,95647293.0,94700290.0,947003.0,No,No,No definido,286.0,2021-02-17,2021,False,1
CO1.PCCNTR.2056151,Cerrado,2021-01-19,2021-01-19,2021-12-31,Prestación de servicios,Contratación directa,354 Dia(s),0,156154719.0,153330215.0,2824504.0,No,No,Mujer,346.0,2021-01-19,2021,False,1
CO1.PCCNTR.7508838,En ejecución,2025-02-20,2025-02-25,2025-11-24,Prestación de servicios,Contratación directa,9 Mes(es),0,155057391.0,153968818.0,1088573.0,No,No,No definido,272.0,2025-02-20,2025,False,1
CO1.PCCNTR.4567402,Cerrado,2023-02-08,2023-02-08,2023-06-06,Prestación de servicios,Contratación directa,4 Mes(es),0,15827468.0,15563676.0,263792.0,No,No,Mujer,118.0,2023-02-08,2023,False,1
CO1.PCCNTR.591166,Cerrado,2018-10-25,2018-09-03,2019-08-09,Prestación de servicios,Contratación directa,No definido,0,56183224.0,55609659.0,573565.0,No,No,No definido,340.0,2018-10-25,2018,False,1
CO1.PCCNTR.143807,Cerrado,2017-07-25,2017-04-26,2018-09-14,Prestación de servicios,Contratación directa (con ofertas),No definido,0,235672996.0,227893499.0,7779497.0,No,No,No definido,506.0,2017-07-25,2017,False,1
CO1.PCCNTR.299108,Cerrado,2018-01-28,2018-01-18,2018-12-31,Prestación de servicios,Contratación directa,No definido,0,69519961.0,69116947.0,403014.0,No,No,Hombre,347.0,2018-01-28,2018,False,1
CO1.PCCNTR.4802250,Cerrado,2023-03-28,2023-03-28,2023-12-31,Prestación de servicios,Contratación directa,282 Dia(s),0,41136667.0,39703333.0,1433333.0,No,No,No definido,278.0,2023-03-28,2023,False,1
CO1.PCCNTR.6610308,Cerrado,2024-08-06,2024-08-09,2024-12-31,Prestación de servicios,Contratación directa,142 Dia(s),0,36517667.0,34974667.0,1543000.0,No,No,Hombre,144.0,2024-08-06,2024,False,1
CO1.PCCNTR.6261040,Cerrado,2024-04-29,2024-05-03,2024-12-31,Prestación de servicios,Contratación directa,8 Mes(es),2,68000000.0,67433333.0,566667.0,No,No,Mujer,242.0,2024-04-29,2024,False,1
CO1.PCCNTR.2895865,Cerrado,2021-10-08,2021-10-08,2021-12-31,Prestación de servicios,Contratación directa,93 Dia(s),0,24562067.0,23058267.0,1503800.0,No,No,Hombre,84.0,2021-10-08,2021,False,1
CO1.PCCNTR.813928,Cerrado,2019-03-28,2019-02-05,2019-07-31,Prestación de servicios,Contratación directa,No definido,0,48415949.0,39371212.0,9044737.0,No,No,No definido,176.0,2019-03-28,2019,False,1
CO1.PCCNTR.3342175,Cerrado,2022-02-03,2022-02-03,2022-12-31,Prestación de servicios,Contratación directa,344 Dia(s),0,41559431.0,41076182.0,483249.0,No,No,Hombre,331.0,2022-02-03,2022,False,1
CO1.PCCNTR.708999,Cerrado,2019-01-22,2018-12-31,2019-11-30,Prestación de servicios,Mínima cuantía,Dia(s),0,27742500.0,18459587.0,9282913.0,Si,No,No definido,334.0,2019-01-22,2019,False,0
CO1.PCCNTR.8726792,En ejecución,2025-12-24,2025-12-30,2026-06-30,Prestación de servicios,Contratación directa,185 Dia(s),0,84000000.0,72400000.0,11600000.0,No,No,Mujer,182.0,2025-12-24,2025,False,1
CO1.PCCNTR.253251,Cerrado,2017-12-26,2017-12-15,2018-09-30,Prestación de servicios,Contratación directa (con ofertas),No definido,0,122088080.0,122088080.0,0.0,Si,No,Mujer,289.0,2017-12-26,2017,False,1
CO1.PCCNTR.7735646,En ejecución,2025-04-02,2025-04-07,2025-12-06,Prestación de servicios,Contratación directa,8 Mes(es),0,118021696.0,118021696.0,0.0,No,No,No definido,243.0,2025-04-02,2025,False,1
CO1.PCCNTR.5317365,Cerrado,2023-08-24,2023-08-24,2024-03-07,Prestación de servicios,Contratación directa,131 Dia(s),0,37544857.0,34929792.0,2615065.0,No,No,Mujer,196.0,2023-08-24,2023,False,1
CO1.PCCNTR.9122021,En ejecución,2026-01-26,2026-01-30,2026-12-31,Prestación de servicios,Contratación directa,333 Dia(s),0,75757500.0,34352500.0,41405000.0,No,No,Hombre,335.0,2026-01-26,2026,False,1
CO1.PCCNTR.4661979,Cerrado,2023-02-21,2023-02-21,2023-06-20,Prestación de servicios,Contratación directa,4 Mes(es),0,18458344.0,18150705.0,307639.0,No,No,Mujer,119.0,2023-02-21,2023,False,1
CO1.PCCNTR.211922,Cerrado,2017-11-03,2017-10-17,2018-10-31,Prestación de servicios,Contratación directa (con ofertas),No definido,0,71759374.0,69054875.0,2704499.0,No,No,No definido,379.0,2017-11-03,2017,False,1
CO1.PCCNTR.4736950,Cerrado,2023-03-09,2023-03-09,2023-12-31,Prestación de servicios,Contratación directa,299 Dia(s),0,115000000.0,112700000.0,2300000.0,No,No,No definido,297.0,2023-03-09,2023,False,1
CO1.PCCNTR.5468658,Cerrado,2023-10-23,2023-10-23,2024-06-30,Prestación de servicios,Contratación directa,256 Dia(s),0,30730000.0,25106666.0,5623334.0,No,No,Hombre,251.0,2023-10-23,2023,False,1
CO1.PCCNTR.149404,Cerrado,2017-07-25,2017-05-16,2018-04-30,Prestación de servicios,Contratación directa (con ofertas),No definido,0,70528081.0,32058218.0,38469863.0,No,No,No definido,349.0,2017-07-25,2017,False,1
CO1.PCCNTR.3322743,Cerrado,2022-01-31,2022-01-31,2022-12-31,Prestación de servicios,Contratación directa,346 Dia(s),0,70167641.0,69759689.0,407952.0,No,No,No definido,334.0,2022-01-31,2022,False,1
CO1.PCCNTR.8633976,Modificado,2025-11-28,2025-12-04,2026-10-31,Prestación de servicios,Contratación directa,331 Dia(s),92,150449000.0,91540800.0,58908200.0,No,No,Hombre,331.0,2025-11-28,2025,False,1
CO1.PCCNTR.4554021,Cerrado,2023-02-06,2023-02-06,2023-06-03,Prestación de servicios,Contratación directa,4 Mes(es),0,34003296.0,32869853.0,1133443.0,No,No,No definido,117.0,2023-02-06,2023,False,1
CO1.PCCNTR.268019,Cerrado,2018-01-23,2017-12-28,2018-11-30,Prestación de servicios,Contratación directa,No definido,0,96616667.0,94350000.0,2266667.0,No,No,No definido,337.0,2018-01-23,2018,False,1
CO1.PCCNTR.1674964,Cerrado,2020-08-05,2020-08-05,2021-05-31,Prestación de servicios,Contratación directa,329 Dia(s),0,31068548.0,30141128.0,927420.0,No,No,Mujer,299.0,2020-08-05,2020,False,1
CO1.PCCNTR.8500175,Modificado,2025-11-07,2025-11-11,2026-10-31,Prestación de servicios,Contratación directa,357 Dia(s),92,83649090.0,52749690.0,30899400.0,No,No,Hombre,354.0,2025-11-07,2025,False,1
CO1.PCCNTR.1330865,Cerrado,2020-02-11,2020-01-29,2020-12-31,Prestación de servicios,Contratación directa,Dia(s),0,124039909.0,120766129.0,3273780.0,No,No,No definido,337.0,2020-02-11,2020,False,1
CO1.PCCNTR.5689007,Cerrado,2023-12-27,2023-12-27,2024-04-30,Prestación de servicios,Contratación directa,130 Dia(s),0,13289327.0,12525133.0,764194.0,No,No,Mujer,125.0,2023-12-27,2023,False,1
CO1.PCCNTR.315898,Cerrado,2018-02-02,2018-01-23,2018-11-17,Prestación de servicios,Contratación directa,No definido,0,68200062.0,60445650.0,7754412.0,No,No,Mujer,298.0,2018-02-02,2018,False,1
CO1.PCCNTR.2213319,Cerrado,2021-02-25,2021-02-25,2021-12-15,Prestación de servicios,Contratación directa,332 Dia(s),0,29041880.0,28493920.0,547960.0,No,No,Hombre,293.0,2021-02-25,2021,False,1
CO1.PCCNTR.7559864,En ejecución,2025-02-27,2025-03-03,2025-11-02,Prestación de servicios,Contratación directa,8 Mes(es),0,132672000.0,132672000.0,0.0,No,No,Mujer,244.0,2025-02-27,2025,False,1
CO1.PCCNTR.1713300,Cerrado,2020-08-12,2020-08-13,2021-04-30,Prestación de servicios,Contratación directa,353 Dia(s),0,57048040.0,55287298.0,1760742.0,No,No,No definido,260.0,2020-08-12,2020,False,1
CO1.PCCNTR.4356968,Cerrado,2023-01-11,2023-01-11,2023-08-31,Prestación de servicios,Contratación directa,246 Dia(s),0,62407700.0,60903900.0,1503800.0,No,No,Hombre,232.0,2023-01-11,2023,False,1
CO1.PCCNTR.589330,Cerrado,2018-10-18,2018-09-27,2018-12-31,Prestación de servicios,Contratación directa,No definido,0,13189559.0,12037073.0,1152486.0,No,No,No definido,95.0,2018-10-18,2018,False,1
CO1.PCCNTR.8720430,Modificado,2025-12-22,2025-12-26,2026-10-31,Prestación de servicios,Contratación directa,311 Dia(s),92,129600000.0,77600000.0,52000000.0,No,No,Mujer,309.0,2025-12-22,2025,False,1
CO1.PCCNTR.177006,Cerrado,2017-08-10,2017-07-25,2017-12-31,Prestación de servicios,Contratación directa (con ofertas),No definido,0,1000000.0,208250.0,791750.0,No,No,Mujer,159.0,2017-08-10,2017,False,1
CO1.PCCNTR.4486663,Cerrado,2023-02-03,2023-02-03,2023-05-26,Prestación de servicios,Contratación directa,4 Mes(es),0,63660492.0,63660492.0,0.0,No,No,No definido,112.0,2023-02-03,2023,False,1
CO1.PCCNTR.5409806,Cerrado,2023-09-28,2023-09-28,2024-08-23,Prestación de servicios,Contratación directa,332 Dia(s),0,111286725.0,108407651.0,2879073.0,No,No,No definido,330.0,2023-09-28,2023,False,1
CO1.PCCNTR.7550775,Modificado,2025-02-25,2025-02-26,2025-08-31,Prestación de servicios,Contratación directa,184 Dia(s),0,76000000.0,73200000.0,2800000.0,No,No,Mujer,186.0,2025-02-25,2025,False,1
CO1.PCCNTR.8571044,Modificado,2025-11-13,2025-11-18,2026-10-31,Prestación de servicios,Contratación directa,347 Dia(s),91,127757200.0,79676533.0,48080667.0,No,No,No definido,347.0,2025-11-13,2025,False,1
CO1.PCCNTR.9188787,En ejecución,2026-01-28,2026-02-02,2026-12-31,Prestación de servicios,Contratación directa,333 Dia(s),0,163170000.0,72030000.0,91140000.0,No,No,Mujer,332.0,2026-01-28,2026,False,1
CO1.PCCNTR.4631599,Cerrado,2023-02-19,2023-02-19,2023-06-15,Prestación de servicios,Contratación directa,4 Mes(es),0,18783648.0,18470588.0,313060.0,No,No,No definido,116.0,2023-02-19,2023,False,1
CO1.PCCNTR.2195435,Cerrado,2021-02-11,2021-02-11,2021-12-15,Prestación de servicios,Contratación directa,336 Dia(s),0,85470315.0,84669030.0,801285.0,No,No,No definido,307.0,2021-02-11,2021,False,1
CO1.PCCNTR.5658617,Cerrado,2023-12-18,2023-12-18,2025-03-31,Prestación de servicios,Contratación directa,474 Dia(s),0,406877698.0,395986360.0,10891337.0,No,No,Hombre,469.0,2023-12-18,2023,False,1
CO1.PCCNTR.657406,Cerrado,2018-11-28,2018-11-20,2019-10-31,Prestación de servicios,Contratación directa,No definido,0,65926671.0,64626708.0,1299963.0,No,No,Hombre,345.0,2018-11-28,2018,False,1
CO1.PCCNTR.168902,Cerrado,2017-07-14,2017-07-04,2018-11-30,Otro,Contratación directa (con ofertas),No definido,0,2579565632.64,2459337322.0,120228310.0,No,No,No definido,514.0,2017-07-14,2017,False,1
CO1.PCCNTR.6546709,Cerrado,2024-07-23,2024-07-26,2024-12-31,Prestación de servicios,Contratación directa,163 Dia(s),0,41250000.0,38750000.0,2500000.0,No,No,Hombre,158.0,2024-07-23,2024,False,1
CO1.PCCNTR.5660877,Cerrado,2023-12-18,2023-12-18,2024-07-31,Prestación de servicios,Contratación directa,230 Dia(s),0,63882903.0,61176000.0,2706903.0,No,No,Hombre,226.0,2023-12-18,2023,False,1
CO1.PCCNTR.498249,Cerrado,2018-08-13,2018-07-27,2018-12-31,Otro,Contratación directa (con ofertas),No definido,0,1043766921.0,849978920.0,193788001.0,No,No,No definido,157.0,2018-08-13,2018,False,1
CO1.PCCNTR.118507,Cerrado,2017-03-21,2017-02-28,2017-11-30,Prestación de servicios,Contratación directa (con ofertas),No definido,0,74706097.0,73087914.0,1618183.0,No,No,No definido,275.0,2017-03-21,2017,False,1
CO1.PCCNTR.2337041,Cerrado,2021-03-23,2021-03-23,2021-12-15,Prestación de servicios,Contratación directa,270 Dia(s),0,45299261.0,45299261.0,0.0,No,No,No definido,267.0,2021-03-23,2021,False,1
CO1.PCCNTR.449839,Cerrado,2018-07-12,2018-06-18,2018-12-31,Prestación de servicios,Contratación directa,No definido,0,46384333.0,45903667.0,480666.0,No,No,No definido,196.0,2018-07-12,2018,False,1
CO1.PCCNTR.2195044,Cerrado,2021-02-20,2021-02-20,2021-11-16,Prestación de servicios,Contratación directa,336 Dia(s),0,45746667.0,45119999.0,626668.0,No,No,No definido,269.0,2021-02-20,2021,False,1
CO1.PCCNTR.5804363,Cerrado,2024-01-24,2024-01-29,2024-12-31,Prestación de servicios,Contratación directa,332 Dia(s),0,85328526.0,85328526.0,0.0,No,No,No definido,337.0,2024-01-24,2024,False,1
CO1.PCCNTR.4779177,Cerrado,2023-03-21,2023-03-21,2023-12-31,Prestación de servicios,Contratación directa,290 Dia(s),0,77958797.0,76876036.0,1082761.0,No,No,No definido,285.0,2023-03-21,2023,False,1
CO1.PCCNTR.2863163,Cerrado,2021-10-01,2021-10-01,2022-12-31,Prestación de servicios,Contratación directa,349 Dia(s),0,89767650.0,89100219.0,667431.0,No,No,Mujer,456.0,2021-10-01,2021,False,1
CO1.PCCNTR.135712,Cerrado,2017-04-24,2017-04-10,2017-11-30,Prestación de servicios,Contratación directa (con ofertas),No definido,0,54133044.0,52540896.0,1592148.0,No,No,No definido,234.0,2017-04-24,2017,False,1
CO1.PCCNTR.592316,Cerrado,2018-10-18,2018-10-02,2019-08-30,Prestación de servicios,Contratación directa,No definido,0,45578789.0,44496800.0,1081989.0,No,No,Mujer,332.0,2018-10-18,2018,False,1
CO1.PCCNTR.4338069,Modificado,2022-12-29,2022-12-29,2024-12-30,Compraventa,Selección abreviada subasta inversa,24 Mes(es),0,2299492000.0,2288987314.0,10504685.0,Si,No,Mujer,732.0,2022-12-29,2022,False,0
CO1.PCCNTR.1711727,Cerrado,2020-08-14,2020-08-14,2020-08-31,Compraventa,Selección abreviada subasta inversa,44 Dia(s),0,386035000.0,386035000.0,0.0,Si,No,Mujer,17.0,2020-08-14,2020,False,0
CO1.PCCNTR.7674620,En ejecución,2025-03-20,2025-03-25,2025-11-24,Prestación de servicios,Contratación directa,8 Mes(es),0,101296256.0,101296256.0,0.0,No,No,Hombre,244.0,2025-03-20,2025,False,1
CO1.PCCNTR.9217212,En ejecución,2026-01-29,2026-02-02,2026-12-31,Prestación de servicios,Contratación directa,332 Dia(s),0,108109120.0,47580960.0,60528160.0,No,No,No definido,332.0,2026-01-29,2026,False,1
CO1.PCCNTR.8696446,En ejecución,2025-12-12,2025-12-17,2026-07-31,Prestación de servicios,Contratación directa,231 Dia(s),0,39250000.0,33833333.0,5416667.0,No,No,Hombre,226.0,2025-12-12,2025,False,1
CO1.PCCNTR.626978,Cerrado,2018-12-12,2018-11-27,2020-10-31,Prestación de servicios,Mínima cuantía,Dia(s),0,47760000.0,46035333.0,1724667.0,No,No,No definido,704.0,2018-12-12,2018,False,0
CO1.PCCNTR.2719562,Cerrado,2021-08-19,2021-08-19,2022-10-31,Prestación de servicios,Contratación directa,392 Dia(s),0,85730333.0,85163832.0,566501.0,No,No,No definido,438.0,2021-08-19,2021,False,1
CO1.PCCNTR.1501906,Cerrado,2020-05-11,2020-04-08,2021-03-31,Prestación de servicios,Contratación directa,Dia(s),0,52378451.0,52083361.0,295090.0,No,No,No definido,357.0,2020-05-11,2020,False,1
CO1.PCCNTR.2238029,Cerrado,2021-02-20,2021-02-20,2021-12-15,Prestación de servicios,Contratación directa,326 Dia(s),0,58116667.0,56100000.0,2016667.0,No,No,No definido,298.0,2021-02-20,2021,False,1
CO1.PCCNTR.7093125,Cerrado,2024-12-03,2024-12-11,2025-06-30,Prestación de servicios,Contratación directa,208 Dia(s),0,46099174.0,43344952.0,2754222.0,No,No,Hombre,201.0,2024-12-03,2024,False,1
CO1.PCCNTR.143812,Cerrado,2017-07-25,2017-05-02,2018-09-14,Prestación de servicios,Contratación directa (con ofertas),No definido,0,56275441.0,53762169.0,2513272.0,No,No,No definido,500.0,2017-07-25,2017,False,1
CO1.PCCNTR.5514714,Modificado,2023-11-27,2023-12-04,2025-10-31,Consultoría,Concurso de méritos abierto,745 Dia(s),0,3374751060.0,3374751060.0,0.0,Si,No,Hombre,697.0,2023-11-27,2023,False,0
CO1.PCCNTR.246550,Cerrado,2017-12-13,2017-12-06,2018-07-31,Prestación de servicios,Contratación directa (con ofertas),No definido,0,67823752.0,66128158.0,1695594.0,No,No,Mujer,237.0,2017-12-13,2017,False,1
CO1.PCCNTR.4712217,Cerrado,2023-03-02,2023-03-02,2023-07-01,Prestación de servicios,Contratación directa,4 Mes(es),0,39016520.0,39016520.0,0.0,No,No,Hombre,121.0,2023-03-02,2023,False,1
CO1.PCCNTR.6381816,En ejecución,2024-05-30,2024-06-18,2024-10-25,Prestación de servicios,Mínima cuantía,147 Dia(s),0,59989442.0,33286589.0,26702852.0,No,No,Hombre,129.0,2024-05-30,2024,False,0
CO1.PCCNTR.2213059,Cerrado,2021-02-17,2021-02-17,2022-06-15,Prestación de servicios,Contratación directa,332 Dia(s),0,73826895.0,72958598.0,868297.0,No,No,No definido,483.0,2021-02-17,2021,False,1
CO1.PCCNTR.333884,Cerrado,2018-02-06,2018-01-30,2018-07-31,Otro,Contratación directa,Dia(s),0,200000000.0,0.0,200000000.0,No,No,No definido,182.0,2018-02-06,2018,False,1
CO1.PCCNTR.9138637,En ejecución,2026-01-27,2026-01-29,2026-07-31,Prestación de servicios,Contratación directa,184 Dia(s),0,22047767.0,17545867.0,4501900.0,No,No,Mujer,183.0,2026-01-27,2026,False,1
CO1.PCCNTR.2041801,Cerrado,2021-01-12,2021-01-12,2021-11-30,Prestación de servicios,Contratación directa,362 Dia(s),0,132439236.0,131719653.0,719583.0,No,No,No definido,322.0,2021-01-12,2021,False,1
CO1.PCCNTR.7286752,Terminado,2025-01-22,2025-01-28,2025-12-31,Prestación de servicios,Contratación directa,339 Dia(s),0,55809500.0,29603300.0,26206200.0,No,No,Mujer,337.0,2025-01-22,2025,False,1
CO1.PCCNTR.196413,Cerrado,2017-09-18,2017-09-14,2017-11-30,Prestación de servicios,Mínima cuantía,No definido,0,24018805.0,24018805.0,0.0,Si,No,Hombre,77.0,2017-09-18,2017,False,0
CO1.PCCNTR.143804,Cerrado,2017-05-17,2017-04-28,2018-09-14,Prestación de servicios,Contratación directa (con ofertas),No definido,0,84287372.0,80523081.0,3764291.0,No,No,No definido,504.0,2017-05-17,2017,False,1
CO1.PCCNTR.213816,Cerrado,2017-11-03,2017-10-17,2018-09-24,Prestación de servicios,Contratación directa (con ofertas),No definido,0,38253875.0,37479953.0,773922.0,No,No,No definido,342.0,2017-11-03,2017,False,1
CO1.PCCNTR.2415651,Cerrado,2021-05-03,2021-05-03,2021-12-15,Prestación de servicios,Contratación directa,237 Dia(s),0,68501785.0,68501785.0,0.0,No,No,No definido,226.0,2021-05-03,2021,False,1
CO1.PCCNTR.684238,Cerrado,2019-01-18,2018-12-27,2020-11-30,Prestación de servicios,Selección abreviada subasta inversa,No definido,61,636410040.0,597744249.0,38665790.0,Si,No,Hombre,704.0,2019-01-18,2019,False,0
CO1.PCCNTR.145806,Cerrado,2017-07-25,2017-05-09,2018-10-12,Prestación de servicios,Contratación directa (con ofertas),No definido,0,192957204.0,192957204.0,0.0,No,No,No definido,521.0,2017-07-25,2017,False,1
CO1.PCCNTR.610420,Cerrado,2018-12-12,2018-10-18,2019-09-27,Prestación de servicios,Contratación directa,No definido,0,39538186.0,38854528.0,683658.0,No,No,Mujer,344.0,2018-12-12,2018,False,1
CO1.PCCNTR.6357364,En ejecución,2024-05-24,2024-05-28,2024-12-31,Prestación de servicios,Contratación directa,219 Dia(s),0,650971913.0,646517154.0,4454759.0,Si,No,Hombre,217.0,2024-05-24,2024,False,1
CO1.PCCNTR.3115283,Cerrado,2021-12-23,2021-12-23,2022-11-20,Prestación de servicios,Contratación directa,229 Dia(s),0,34980000.0,34480000.0,500000.0,No,No,Hombre,332.0,2021-12-23,2021,False,1
CO1.PCCNTR.1445428,Cerrado,2020-04-08,2020-03-12,2021-02-28,Prestación de servicios,Contratación directa,Dia(s),0,111321089.0,109439606.0,1881483.0,No,No,No definido,353.0,2020-04-08,2020,False,1
CO1.PCCNTR.4359912,Cerrado,2023-01-13,2023-01-13,2023-08-31,Prestación de servicios,Contratación directa,245 Dia(s),0,61405167.0,60653267.0,751899.0,No,No,No definido,230.0,2023-01-13,2023,False,1
CO1.PCCNTR.8653570,Modificado,2025-12-03,2025-12-10,2026-10-31,Prestación de servicios,Contratación directa,330 Dia(s),92,76807080.0,46349100.0,30457980.0,No,No,Mujer,325.0,2025-12-03,2025,False,1
CO1.PCCNTR.130910,Cerrado,2017-04-18,2017-04-04,2018-03-30,Prestación de servicios,Contratación directa (con ofertas),Dia(s),0,48187200.0,33329479.0,14857720.0,No,No,No definido,360.0,2017-04-18,2017,False,1
CO1.PCCNTR.8653753,En ejecución,2025-12-18,2025-12-22,2026-07-31,Prestación de servicios,Contratación directa,235 Dia(s),0,37517590.0,30632919.0,6884671.0,No,No,Hombre,221.0,2025-12-18,2025,False,1
CO1.PCCNTR.2283215,Cerrado,2021-03-08,2021-03-08,2021-11-30,Prestación de servicios,Contratación directa,315 Dia(s),0,71000000.0,70000000.0,1000000.0,No,No,Hombre,267.0,2021-03-08,2021,False,1
CO1.PCCNTR.6583663,Cerrado,2024-07-31,2024-08-02,2025-03-15,Prestación de servicios,Contratación directa,226 Dia(s),0,109986667.0,109013333.0,973334.0,No,No,No definido,225.0,2024-07-31,2024,False,1
CO1.PCCNTR.1325833,Cerrado,2020-02-11,2020-01-29,2020-12-31,Prestación de servicios,Contratación directa,Dia(s),0,170517380.0,166016921.0,4500459.0,No,No,No definido,337.0,2020-02-11,2020,False,1
CO1.PCCNTR.6101158,Cerrado,2024-03-18,2024-03-26,2024-11-18,Prestación de servicios,Contratación directa,8 Mes(es),0,52000000.0,48966666.0,3033334.0,No,No,Mujer,237.0,2024-03-18,2024,False,1
CO1.PCCNTR.6550181,Cerrado,2024-07-23,2024-07-25,2025-03-19,Prestación de servicios,Contratación directa,236 Dia(s),0,45429971.0,44857324.0,572647.0,No,No,Mujer,237.0,2024-07-23,2024,False,1
CO1.PCCNTR.8729778,Terminado,2025-12-24,2025-12-29,2026-07-31,Prestación de servicios,Contratación directa,217 Dia(s),0,48240900.0,37278970.0,10961930.0,No,No,Hombre,214.0,2025-12-24,2025,False,1
CO1.PCCNTR.6881610,Cerrado,2024-10-11,2024-10-16,2024-12-16,Compraventa,Mínima cuantía,60 Dia(s),0,101400000.0,86840000.0,14560000.0,Si,No,Mujer,61.0,2024-10-11,2024,False,0
CO1.PCCNTR.4226459,Cerrado,2022-11-25,2022-11-25,2023-08-31,Prestación de servicios,Contratación directa,287 Dia(s),0,82247503.0,80269040.0,1978463.0,No,No,No definido,279.0,2022-11-25,2022,False,1
CO1.PCCNTR.5221707,Cerrado,2023-07-18,2023-07-18,2023-12-31,Prestación de servicios,Contratación directa,170 Dia(s),0,55571897.0,55241110.0,330787.0,No,No,Hombre,166.0,2023-07-18,2023,False,1
CO1.PCCNTR.627194,Cerrado,2018-11-13,2018-10-30,2018-12-31,Prestación de servicios,Contratación directa,No definido,0,26731906.0,23632555.0,3099351.0,No,No,No definido,62.0,2018-11-13,2018,False,1
CO1.PCCNTR.5947294,Cerrado,2024-02-15,2024-02-20,2024-12-31,Prestación de servicios,Contratación directa,8 Mes(es),0,52413825.0,52245292.0,168533.0,No,No,Hombre,315.0,2024-02-15,2024,False,1
CO1.PCCNTR.3541753,Cerrado,2022-02-03,2022-02-03,2022-12-31,Prestación de servicios,Contratación directa,337 Dia(s),0,61893272.0,55998675.0,5894597.0,No,No,No definido,331.0,2022-02-03,2022,False,1
CO1.PCCNTR.2852501,Cerrado,2021-10-08,2021-10-08,2022-08-31,Arrendamiento de inmuebles,Contratación directa,364 Dia(s),0,183527988.0,0.0,183527988.0,No,No,Hombre,327.0,2021-10-08,2021,False,1
CO1.PCCNTR.4350512,Cerrado,2022-12-30,2022-12-30,2023-08-31,Prestación de servicios,Contratación directa,248 Dia(s),0,25853000.0,23999000.0,1854000.0,No,No,Hombre,244.0,2022-12-30,2022,False,1
CO1.PCCNTR.877040,Cerrado,2019-04-03,2019-03-04,2019-06-26,Prestación de servicios,Contratación directa,No definido,0,14000000.0,13183333.0,816667.0,No,No,No definido,114.0,2019-04-03,2019,False,1
CO1.PCCNTR.5524127,Cerrado,2023-11-17,2023-11-17,2024-11-28,Prestación de servicios,Contratación directa,372 Dia(s),0,98000000.0,85750000.0,12250000.0,Si,No,No definido,377.0,2023-11-17,2023,False,1
CO1.PCCNTR.7947107,Cedido,2025-06-06,2025-06-10,2026-08-31,Prestación de servicios,Contratación directa,451 Dia(s),0,115467625.0,90209082.0,25258543.0,No,No,No definido,447.0,2025-06-06,2025,False,1
CO1.PCCNTR.4120596,Modificado,2023-01-23,2023-01-23,2026-10-14,Comodato,Contratación directa,1460 Dia(s),0,0.0,0.0,0.0,No,No,No definido,1360.0,2023-01-23,2023,True,1
CO1.PCCNTR.5149422,Cerrado,2023-06-30,2023-06-30,2023-12-31,Prestación de servicios,Contratación directa,187 Dia(s),0,35859417.0,34531291.0,1328126.0,No,No,Mujer,184.0,2023-06-30,2023,False,1
CO1.PCCNTR.814437,Cerrado,2019-04-16,2019-02-05,2019-12-31,Prestación de servicios,Contratación directa,No definido,0,138018420.0,134692675.0,3325745.0,No,No,No definido,329.0,2019-04-16,2019,False,1
CO1.PCCNTR.4592764,Cerrado,2023-02-16,2023-02-16,2023-06-09,Prestación de servicios,Contratación directa,4 Mes(es),0,14008000.0,13774534.0,233466.0,No,No,Hombre,113.0,2023-02-16,2023,False,1
CO1.PCCNTR.841916,Cerrado,2019-04-02,2019-02-14,2020-02-28,Prestación de servicios,Contratación directa,No definido,0,58086000.0,57317667.0,768333.0,No,No,No definido,379.0,2019-04-02,2019,False,1
CO1.PCCNTR.843582,Cerrado,2019-04-15,2019-02-15,2019-12-31,Prestación de servicios,Contratación directa,No definido,0,154384665.0,152442719.0,1941946.0,No,No,No definido,319.0,2019-04-15,2019,False,1
CO1.PCCNTR.5231512,Cerrado,2023-07-21,2023-07-21,2023-12-31,Prestación de servicios,Contratación directa,118 Dia(s),0,61233333.0,59766666.0,1466666.0,No,No,No definido,163.0,2023-07-21,2023,False,1
CO1.PCCNTR.1379350,Cerrado,2020-03-03,2020-02-12,2020-12-31,Prestación de servicios,Contratación directa,Dia(s),0,54549357.0,54050104.0,499253.0,No,No,No definido,323.0,2020-03-03,2020,False,1
CO1.PCCNTR.4632866,Cerrado,2023-02-19,2023-02-19,2023-06-15,Prestación de servicios,Contratación directa,4 Mes(es),0,15950292.0,15684454.0,265838.0,No,No,Hombre,116.0,2023-02-19,2023,False,1
CO1.PCCNTR.5683020,Cerrado,2023-12-22,2023-12-22,2024-11-30,Prestación de servicios,Contratación directa,338 Dia(s),0,52200000.0,51000000.0,1200000.0,No,No,Hombre,344.0,2023-12-22,2023,False,1
CO1.PCCNTR.109666,Cerrado,2017-02-11,2017-02-03,2017-12-31,Prestación de servicios,Contratación directa (con ofertas),No definido,0,90562852.0,87347603.0,3215249.0,No,No,No definido,331.0,2017-02-11,2017,False,1
CO1.PCCNTR.1350058,Cerrado,2020-02-26,2020-02-04,2020-12-31,Prestación de servicios,Contratación directa,No definido,0,114450000.0,114100000.0,350000.0,No,No,Hombre,331.0,2020-02-26,2020,False,1
CO1.PCCNTR.3537908,Cerrado,2022-02-07,2022-02-07,2024-01-31,Prestación de servicios,Contratación directa,24 Mes(es),0,8128180.0,8128180.0,0.0,Si,No,Hombre,723.0,2022-02-07,2022,False,1
CO1.PCCNTR.7719309,Cerrado,2025-04-01,2025-04-07,2025-12-06,Prestación de servicios,Contratación directa,8 Mes(es),2,37130808.0,37130808.0,0.0,No,No,Hombre,243.0,2025-04-01,2025,False,1
CO1.PCCNTR.2213431,Cerrado,2021-02-20,2021-02-20,2021-11-30,Prestación de servicios,Contratación directa,332 Dia(s),0,25076828.0,24334421.0,742406.0,No,No,Hombre,283.0,2021-02-20,2021,False,1
CO1.PCCNTR.7647836,En ejecución,2025-03-20,2025-03-25,2025-11-24,Prestación de servicios,Contratación directa,8 Mes(es),0,26384000.0,26384000.0,0.0,No,No,Mujer,244.0,2025-03-20,2025,False,1
CO1.PCCNTR.2224397,Cerrado,2021-02-20,2021-02-20,2021-12-31,Prestación de servicios,Contratación directa,330 Dia(s),0,49086591.0,48062735.0,1023856.0,No,No,No definido,314.0,2021-02-20,2021,False,1
CO1.PCCNTR.182307,Cerrado,2017-08-16,2017-08-01,2018-07-31,Prestación de servicios,Contratación directa (con ofertas),No definido,0,100641973.0,99263316.0,1378657.0,No,No,No definido,364.0,2017-08-16,2017,False,1
CO1.PCCNTR.8572547,Modificado,2025-11-13,2025-11-18,2026-10-31,Prestación de servicios,Contratación directa,347 Dia(s),91,127757200.0,79676533.0,48080667.0,No,No,No definido,347.0,2025-11-13,2025,False,1
CO1.PCCNTR.2418686,Cerrado,2021-05-03,2021-05-03,2021-12-15,Prestación de servicios,Contratación directa,235 Dia(s),0,22740340.0,22557687.0,182653.0,No,No,Mujer,226.0,2021-05-03,2021,False,1
CO1.PCCNTR.4328326,Cerrado,2023-01-11,2023-01-11,2023-11-14,Prestación de servicios,Contratación directa,330 Dia(s),0,34777510.0,34777510.0,0.0,Si,No,No definido,307.0,2023-01-11,2023,False,1
CO1.PCCNTR.4755078,Cerrado,2023-03-14,2023-03-14,2023-12-31,Prestación de servicios,Contratación directa,297 Dia(s),0,50473606.0,49443533.0,1030073.0,No,No,Mujer,292.0,2023-03-14,2023,False,1
CO1.PCCNTR.8019090,En ejecución,2025-06-27,2025-07-02,2025-12-31,Prestación de servicios,Contratación directa,6 Mes(es),0,59250000.0,58920833.0,329167.0,No,No,No definido,182.0,2025-06-27,2025,False,1
CO1.PCCNTR.3064506,Cerrado,2021-12-06,2021-12-06,2022-12-15,Prestación de servicios,Contratación directa,249 Dia(s),0,92356160.0,90694224.0,1661936.0,No,No,No definido,374.0,2021-12-06,2021,False,1
CO1.PCCNTR.244636,Cerrado,2017-12-13,2017-12-06,2018-11-26,Prestación de servicios,Contratación directa (con ofertas),No definido,0,51059695.0,49653402.0,1406293.0,No,No,No definido,355.0,2017-12-13,2017,False,1
CO1.PCCNTR.4718757,Cerrado,2023-03-06,2023-03-06,2023-12-31,Prestación de servicios,Contratación directa,305 Dia(s),0,68902580.0,68672905.0,229675.0,No,No,Mujer,300.0,2023-03-06,2023,False,1
CO1.PCCNTR.125312,Cerrado,2017-04-03,2017-03-16,2018-03-14,Prestación de servicios,Contratación directa (con ofertas),No definido,0,81036636.0,50647897.0,30388739.0,No,No,No definido,363.0,2017-04-03,2017,False,1
CO1.PCCNTR.8617542,Modificado,2025-11-27,2025-12-02,2026-10-31,Prestación de servicios,Contratación directa,333 Dia(s),92,49841000.0,36044433.0,13796567.0,No,No,Mujer,333.0,2025-11-27,2025,False,1
CO1.PCCNTR.257216,Cerrado,2017-12-26,2017-12-14,2018-07-31,Prestación de servicios,Contratación directa,No definido,0,54796000.0,54555667.0,240333.0,No,No,No definido,229.0,2017-12-26,2017,False,1
CO1.PCCNTR.7565271,En ejecución,2025-03-04,2025-03-10,2025-12-09,Prestación de servicios,Contratación directa,9 Mes(es),0,111575133.0,111575133.0,0.0,No,No,No definido,274.0,2025-03-04,2025,False,1
CO1.PCCNTR.1341282,Cerrado,2020-03-03,2020-02-03,2020-12-31,Prestación de servicios,Contratación directa,Dia(s),0,66243562.0,63450159.0,2793403.0,No,No,No definido,332.0,2020-03-03,2020,False,1
CO1.PCCNTR.127414,Cerrado,2017-04-18,2017-04-04,2018-06-30,Prestación de servicios,Contratación directa (con ofertas),No definido,0,138081105.0,137179140.0,901965.0,No,No,No definido,452.0,2017-04-18,2017,False,1
CO1.PCCNTR.2914148,Cerrado,2021-10-22,2021-10-22,2022-11-02,Prestación de servicios,Mínima cuantía,365 Dia(s),0,6700000.0,6700000.0,0.0,No,No,No definido,376.0,2021-10-22,2021,False,0
CO1.PCCNTR.6435602,Cerrado,2024-06-19,2024-06-26,2024-12-31,Prestación de servicios,Contratación directa,191 Dia(s),0,76950717.0,74533417.0,2417300.0,No,No,Hombre,188.0,2024-06-19,2024,False,1
CO1.PCCNTR.145705,Cerrado,2017-07-25,2017-05-09,2018-10-12,Prestación de servicios,Contratación directa (con ofertas),No definido,0,201021222.0,201021222.0,0.0,No,No,Hombre,521.0,2017-07-25,2017,False,1
CO1.PCCNTR.8709287,Modificado,2025-12-20,2025-12-24,2026-10-31,Prestación de servicios,Contratación directa,311 Dia(s),91,151646000.0,90068533.0,61577467.0,No,No,Mujer,311.0,2025-12-20,2025,False,1
CO1.PCCNTR.9279553,En ejecución,2026-01-30,2026-02-03,2026-11-30,Prestación de servicios,Contratación directa,300 Dia(s),0,100000000.0,48666667.0,51333333.0,No,No,No definido,300.0,2026-01-30,2026,False,1
CO1.PCCNTR.8147109,Cedido,2025-08-01,2025-08-05,2025-12-15,Prestación de servicios,Contratación directa,133 Dia(s),0,35200000.0,34666666.0,533334.0,No,No,Hombre,132.0,2025-08-01,2025,False,1
CO1.PCCNTR.2080224,Cerrado,2021-01-19,2021-01-19,2021-05-31,Prestación de servicios,Contratación directa,160 Dia(s),0,600493024.0,480879086.0,119613938.0,No,No,No definido,132.0,2021-01-19,2021,False,1
CO1.PCCNTR.4755697,Cerrado,2023-03-14,2023-03-14,2023-12-31,Prestación de servicios,Contratación directa,296 Dia(s),0,50473606.0,24206730.0,26266876.0,No,No,Mujer,292.0,2023-03-14,2023,False,1
CO1.PCCNTR.5420846,En ejecución,2023-10-05,2023-10-05,2023-12-29,Prestación de servicios,Contratación directa,3 Mes(es),0,14994000.0,14994000.0,0.0,Si,No,Hombre,85.0,2023-10-05,2023,False,1
CO1.PCCNTR.145602,Cerrado,2017-07-25,2017-05-09,2018-04-30,Prestación de servicios,Contratación directa (con ofertas),Dia(s),0,49968468.0,30064594.0,19903874.0,No,No,No definido,356.0,2017-07-25,2017,False,1
CO1.PCCNTR.2174747,Cerrado,2021-02-05,2021-02-05,2021-12-31,Prestación de servicios,Contratación directa,340 Dia(s),0,74154622.0,33924107.0,40230515.0,No,No,No definido,329.0,2021-02-05,2021,False,1
CO1.PCCNTR.5841146,Cerrado,2024-01-31,2024-02-02,2024-12-31,Prestación de servicios,Contratación directa,329 Dia(s),0,107407533.0,107081067.0,326466.0,No,No,Hombre,333.0,2024-01-31,2024,False,1
CO1.PCCNTR.109635,Cerrado,2017-02-15,2017-02-02,2018-06-15,Prestación de servicios,Contratación directa (con ofertas),No definido,0,111074975.0,108645900.0,2429075.0,No,No,No definido,498.0,2017-02-15,2017,False,1
CO1.PCCNTR.848011,Cerrado,2019-04-03,2019-02-20,2019-12-31,Prestación de servicios,Contratación directa,No definido,0,60099604.0,58398672.0,1700932.0,No,No,Mujer,314.0,2019-04-03,2019,False,1
CO1.PCCNTR.221906,Cerrado,2017-11-16,2017-11-01,2018-10-31,Prestación de servicios,Mínima cuantía,No definido,0,5981000.0,5981000.0,0.0,No,No,No definido,364.0,2017-11-16,2017,False,0
CO1.PCCNTR.4294197,Modificado,2023-01-13,2023-01-13,2026-11-30,Prestación de servicios,Contratación directa,1460 Dia(s),121,571532745.0,343724096.0,227808648.0,No,No,Hombre,1417.0,2023-01-13,2023,False,1
CO1.PCCNTR.8502195,Modificado,2025-10-31,2025-11-27,2026-10-31,Prestación de servicios,Contratación directa,334 Dia(s),92,52632014.0,33630198.0,19001816.0,No,No,Mujer,338.0,2025-10-31,2025,False,1
CO1.PCCNTR.8720588,Modificado,2025-12-23,2025-12-29,2026-11-30,Prestación de servicios,Contratación directa,336 Dia(s),122,167766667.0,87663333.0,80103334.0,No,No,Mujer,336.0,2025-12-23,2025,False,1
CO1.PCCNTR.1230506,Cerrado,2019-12-31,2019-12-27,2022-12-31,Prestación de servicios,Selección abreviada subasta inversa,Dia(s),0,508303715.0,454280455.0,54023260.0,No,No,Hombre,1100.0,2019-12-31,2019,False,0
CO1.PCCNTR.5185959,Cerrado,2023-07-14,2023-07-14,2023-12-31,Prestación de servicios,Contratación directa,180 Dia(s),0,45240270.0,42794850.0,2445420.0,No,No,Hombre,170.0,2023-07-14,2023,False,1
CO1.PCCNTR.5195753,Cerrado,2023-07-14,2023-07-14,2023-12-31,Prestación de servicios,Contratación directa,178 Dia(s),0,36892386.0,34085357.0,2807029.0,No,No,Mujer,170.0,2023-07-14,2023,False,1
CO1.PCCNTR.297952,Cerrado,2018-01-28,2018-01-16,2018-12-31,Prestación de servicios,Contratación directa,No definido,0,85711108.0,85215668.0,495439.0,No,No,Hombre,349.0,2018-01-28,2018,False,1
CO1.PCCNTR.1501518,Cerrado,2020-04-30,2020-04-13,2021-03-31,Prestación de servicios,Contratación directa,Dia(s),0,77712908.0,76180541.0,1532367.0,No,No,No definido,352.0,2020-04-30,2020,False,1
CO1.PCCNTR.6138458,Cerrado,2024-04-01,2024-04-05,2024-12-31,Prestación de servicios,Contratación directa,266 Dia(s),0,152760244.0,152760244.0,0.0,No,No,No definido,270.0,2024-04-01,2024,False,1
CO1.PCCNTR.451392,Cerrado,2018-07-12,2018-06-19,2018-12-31,Prestación de servicios,Contratación directa,No definido,0,44363302.0,43673717.0,689585.0,No,No,No definido,195.0,2018-07-12,2018,False,1
CO1.PCCNTR.2163285,Cerrado,2021-02-05,2021-02-05,2021-12-31,Prestación de servicios,Contratación directa,343 Dia(s),0,24010000.0,16240000.0,7770000.0,No,No,No definido,329.0,2021-02-05,2021,False,1
CO1.PCCNTR.7837432,En ejecución,2025-05-06,2025-05-09,2025-10-31,Prestación de servicios,Contratación directa,174 Dia(s),0,38256400.0,36154400.0,2102000.0,No,No,No definido,175.0,2025-05-06,2025,False,1
CO1.PCCNTR.6057843,Cerrado,2024-03-07,2024-03-08,2024-11-06,Prestación de servicios,Contratación directa,8 Mes(es),0,64000000.0,64000000.0,0.0,No,No,Mujer,243.0,2024-03-07,2024,False,1
CO1.PCCNTR.1316579,Cerrado,2020-02-11,2020-01-24,2020-12-31,Prestación de servicios,Contratación directa,Dia(s),0,86612500.0,77387500.0,9225000.0,No,No,No definido,342.0,2020-02-11,2020,False,1
CO1.PCCNTR.678014,Cerrado,2019-01-18,2018-12-18,2019-12-17,Otro,Contratación directa (con ofertas),Dia(s),0,223200.0,0.0,223200.0,No,No,Hombre,364.0,2019-01-18,2019,False,1
CO1.PCCNTR.524830,Cerrado,2018-09-07,2018-08-13,2018-12-31,Prestación de servicios,Contratación directa,No definido,0,16480000.0,15161600.0,1318400.0,No,No,No definido,140.0,2018-09-07,2018,False,1
CO1.PCCNTR.4738260,Cerrado,2023-03-16,2023-03-16,2023-12-31,Prestación de servicios,Contratación directa,299 Dia(s),0,150000000.0,147000000.0,3000000.0,No,No,Mujer,290.0,2023-03-16,2023,False,1
CO1.PCCNTR.1102317,Modificado,2020-02-07,2019-09-12,2019-12-11,Compraventa,Selección abreviada subasta inversa,No definido,11,3196903860.0,0.0,3196903860.0,Si,No,Hombre,90.0,2020-02-07,2020,False,0
CO1.PCCNTR.626972,Cerrado,2018-11-19,2018-11-08,2018-12-15,Compraventa,Mínima cuantía,No definido,0,38000000.0,38000000.0,0.0,Si,No,Mujer,37.0,2018-11-19,2018,False,0
CO1.PCCNTR.7402058,Cerrado,2025-02-11,2025-02-14,2025-10-13,Prestación de servicios,Contratación directa,8 Mes(es),0,70400000.0,69813333.0,586667.0,No,No,Hombre,241.0,2025-02-11,2025,False,1
CO1.PCCNTR.3096112,Cerrado,2021-12-20,2021-12-20,2022-12-09,Prestación de servicios,Contratación directa,237 Dia(s),0,42865500.0,42284667.0,580833.0,No,No,No definido,354.0,2021-12-20,2021,False,1
CO1.PCCNTR.5683896,Cerrado,2023-12-26,2023-12-26,2024-07-31,Prestación de servicios,Contratación directa,223 Dia(s),0,111889587.0,108423980.0,3465607.0,No,No,No definido,218.0,2023-12-26,2023,False,1
CO1.PCCNTR.1607638,Cerrado,2020-06-08,2020-06-08,2021-04-15,Prestación de servicios,Contratación directa,213 Dia(s),0,80202667.0,79021500.0,1181167.0,No,No,No definido,311.0,2020-06-08,2020,False,1
CO1.PCCNTR.1988373,Cerrado,2020-12-02,2020-12-02,2021-04-30,Prestación de servicios,Contratación directa,353 Dia(s),0,47641487.0,45746655.0,1894832.0,No,No,No definido,149.0,2020-12-02,2020,False,1
CO1.PCCNTR.4662861,Cerrado,2023-02-23,2023-02-23,2023-06-20,Prestación de servicios,Contratación directa,4 Mes(es),0,54511972.0,53603439.0,908533.0,No,No,No definido,117.0,2023-02-23,2023,False,1
CO1.PCCNTR.1054348,Cerrado,2019-08-26,2019-08-08,2019-12-31,Consultoría,Concurso de méritos abierto,Dia(s),0,3557000000.0,3557000000.0,0.0,No,No,No definido,145.0,2019-08-26,2019,False,0
CO1.PCCNTR.298142,Cerrado,2018-01-28,2018-01-18,2018-12-31,Prestación de servicios,Contratación directa,No definido,0,31680000.0,30870000.0,810000.0,No,No,No definido,347.0,2018-01-28,2018,False,1
CO1.PCCNTR.6230511,Cerrado,2024-04-22,2024-04-25,2025-04-24,Prestación de servicios,Contratación directa,360 Dia(s),0,71334492.0,71334491.0,1.0,No,No,No definido,364.0,2024-04-22,2024,False,1
CO1.PCCNTR.697508,Cerrado,2019-01-02,2018-12-27,2019-12-27,Otro,Contratación directa (con ofertas),No definido,0,6401010.0,6401010.0,0.0,Si,No,Hombre,365.0,2019-01-02,2019,False,1
CO1.PCCNTR.1230537,Cerrado,2020-01-16,2019-12-26,2020-12-26,Prestación de servicios,Mínima cuantía,Dia(s),0,71638547.0,71638547.0,0.0,No,No,Hombre,366.0,2020-01-16,2020,False,0
CO1.PCCNTR.2425003,Cerrado,2021-05-14,2021-05-14,2021-12-15,Prestación de servicios,Contratación directa,235 Dia(s),0,68501785.0,67951569.0,550216.0,No,No,No definido,215.0,2021-05-14,2021,False,1
CO1.PCCNTR.5978964,Cerrado,2024-02-20,2024-03-01,2024-12-31,Prestación de servicios,Contratación directa,10 Mes(es),0,96944830.0,96944830.0,0.0,No,No,Mujer,305.0,2024-02-20,2024,False,1
CO1.PCCNTR.4806211,Cerrado,2023-03-24,2023-03-25,2023-12-15,Prestación de servicios,Selección abreviada subasta inversa,9 Mes(es),0,2124697008.0,1727717256.0,396979751.0,No,Si,No definido,265.0,2023-03-24,2023,False,0
CO1.PCCNTR.2740418,Cerrado,2021-08-30,2021-08-30,2021-12-31,Prestación de servicios,Contratación directa,148 Dia(s),0,37366000.0,37366000.0,0.0,Si,No,Hombre,123.0,2021-08-30,2021,False,1
CO1.PCCNTR.1093509,Cerrado,2019-10-16,2019-09-26,2021-11-30,Prestación de servicios,Mínima cuantía,Dia(s),0,34184792.0,33140602.0,1044190.0,Si,No,Hombre,796.0,2019-10-16,2019,False,0
CO1.PCCNTR.2179201,Cerrado,2021-02-11,2021-02-11,2021-12-31,Prestación de servicios,Contratación directa,339 Dia(s),0,89600000.0,26933333.0,62666667.0,No,No,Mujer,323.0,2021-02-11,2021,False,1
CO1.PCCNTR.7374826,En ejecución,2025-02-04,2025-02-06,2025-12-31,Prestación de servicios,Contratación directa,325 Dia(s),0,67350833.0,66936367.0,414466.0,No,No,Mujer,328.0,2025-02-04,2025,False,1
CO1.PCCNTR.796729,Cerrado,2019-03-01,2019-01-30,2019-12-31,Prestación de servicios,Contratación directa,No definido,0,66185159.0,63654550.0,2530609.0,No,No,No definido,335.0,2019-03-01,2019,False,1
CO1.PCCNTR.4669635,Cerrado,2023-02-24,2023-02-24,2023-06-21,Prestación de servicios,Contratación directa,4 Mes(es),0,63660492.0,62599484.0,1061008.0,No,No,No definido,117.0,2023-02-24,2023,False,1
CO1.PCCNTR.6942991,En ejecución,2024-10-25,2024-11-01,2026-10-31,Servicios financieros,Contratación directa,,0,52573304.0,0.0,52573304.0,No,No,No definido,729.0,2024-10-25,2024,False,1
CO1.PCCNTR.2218171,Cerrado,2021-02-20,2021-02-20,2021-12-15,Prestación de servicios,Contratación directa,331 Dia(s),0,71701655.0,70123316.0,1578339.0,No,No,Mujer,298.0,2021-02-20,2021,False,1
CO1.PCCNTR.6176518,Cerrado,2024-04-05,2024-04-11,2024-12-31,Prestación de servicios,Contratación directa,260 Dia(s),0,149314525.0,149314525.0,0.0,No,No,Mujer,264.0,2024-04-05,2024,False,1
CO1.PCCNTR.9092263,Cedido,2026-01-24,2026-01-26,2026-12-31,Prestación de servicios,Contratación directa,335 Dia(s),0,124600000.0,22750000.0,101850000.0,No,No,Mujer,339.0,2026-01-24,2026,False,1
CO1.PCCNTR.7553292,Cerrado,2025-02-26,2025-02-28,2025-10-27,Prestación de servicios,Contratación directa,8 Mes(es),0,73984000.0,73367467.0,616533.0,No,No,Hombre,241.0,2025-02-26,2025,False,1
CO1.PCCNTR.1341438,Cerrado,2020-03-03,2020-02-03,2020-12-31,Prestación de servicios,Contratación directa,No definido,0,34196000.0,33681000.0,515000.0,No,No,No definido,332.0,2020-03-03,2020,False,1
CO1.PCCNTR.655906,Cerrado,2018-12-17,2018-11-21,2018-12-31,Prestación de servicios,Contratación directa,No definido,0,5967563.0,4972969.0,994594.0,No,No,No definido,40.0,2018-12-17,2018,False,1
CO1.PCCNTR.108267,Cerrado,2017-02-15,2017-02-02,2017-12-31,Prestación de servicios,Contratación directa (con ofertas),No definido,0,75480282.0,73476381.0,2003901.0,No,No,Mujer,332.0,2017-02-15,2017,False,1
CO1.PCCNTR.1320961,Cerrado,2020-02-03,2020-01-27,2020-12-31,Prestación de servicios,Contratación directa,No definido,0,57541095.0,56710057.0,831038.0,No,No,Hombre,339.0,2020-02-03,2020,False,1
CO1.PCCNTR.143815,Cerrado,2017-05-09,2017-04-26,2018-09-14,Prestación de servicios,Contratación directa (con ofertas),No definido,0,91060583.0,87877883.0,3182700.0,No,No,No definido,506.0,2017-05-09,2017,False,1
CO1.PCCNTR.146306,Cerrado,2017-07-25,2017-05-11,2018-09-28,Prestación de servicios,Contratación directa (con ofertas),No definido,0,56086454.0,55201459.0,884995.0,No,No,No definido,505.0,2017-07-25,2017,False,1
CO1.PCCNTR.4354276,En ejecución,2023-01-13,2023-01-13,2024-11-30,Prestación de servicios,Contratación directa,704 Dia(s),0,30500000.0,17167704.0,13332295.0,Si,No,No definido,687.0,2023-01-13,2023,False,1
CO1.PCCNTR.124014,Cerrado,2017-03-30,2017-03-10,2017-12-31,Prestación de servicios,Contratación directa (con ofertas),No definido,0,98786780.0,94835309.0,3951471.0,No,No,Mujer,296.0,2017-03-30,2017,False,1
CO1.PCCNTR.4359818,En ejecución,2023-02-14,2023-02-14,2024-11-30,Prestación de servicios,Contratación directa,702 Dia(s),0,129507468.0,109901184.0,19606283.0,No,Si,No definido,655.0,2023-02-14,2023,False,1
CO1.PCCNTR.7924638,En ejecución,2025-06-04,2025-06-06,2026-08-31,Prestación de servicios,Contratación directa,454 Dia(s),0,156706069.0,145162988.0,11543081.0,No,No,No definido,451.0,2025-06-04,2025,False,1
CO1.PCCNTR.456503,Cerrado,2018-07-12,2018-06-22,2019-04-05,Prestación de servicios,Contratación directa,No definido,0,40186377.0,39070089.0,1116288.0,No,No,Mujer,287.0,2018-07-12,2018,False,1
CO1.PCCNTR.682570,Cerrado,2018-12-21,2018-12-14,2021-10-31,Prestación de servicios,Selección abreviada subasta inversa,Dia(s),0,852828657.0,852828657.0,0.0,Si,No,Hombre,1052.0,2018-12-21,2018,False,0
CO1.PCCNTR.183009,Cerrado,2017-09-25,2017-08-11,2018-11-30,Prestación de servicios,Contratación directa (con ofertas),No definido,0,92532722.0,90086259.0,2446463.0,No,No,No definido,476.0,2017-09-25,2017,False,1
CO1.PCCNTR.2178855,Cerrado,2021-02-05,2021-02-05,2022-06-15,Prestación de servicios,Contratación directa,339 Dia(s),0,48276667.0,47717067.0,559600.0,No,No,Mujer,495.0,2021-02-05,2021,False,1
CO1.PCCNTR.5025009,Cerrado,2023-06-05,2023-06-05,2024-03-31,Prestación de servicios,Contratación directa,214 Dia(s),0,165018608.0,163925770.0,1092838.0,No,No,No definido,300.0,2023-06-05,2023,False,1
CO1.PCCNTR.1321945,Cerrado,2020-02-11,2020-01-27,2020-12-31,Prestación de servicios,Contratación directa,Dia(s),0,30235333.0,29614667.0,620666.0,No,No,No definido,339.0,2020-02-11,2020,False,1
CO1.PCCNTR.1878587,Cerrado,2020-11-13,2020-11-13,2020-12-31,Prestación de servicios,Contratación directa,93 Dia(s),0,15353333.0,14413333.0,940000.0,No,No,No definido,48.0,2020-11-13,2020,False,1
CO1.PCCNTR.1609121,Cerrado,2020-06-08,2020-06-08,2020-12-31,Prestación de servicios,Contratación directa,212 Dia(s),0,60180593.0,57661404.0,2519188.0,No,No,Hombre,206.0,2020-06-08,2020,False,1
CO1.PCCNTR.4576224,Cerrado,2023-02-10,2023-02-10,2023-06-07,Prestación de servicios,Contratación directa,4 Mes(es),0,23359468.0,22970143.0,389325.0,No,No,Mujer,117.0,2023-02-10,2023,False,1
CO1.PCCNTR.120824,Cerrado,2017-03-22,2017-03-06,2017-11-30,Prestación de servicios,Contratación directa (con ofertas),No definido,0,38251179.0,37265893.0,985285.0,No,No,No definido,269.0,2017-03-22,2017,False,1
CO1.PCCNTR.1614224,Cerrado,2020-06-16,2020-06-16,2020-12-31,Prestación de servicios,Contratación directa,210 Dia(s),0,19973333.0,19320000.0,653333.0,No,No,Mujer,198.0,2020-06-16,2020,False,1
CO1.PCCNTR.9256508,Modificado,2026-01-30,2026-02-03,2026-12-31,Prestación de servicios,Contratación directa,330 Dia(s),0,121100000.0,56000000.0,65100000.0,No,No,Hombre,331.0,2026-01-30,2026,False,1
CO1.PCCNTR.1589449,Cerrado,2020-06-24,2020-06-13,2021-06-12,Prestación de servicios,Mínima cuantía,1 Año(s),0,27281002.0,27281002.0,0.0,Si,No,Mujer,364.0,2020-06-24,2020,False,0
CO1.PCCNTR.4262602,Cerrado,2022-12-06,2022-12-06,2023-07-31,Prestación de servicios,Contratación directa,245 Dia(s),0,45559626.0,45004021.0,555605.0,No,No,Hombre,237.0,2022-12-06,2022,False,1
CO1.PCCNTR.7151920,En ejecución,2024-12-18,2024-12-20,2025-10-31,Prestación de servicios,Contratación directa,313 Dia(s),0,83817250.0,81715250.0,2102000.0,No,No,Hombre,315.0,2024-12-18,2024,False,1
CO1.PCCNTR.5951979,Cerrado,2024-02-15,2024-02-20,2024-11-19,Prestación de servicios,Contratación directa,9 Mes(es),0,56700000.0,56490000.0,210000.0,No,No,Mujer,273.0,2024-02-15,2024,False,1
CO1.PCCNTR.2513875,Cerrado,2021-07-16,2021-07-16,2022-05-28,Seguros,Selección abreviada de menor cuantía,12 Mes(es),0,459316200.0,459316200.0,0.0,No,Si,No definido,316.0,2021-07-16,2021,False,0
CO1.PCCNTR.6370698,Cerrado,2024-05-30,2024-06-06,2024-12-31,Prestación de servicios,Contratación directa,217 Dia(s),0,43767133.0,41157167.0,2609966.0,No,No,Mujer,208.0,2024-05-30,2024,False,1
CO1.PCCNTR.796624,Cerrado,2019-02-26,2019-01-30,2020-04-30,Prestación de servicios,Contratación directa,Dia(s),0,56940499.0,56070229.0,870270.0,No,No,No definido,456.0,2019-02-26,2019,False,1
CO1.PCCNTR.519637,Cerrado,2018-08-17,2018-08-10,2018-12-31,Prestación de servicios,Contratación directa,No definido,0,35984370.0,33105620.0,2878750.0,No,No,No definido,143.0,2018-08-17,2018,False,1
CO1.PCCNTR.218133,Cerrado,2017-11-21,2017-11-09,2018-10-31,Prestación de servicios,Contratación directa (con ofertas),No definido,0,105156080.0,94556118.0,10599962.0,No,Si,No definido,356.0,2017-11-21,2017,False,1
CO1.PCCNTR.5992435,Cerrado,2024-02-23,2024-02-28,2025-02-27,Prestación de servicios,Contratación directa,360 Dia(s),0,84000000.0,83766667.0,233333.0,No,No,No definido,365.0,2024-02-23,2024,False,1
CO1.PCCNTR.5897127,Cerrado,2024-02-07,2024-02-13,2024-12-31,Prestación de servicios,Contratación directa,318 Dia(s),0,45586466.0,45443112.0,143354.0,No,No,Hombre,322.0,2024-02-07,2024,False,1
CO1.PCCNTR.3088343,Cerrado,2021-12-20,2021-12-20,2022-11-30,Prestación de servicios,Contratación directa,241 Dia(s),0,53499920.0,53056550.0,443370.0,No,No,No definido,345.0,2021-12-20,2021,False,1
CO1.PCCNTR.1984663,Cerrado,2020-12-02,2020-12-02,2022-10-31,Prestación de servicios,Contratación directa,626 Dia(s),0,787763340.0,734717106.0,53046234.0,Si,No,Hombre,698.0,2020-12-02,2020,False,1
CO1.PCCNTR.228130,Cerrado,2017-12-29,2017-11-15,2018-10-31,Prestación de servicios,Contratación directa (con ofertas),No definido,0,91067002.0,87611886.0,3455116.0,No,No,No definido,350.0,2017-12-29,2017,False,1
CO1.PCCNTR.135915,Cerrado,2017-04-24,2017-04-10,2017-11-30,Prestación de servicios,Contratación directa (con ofertas),Dia(s),0,55432231.0,53568963.0,1863268.0,No,No,No definido,234.0,2017-04-24,2017,False,1
CO1.PCCNTR.455016,Cerrado,2018-07-12,2018-06-21,2019-04-05,Prestación de servicios,Contratación directa,No definido,0,63597600.0,62714300.0,883300.0,No,No,No definido,288.0,2018-07-12,2018,False,1
CO1.PCCNTR.4205558,Cerrado,2022-11-25,2022-11-25,2023-08-31,Prestación de servicios,Contratación directa,294 Dia(s),0,53639507.0,52581528.0,1057979.0,No,No,No definido,279.0,2022-11-25,2022,False,1
CO1.PCCNTR.625138,Cerrado,2018-11-19,2018-11-06,2019-10-31,Otro,Contratación directa (con ofertas),Dia(s),0,223207092.0,198776368.0,24430724.0,No,No,Hombre,359.0,2018-11-19,2018,False,1
CO1.PCCNTR.1180821,Cerrado,2019-11-15,2019-11-12,2019-12-31,Prestación de servicios,Mínima cuantía,No definido,0,82788100.0,82788100.0,0.0,Si,No,No definido,49.0,2019-11-15,2019,False,0
CO1.PCCNTR.4153942,Cerrado,2022-10-28,2022-11-01,2023-10-31,Prestación de servicios,Mínima cuantía,1 Año(s),0,41412000.0,41412000.0,0.0,Si,No,Mujer,364.0,2022-10-28,2022,False,0
CO1.PCCNTR.8632758,En ejecución,2025-11-27,2025-12-02,2026-07-31,Prestación de servicios,Contratación directa,246 Dia(s),0,37778033.0,31493733.0,6284300.0,No,No,Mujer,241.0,2025-11-27,2025,False,1
CO1.PCCNTR.5968088,Cerrado,2024-02-19,2024-02-23,2024-12-31,Prestación de servicios,Contratación directa,312 Dia(s),0,83355067.0,83084433.0,270634.0,No,No,Hombre,312.0,2024-02-19,2024,False,1
CO1.PCCNTR.2348130,Cerrado,2021-03-26,2021-03-26,2021-12-15,Prestación de servicios,Contratación directa,234 Dia(s),0,144729753.0,141639438.0,3090315.0,No,No,No definido,264.0,2021-03-26,2021,False,1
CO1.PCCNTR.5879556,Cerrado,2024-02-02,2024-02-07,2024-12-31,Prestación de servicios,Contratación directa,8 Mes(es),0,71670647.0,71449441.0,221206.0,No,No,Mujer,328.0,2024-02-02,2024,False,1
CO1.PCCNTR.7457259,En ejecución,2025-02-12,2025-02-14,2025-12-13,Prestación de servicios,Contratación directa,10 Mes(es),0,110460000.0,104937000.0,5523000.0,No,No,Mujer,302.0,2025-02-12,2025,False,1
CO1.PCCNTR.80304,Cerrado,2017-12-29,2016-11-22,2018-05-15,Consultoría,Concurso de méritos abierto,No definido,0,5710035203.35,0.0,5710035203.0,No,Si,No definido,539.0,2017-12-29,2017,False,0
CO1.PCCNTR.2297237,Cerrado,2021-03-10,2021-03-10,2021-11-02,Prestación de servicios,Contratación directa,310 Dia(s),0,99334401.0,96979202.0,2355198.0,No,No,No definido,237.0,2021-03-10,2021,False,1
CO1.PCCNTR.628003,Cerrado,2018-11-08,2018-10-30,2018-12-31,Prestación de servicios,Contratación directa,No definido,0,27849079.0,24620200.0,3228879.0,No,No,No definido,62.0,2018-11-08,2018,False,1
CO1.PCCNTR.4542232,Cerrado,2023-02-03,2023-02-03,2023-06-02,Prestación de servicios,Contratación directa,4 Mes(es),0,51814356.0,50950783.0,863572.0,Si,No,No definido,119.0,2023-02-03,2023,False,1
CO1.PCCNTR.8217465,En ejecución,2025-08-26,2025-08-29,2025-12-31,Prestación de servicios,Contratación directa,130 Dia(s),0,44000000.0,40666667.0,3333333.0,No,No,No definido,124.0,2025-08-26,2025,False,1
CO1.PCCNTR.9166103,En ejecución,2026-01-27,2026-02-02,2026-07-31,Prestación de servicios,Contratación directa,184 Dia(s),0,93403800.0,53373600.0,40030199.0,No,No,No definido,179.0,2026-01-27,2026,False,1
CO1.PCCNTR.4272989,Cerrado,2022-12-06,2022-12-06,2023-08-31,Prestación de servicios,Contratación directa,274 Dia(s),0,35364882.0,34610263.0,754619.0,No,No,No definido,268.0,2022-12-06,2022,False,1
CO1.PCCNTR.3553789,Cerrado,2022-02-09,2022-02-09,2022-12-31,Otro,Contratación directa,337 Dia(s),0,5644143772.0,5336352021.0,307791751.0,No,No,No definido,325.0,2022-02-09,2022,False,1
CO1.PCCNTR.3420168,Cerrado,2022-02-03,2022-02-03,2022-12-31,Prestación de servicios,Contratación directa,340 Dia(s),0,38717498.0,37817091.0,900407.0,No,No,Hombre,331.0,2022-02-03,2022,False,1
CO1.PCCNTR.8132946,En ejecución,2025-08-01,2025-08-01,2026-07-31,Suministros,Contratación directa,12 Mes(es),0,518500.0,518500.0,0.0,No,No,Hombre,364.0,2025-08-01,2025,False,1
CO1.PCCNTR.8578863,Modificado,2025-11-18,2025-11-24,2026-10-31,Prestación de servicios,Contratación directa,341 Dia(s),91,114675200.0,69668267.0,45006933.0,No,No,No definido,341.0,2025-11-18,2025,False,1
CO1.PCCNTR.1088026,Cerrado,2019-10-04,2019-09-09,2020-06-30,Prestación de servicios,Mínima cuantía,Dia(s),0,50000000.0,49157460.0,842540.0,Si,No,Hombre,295.0,2019-10-04,2019,False,0
CO1.PCCNTR.7714231,En ejecución,2025-04-01,2025-04-07,2025-10-31,Prestación de servicios,Contratación directa,211 Dia(s),0,57600000.0,54400000.0,3200000.0,No,No,Mujer,207.0,2025-04-01,2025,False,1
CO1.PCCNTR.1905408,Cerrado,2020-11-13,2020-11-13,2021-12-15,Prestación de servicios,Contratación directa,357 Dia(s),0,124621984.0,124042347.0,579637.0,No,No,Mujer,397.0,2020-11-13,2020,False,1
CO1.PCCNTR.1346659,Cerrado,2020-03-03,2020-02-04,2020-12-31,Prestación de servicios,Contratación directa,Dia(s),0,28582500.0,27981667.0,600833.0,No,No,No definido,331.0,2020-03-03,2020,False,1
CO1.PCCNTR.7331339,Cerrado,2025-01-27,2025-01-30,2025-10-29,Prestación de servicios,Contratación directa,9 Mes(es),0,47781000.0,47780999.0,1.0,No,No,Mujer,272.0,2025-01-27,2025,False,1
CO1.PCCNTR.8650075,En ejecución,2025-12-05,2025-12-12,2025-12-29,Compraventa,Selección abreviada subasta inversa,25 Dia(s),0,741225900.0,741225900.0,0.0,Si,No,Mujer,17.0,2025-12-05,2025,False,0
CO1.PCCNTR.6835319,Cerrado,2024-10-01,2024-10-04,2025-02-19,Prestación de servicios,Contratación directa,139 Dia(s),50,30870000.0,28560000.0,2310000.0,No,No,No definido,138.0,2024-10-01,2024,False,1
CO1.PCCNTR.2512226,Cerrado,2021-05-27,2021-05-27,2021-12-15,Prestación de servicios,Contratación directa,202 Dia(s),0,113311551.0,110221236.0,3090315.0,No,No,Hombre,202.0,2021-05-27,2021,False,1
CO1.PCCNTR.589440,Cerrado,2018-10-18,2018-09-27,2018-12-31,Prestación de servicios,Contratación directa,No definido,0,41571813.0,37939325.0,3632488.0,No,No,No definido,95.0,2018-10-18,2018,False,1
CO1.PCCNTR.3304926,Cerrado,2022-02-02,2022-02-02,2022-12-18,Prestación de servicios,Contratación directa,334 Dia(s),0,97256279.0,96963337.0,292942.0,No,No,No definido,319.0,2022-02-02,2022,False,1
CO1.PCCNTR.3625016,Cerrado,2022-03-24,2022-03-24,2022-12-31,Suministros,Selección abreviada subasta inversa,9 Mes(es),0,823312253.0,337988562.0,485323691.0,Si,No,Hombre,282.0,2022-03-24,2022,False,0
CO1.PCCNTR.138304,Cerrado,2023-07-13,2017-04-22,2018-11-01,Seguros,Licitación pública,Dia(s),0,2300000000.0,0.0,2300000000.0,No,No,Mujer,558.0,2023-07-13,2023,False,0
CO1.PCCNTR.5849877,Cerrado,2024-02-01,2024-02-05,2024-12-31,Prestación de servicios,Contratación directa,326 Dia(s),0,50312667.0,50158333.0,154334.0,No,No,Mujer,330.0,2024-02-01,2024,False,1
CO1.PCCNTR.1028009,Cerrado,2019-08-01,2019-07-10,2022-07-31,Prestación de servicios,Mínima cuantía,Dia(s),0,18690884.0,17147006.0,1543878.0,No,No,No definido,1117.0,2019-08-01,2019,False,0
CO1.PCCNTR.7583914,En ejecución,2025-02-28,2025-03-05,2025-11-04,Prestación de servicios,Contratación directa,8 Mes(es),0,101712000.0,101712000.0,0.0,No,No,No definido,244.0,2025-02-28,2025,False,1
CO1.PCCNTR.9211021,En ejecución,2026-01-28,2026-02-02,2026-12-27,Prestación de servicios,Contratación directa,11 Mes(es),0,44000000.0,19600000.0,24400000.0,No,No,No definido,328.0,2026-01-28,2026,False,1
CO1.PCCNTR.233214,Cerrado,2017-12-18,2017-11-24,2018-07-31,Prestación de servicios,Contratación directa (con ofertas),No definido,0,48563900.0,48563900.0,0.0,Si,No,Hombre,249.0,2017-12-18,2017,False,1
CO1.PCCNTR.2480001,Cerrado,2021-05-14,2021-05-14,2021-12-31,Prestación de servicios,Contratación directa,246 Dia(s),0,73791664.0,72006382.0,1785282.0,No,No,Mujer,231.0,2021-05-14,2021,False,1
CO1.PCCNTR.817590,Cerrado,2019-04-16,2019-02-06,2020-03-31,Prestación de servicios,Contratación directa,Dia(s),0,60450445.0,59161218.0,1289227.0,No,No,No definido,419.0,2019-04-16,2019,False,1
CO1.PCCNTR.5250163,Cerrado,2023-08-01,2023-08-01,2023-12-31,Prestación de servicios,Contratación directa,158 Dia(s),0,64789762.0,61212413.0,3577349.0,No,No,No definido,152.0,2023-08-01,2023,False,1
CO1.PCCNTR.5699233,Terminado,2023-12-29,2023-12-29,2024-09-30,Prestación de servicios,Contratación directa,277 Dia(s),0,60450000.0,42250000.0,18200000.0,No,No,Mujer,276.0,2023-12-29,2023,False,1
CO1.PCCNTR.4486740,Cerrado,2023-01-27,2023-01-27,2023-05-26,Prestación de servicios,Contratación directa,4 Mes(es),0,39921308.0,39921308.0,0.0,No,No,Mujer,119.0,2023-01-27,2023,False,1
CO1.PCCNTR.657264,Cerrado,2018-12-05,2018-11-21,2018-12-31,Prestación de servicios,Contratación directa,No definido,0,17250000.0,15333333.0,1916667.0,No,No,No definido,40.0,2018-12-05,2018,False,1
CO1.PCCNTR.4840646,Cerrado,2023-04-11,2023-04-11,2023-11-07,Prestación de servicios,Contratación directa,217 Dia(s),0,75190000.0,73130000.0,2060000.0,No,No,Hombre,210.0,2023-04-11,2023,False,1
CO1.PCCNTR.2336846,Cerrado,2021-03-23,2021-03-23,2021-12-15,Prestación de servicios,Contratación directa,270 Dia(s),0,123930939.0,123930939.0,0.0,No,No,No definido,267.0,2021-03-23,2021,False,1
CO1.PCCNTR.2337216,Cerrado,2021-03-23,2021-03-23,2021-12-15,Prestación de servicios,Contratación directa,237 Dia(s),0,115494588.0,114261550.0,1233038.0,No,No,No definido,267.0,2021-03-23,2021,False,1
CO1.PCCNTR.453101,Cerrado,2018-07-12,2018-06-20,2018-12-31,Prestación de servicios,Contratación directa,No definido,0,60532867.0,59591942.0,940925.0,No,No,No definido,194.0,2018-07-12,2018,False,1
CO1.PCCNTR.7617238,En ejecución,2025-03-11,2025-03-13,2025-11-12,Prestación de servicios,Contratación directa,8 Mes(es),0,34672000.0,34672000.0,0.0,No,No,Hombre,244.0,2025-03-11,2025,False,1
CO1.PCCNTR.891654,Cerrado,2019-04-03,2019-03-12,2020-05-15,Prestación de servicios,Contratación directa,Dia(s),0,98038490.0,97811890.0,226600.0,No,No,No definido,430.0,2019-04-03,2019,False,1
CO1.PCCNTR.70711,Cerrado,2016-10-17,2016-10-07,2017-09-29,Prestación de servicios,Contratación directa (con ofertas),Dia(s),0,63953382.0,4644659.0,59308723.0,No,No,No definido,357.0,2016-10-17,2016,False,1
CO1.PCCNTR.7512560,En ejecución,2025-02-21,2025-02-25,2025-02-28,Compraventa,Mínima cuantía,7 Dia(s),0,38941084.0,38941084.0,0.0,Si,No,Mujer,3.0,2025-02-21,2025,False,0
CO1.PCCNTR.315825,Cerrado,2018-02-07,2018-01-23,2018-07-31,Prestación de servicios,Contratación directa,No definido,0,32297315.0,31957343.0,339972.0,No,No,No definido,189.0,2018-02-07,2018,False,1
CO1.PCCNTR.631039,Cerrado,2018-12-18,2018-11-06,2020-01-24,Prestación de servicios,Contratación directa,No definido,0,118559973.0,117258604.0,1301369.0,No,No,No definido,444.0,2018-12-18,2018,False,1
CO1.PCCNTR.6725400,Cerrado,2024-09-04,2024-09-09,2024-12-31,Prestación de servicios,Contratación directa,117 Dia(s),0,68345667.0,64325333.0,4020334.0,No,No,Hombre,113.0,2024-09-04,2024,False,1
CO1.PCCNTR.8984780,En ejecución,2026-01-21,2026-01-22,2026-12-31,Prestación de servicios,Contratación directa,341 Dia(s),0,122230847.0,55846852.0,66383995.0,No,No,No definido,343.0,2026-01-21,2026,False,1
CO1.PCCNTR.3399925,Cerrado,2022-02-01,2022-02-01,2022-12-31,Prestación de servicios,Contratación directa,341 Dia(s),0,94795729.0,92571242.0,2224487.0,No,No,No definido,333.0,2022-02-01,2022,False,1
CO1.PCCNTR.1346286,Cerrado,2020-02-26,2020-02-05,2020-12-31,Prestación de servicios,Contratación directa,Dia(s),0,50000000.0,48050935.0,1949064.0,No,No,No definido,330.0,2020-02-26,2020,False,1
CO1.PCCNTR.149808,Cerrado,2017-07-27,2017-05-26,2018-09-28,Prestación de servicios,Contratación directa (con ofertas),No definido,0,78155460.0,75022975.0,3132485.0,No,No,No definido,490.0,2017-07-27,2017,False,1
CO1.PCCNTR.5823803,Cerrado,2024-01-26,2024-01-31,2024-09-26,Prestación de servicios,Contratación directa,8 Mes(es),0,43312000.0,43312000.0,0.0,No,No,Mujer,239.0,2024-01-26,2024,False,1
CO1.PCCNTR.9020850,Modificado,2026-01-23,2026-01-28,2026-10-31,Prestación de servicios,Contratación directa,280 Dia(s),92,78120000.0,42840000.0,35280000.0,No,No,No definido,276.0,2026-01-23,2026,False,1
CO1.PCCNTR.135615,Cerrado,2017-04-19,2017-04-10,2018-10-17,Prestación de servicios,Contratación directa (con ofertas),No definido,0,96307298.0,95356615.0,950683.0,No,No,No definido,555.0,2017-04-19,2017,False,1
CO1.PCCNTR.8096866,En ejecución,2025-07-21,2025-07-24,2025-12-31,Prestación de servicios,Contratación directa,164 Dia(s),0,18840000.0,18840000.0,0.0,No,No,Hombre,160.0,2025-07-21,2025,False,1
CO1.PCCNTR.2516313,Cerrado,2021-05-27,2021-05-27,2021-11-30,Prestación de servicios,Contratación directa,201 Dia(s),0,51129200.0,49625400.0,1503800.0,No,No,Mujer,187.0,2021-05-27,2021,False,1
CO1.PCCNTR.451376,Cerrado,2018-07-12,2018-06-19,2018-11-30,Prestación de servicios,Contratación directa,No definido,0,34591860.0,34164800.0,427060.0,No,No,No definido,164.0,2018-07-12,2018,False,1
CO1.PCCNTR.4191519,Modificado,2022-11-25,2022-11-25,2026-10-31,Prestación de servicios,Contratación directa,1436 Dia(s),92,617713634.0,461162270.0,156551364.0,No,No,No definido,1436.0,2022-11-25,2022,False,1
CO1.PCCNTR.3153852,Cerrado,2021-12-31,2021-12-31,2022-11-03,Prestación de servicios,Contratación directa,206 Dia(s),0,100792677.0,99492126.0,1300551.0,No,No,Hombre,307.0,2021-12-31,2021,False,1
CO1.PCCNTR.63103,Aprobado,2016-09-16,2016-09-09,2016-12-31,Prestación de servicios,Contratación directa (con ofertas),No definido,0,27134976.0,0.0,27134976.0,No,No,No definido,113.0,2016-09-16,2016,False,1
CO1.PCCNTR.3062995,Cerrado,2021-12-10,2021-12-10,2022-12-15,Prestación de servicios,Contratación directa,249 Dia(s),0,75723609.0,74360974.0,1362635.0,No,No,No definido,370.0,2021-12-10,2021,False,1
CO1.PCCNTR.136109,Aprobado,2017-05-02,2017-04-19,2017-12-31,Prestación de servicios,Contratación directa (con ofertas),No definido,0,41986667.0,44180000.0,-2193333.0,No,No,Hombre,256.0,2017-05-02,2017,False,1
CO1.PCCNTR.5803840,Cerrado,2024-01-24,2024-01-29,2024-12-31,Prestación de servicios,Contratación directa,332 Dia(s),0,85328526.0,85328526.0,0.0,No,No,Hombre,337.0,2024-01-24,2024,False,1
CO1.PCCNTR.8084980,En ejecución,2025-07-23,2025-07-24,2025-12-23,Suministros,Selección abreviada subasta inversa,150 Dia(s),0,147960000.0,129600000.0,18360000.0,Si,No,Mujer,152.0,2025-07-23,2025,False,0
CO1.PCCNTR.5919742,Cerrado,2024-02-12,2024-02-15,2024-12-31,Prestación de servicios,Contratación directa,316 Dia(s),0,42059600.0,41926500.0,133100.0,No,No,No definido,320.0,2024-02-12,2024,False,1
CO1.PCCNTR.2178058,Cerrado,2021-02-05,2021-02-05,2022-06-17,Prestación de servicios,Contratación directa,339 Dia(s),0,126820467.0,125817934.0,1002533.0,No,No,No definido,497.0,2021-02-05,2021,False,1
CO1.PCCNTR.122227,Cerrado,2017-04-05,2017-03-08,2017-12-31,Prestación de servicios,Contratación directa (con ofertas),No definido,0,135454770.0,133624300.0,1830470.0,No,No,No definido,298.0,2017-04-05,2017,False,1
CO1.PCCNTR.5219598,Cerrado,2023-07-21,2023-07-21,2023-12-31,Prestación de servicios,Contratación directa,170 Dia(s),0,49799902.0,48042258.0,1757644.0,No,No,No definido,163.0,2023-07-21,2023,False,1
CO1.PCCNTR.7712007,Cerrado,2025-03-31,2025-04-03,2025-12-02,Prestación de servicios,Contratación directa,8 Mes(es),0,51611392.0,51611392.0,0.0,No,No,No definido,243.0,2025-03-31,2025,False,1
CO1.PCCNTR.7505176,En ejecución,2025-02-18,2025-02-24,2025-12-31,Prestación de servicios,Contratación directa,305 Dia(s),0,101666667.0,101666667.0,0.0,No,No,No definido,310.0,2025-02-18,2025,False,1
CO1.PCCNTR.8581766,Modificado,2025-11-18,2025-11-24,2026-10-31,Prestación de servicios,Contratación directa,341 Dia(s),91,114675200.0,68697227.0,45977973.0,No,No,No definido,341.0,2025-11-18,2025,False,1
CO1.PCCNTR.124717,Cerrado,2017-04-03,2017-03-14,2017-12-31,Prestación de servicios,Contratación directa (con ofertas),No definido,0,60976000.0,58916000.0,2060000.0,No,No,Mujer,292.0,2017-04-03,2017,False,1
CO1.PCCNTR.66305,Cerrado,2016-10-17,2016-09-28,2016-12-31,Prestación de servicios,Contratación directa (con ofertas),No definido,0,17788519.0,317652.0,17470867.0,No,No,No definido,94.0,2016-10-17,2016,False,1
CO1.PCCNTR.4794564,Cerrado,2023-03-23,2023-03-23,2023-12-31,Prestación de servicios,Contratación directa,284 Dia(s),0,80297558.0,77788260.0,2509298.0,No,No,No definido,283.0,2023-03-23,2023,False,1
CO1.PCCNTR.164606,Cerrado,2017-09-25,2017-06-15,2017-07-31,Compraventa,Mínima cuantía,Dia(s),0,22226100.0,0.0,22226100.0,Si,No,Hombre,46.0,2017-09-25,2017,False,0
CO1.PCCNTR.306932,Cerrado,2018-01-25,2018-01-18,2018-12-31,Prestación de servicios,Contratación directa,No definido,0,66686275.0,66108271.0,578004.0,No,No,Hombre,347.0,2018-01-25,2018,False,1
CO1.PCCNTR.251041,Cerrado,2017-12-18,2017-12-07,2017-12-31,Prestación de servicios,Contratación directa,No definido,0,9000000.0,7200000.0,1800000.0,No,No,No definido,24.0,2017-12-18,2017,False,1
CO1.PCCNTR.7559119,En ejecución,2025-02-26,2025-02-28,2025-12-15,Prestación de servicios,Contratación directa,289 Dia(s),0,32650200.0,31781933.0,868267.0,No,No,Hombre,290.0,2025-02-26,2025,False,1
CO1.PCCNTR.790355,Cerrado,2019-02-26,2019-01-30,2019-12-31,Prestación de servicios,Contratación directa,No definido,0,43538349.0,42257809.0,1280540.0,No,No,Mujer,335.0,2019-02-26,2019,False,1
CO1.PCCNTR.8520241,En ejecución,2025-11-10,2025-11-18,2026-07-31,Prestación de servicios,Contratación directa,267 Dia(s),0,39800567.0,29117257.0,10683310.0,No,No,Mujer,255.0,2025-11-10,2025,False,1
CO1.PCCNTR.2176507,Cerrado,2021-02-05,2021-02-05,2022-06-15,Prestación de servicios,Contratación directa,340 Dia(s),0,43918101.0,42616148.0,1301953.0,No,No,Mujer,495.0,2021-02-05,2021,False,1
CO1.PCCNTR.208810,Cerrado,2017-10-20,2017-10-03,2018-11-16,Prestación de servicios,Contratación directa (con ofertas),No definido,0,137196111.0,125342747.0,11853364.0,No,No,No definido,409.0,2017-10-20,2017,False,1
CO1.PCCNTR.8502368,En ejecución,2025-10-30,2025-11-27,2026-07-31,Prestación de servicios,Contratación directa,244 Dia(s),0,82126488.0,71961520.0,10164968.0,No,No,No definido,246.0,2025-10-30,2025,False,1
CO1.PCCNTR.9604259,En ejecución,2026-07-10,2026-07-24,2026-12-30,Prestación de servicios,Selección abreviada subasta inversa,6 Mes(es),0,541500000.0,0.0,541500000.0,No,No,Hombre,159.0,2026-07-10,2026,False,0
CO1.PCCNTR.2550278,Cerrado,2021-06-25,2021-06-25,2022-10-21,Prestación de servicios,Contratación directa,340 Dia(s),0,127321733.0,126569833.0,751899.0,No,No,No definido,483.0,2021-06-25,2021,False,1
CO1.PCCNTR.9244475,En ejecución,2026-01-30,2026-02-04,2026-12-31,Prestación de servicios,Contratación directa,11 Mes(es),0,80850000.0,35525000.0,45325000.0,No,No,Hombre,330.0,2026-01-30,2026,False,1
CO1.PCCNTR.1321707,Cerrado,2020-02-07,2020-01-27,2020-12-31,Prestación de servicios,Contratación directa,No definido,0,57541095.0,56710057.0,831038.0,No,No,No definido,339.0,2020-02-07,2020,False,1
CO1.PCCNTR.8026264,En ejecución,2025-07-03,2025-07-07,2025-12-19,Prestación de servicios,Contratación directa,165 Dia(s),0,24409233.0,23542633.0,866600.0,No,No,Mujer,165.0,2025-07-03,2025,False,1
CO1.PCCNTR.635613,Cerrado,2018-11-27,2018-11-19,2019-09-17,Prestación de servicios,Mínima cuantía,No definido,0,63403170.0,59802990.0,3600180.0,Si,No,Hombre,302.0,2018-11-27,2018,False,0
CO1.PCCNTR.1065636,Cerrado,2019-09-12,2019-08-13,2022-11-30,Prestación de servicios,Mínima cuantía,Dia(s),0,50088190.0,46717253.0,3370936.0,Si,No,Mujer,1205.0,2019-09-12,2019,False,0
CO1.PCCNTR.607233,Cerrado,2018-10-25,2018-10-11,2019-08-30,Prestación de servicios,Contratación directa,No definido,0,52655797.0,52491248.0,164549.0,No,No,Mujer,323.0,2018-10-25,2018,False,1
CO1.PCCNTR.6572229,Cerrado,2024-07-30,2024-08-01,2024-12-31,Prestación de servicios,Contratación directa,5 Mes(es),0,50000000.0,50000000.0,0.0,No,No,No definido,152.0,2024-07-30,2024,False,1
CO1.PCCNTR.108841,Cerrado,2017-02-15,2017-02-02,2017-12-31,Prestación de servicios,Contratación directa (con ofertas),No definido,0,44140625.0,42968750.0,1171875.0,No,No,No definido,332.0,2017-02-15,2017,False,1
CO1.PCCNTR.1574527,Cerrado,2020-06-01,2020-06-01,2020-10-31,Compraventa,Mínima cuantía,5 Mes(es),0,42638000.0,42638000.0,0.0,Si,No,Mujer,152.0,2020-06-01,2020,False,0
CO1.PCCNTR.594942,Cerrado,2018-11-01,2018-10-12,2018-12-31,Obra,Mínima cuantía,No definido,0,70000000.0,36917462.0,33082538.0,Si,No,No definido,80.0,2018-11-01,2018,False,0
CO1.PCCNTR.6326391,Cerrado,2024-05-30,2024-06-06,2024-12-31,Prestación de servicios,Contratación directa,217 Dia(s),0,97470933.0,86127333.0,11343600.0,No,No,Hombre,208.0,2024-05-30,2024,False,1
CO1.PCCNTR.190713,Cerrado,2017-10-02,2017-09-25,2018-09-28,Prestación de servicios,Contratación directa (con ofertas),No definido,0,54337000.0,49200667.0,5136333.0,No,No,No definido,368.0,2017-10-02,2017,False,1
CO1.PCCNTR.4660880,Cerrado,2023-02-23,2023-02-23,2023-06-20,Prestación de servicios,Contratación directa,4 Mes(es),0,28490332.0,28015493.0,474839.0,No,No,No definido,117.0,2023-02-23,2023,False,1
CO1.PCCNTR.5191268,Cerrado,2023-07-14,2023-07-14,2023-12-31,Prestación de servicios,Contratación directa,179 Dia(s),0,24960724.0,23869545.0,1091179.0,No,No,No definido,170.0,2023-07-14,2023,False,1
CO1.PCCNTR.6522566,Cerrado,2024-07-18,2024-07-22,2024-12-31,Prestación de servicios,Contratación directa,169 Dia(s),0,27041333.0,25291600.0,1749733.0,No,No,Mujer,162.0,2024-07-18,2024,False,1
CO1.PCCNTR.3143130,Cerrado,2021-12-30,2021-12-30,2022-11-30,Prestación de servicios,Contratación directa,224 Dia(s),0,67158471.0,65795835.0,1362636.0,No,No,Mujer,335.0,2021-12-30,2021,False,1
CO1.PCCNTR.7573563,Cerrado,2025-02-28,2025-03-05,2025-12-04,Prestación de servicios,Contratación directa,9 Mes(es),1,43025328.0,43025328.0,0.0,No,No,Hombre,274.0,2025-02-28,2025,False,1
CO1.PCCNTR.3543742,Cerrado,2022-02-03,2022-02-03,2022-12-31,Prestación de servicios,Contratación directa,337 Dia(s),0,177188369.0,176657865.0,530504.0,No,No,No definido,331.0,2022-02-03,2022,False,1
CO1.PCCNTR.1243107,Cerrado,2020-01-08,2019-12-27,2020-12-27,Compraventa,Mínima cuantía,Dia(s),0,13515658.0,13515658.0,0.0,Si,No,No definido,366.0,2020-01-08,2020,False,0
CO1.PCCNTR.1530334,Cerrado,2020-05-11,2020-04-24,2020-12-31,Prestación de servicios,Contratación directa,255 Dia(s),0,62750000.0,61750000.0,1000000.0,No,No,Hombre,251.0,2020-05-11,2020,False,1
CO1.PCCNTR.7070071,Cerrado,2024-11-26,2024-12-06,2025-05-31,Prestación de servicios,Contratación directa,184 Dia(s),0,67984643.0,64792043.0,3192600.0,No,No,No definido,176.0,2024-11-26,2024,False,1
CO1.PCCNTR.686619,Cerrado,2019-01-18,2018-12-28,2020-10-31,Prestación de servicios,Selección abreviada subasta inversa,Dia(s),0,1299713882.6,1184799077.0,114914804.0,No,Si,No definido,673.0,2019-01-18,2019,False,0
CO1.PCCNTR.250514,Cerrado,2017-12-26,2017-12-15,2017-12-26,Compraventa,Selección abreviada subasta inversa,No definido,0,1679546607.0,1679546607.0,0.0,Si,No,No definido,11.0,2017-12-26,2017,False,0
CO1.PCCNTR.3096037,Cerrado,2021-12-23,2021-12-23,2022-12-09,Prestación de servicios,Contratación directa,240 Dia(s),0,73626127.0,73227069.0,399058.0,No,No,No definido,351.0,2021-12-23,2021,False,1
CO1.PCCNTR.1317374,Cerrado,2020-02-03,2020-01-24,2020-12-31,Prestación de servicios,Contratación directa,No definido,0,57690682.0,57208680.0,482002.0,No,No,No definido,342.0,2020-02-03,2020,False,1
CO1.PCCNTR.4175957,En ejecución,2022-11-03,2022-11-04,2024-10-31,Compraventa,Mínima cuantía,2 Año(s),0,9314459.0,9314459.0,0.0,Si,No,Hombre,727.0,2022-11-03,2022,False,0
CO1.PCCNTR.3091823,Cerrado,2021-12-13,2021-12-13,2022-10-14,Prestación de servicios,Contratación directa,209 Dia(s),0,55555849.0,54871163.0,684686.0,No,No,No definido,305.0,2021-12-13,2021,False,1
CO1.PCCNTR.826564,Cerrado,2019-02-26,2019-02-11,2019-12-31,Prestación de servicios,Contratación directa,No definido,0,95729588.0,93094829.0,2634759.0,No,No,No definido,323.0,2019-02-26,2019,False,1
CO1.PCCNTR.8654645,Modificado,2025-12-15,2025-12-17,2026-10-31,Prestación de servicios,Contratación directa,325 Dia(s),92,48687963.0,29328357.0,19359606.0,No,No,Hombre,318.0,2025-12-15,2025,False,1
CO1.PCCNTR.830221,Cerrado,2019-04-02,2019-02-11,2019-12-12,Prestación de servicios,Contratación directa,No definido,55,143266667.0,140000000.0,3266667.0,No,No,Mujer,304.0,2019-04-02,2019,False,1
CO1.PCCNTR.6558905,Cerrado,2024-07-23,2024-07-26,2024-12-31,Prestación de servicios,Contratación directa,157 Dia(s),0,27000000.0,25833333.0,1166667.0,No,No,Hombre,158.0,2024-07-23,2024,False,1
CO1.PCCNTR.109653,Cerrado,2017-02-15,2017-02-06,2017-12-31,Prestación de servicios,Contratación directa (con ofertas),No definido,0,32557718.0,31309192.0,1248526.0,No,No,No definido,328.0,2017-02-15,2017,False,1
CO1.PCCNTR.8487391,En ejecución,2025-10-24,2025-11-14,2026-10-31,Compraventa,Contratación directa,1 Año(s),0,96984978.0,0.0,96984978.0,Si,No,Mujer,351.0,2025-10-24,2025,False,1
CO1.PCCNTR.1398812,Cerrado,2020-03-03,2020-02-19,2020-12-31,Prestación de servicios,Contratación directa,Dia(s),0,94681540.0,93776939.0,904601.0,No,No,No definido,316.0,2020-03-03,2020,False,1
CO1.PCCNTR.8028526,En ejecución,2025-07-07,2025-07-07,2026-07-06,Prestación de servicios,Contratación directa,1 Año(s),0,527000.0,0.0,527000.0,No,No,Hombre,364.0,2025-07-07,2025,False,1
CO1.PCCNTR.4651333,Cerrado,2023-02-22,2023-02-22,2023-06-17,Prestación de servicios,Contratación directa,4 Mes(es),0,21186944.0,20833827.0,353116.0,No,No,No definido,115.0,2023-02-22,2023,False,1
CO1.PCCNTR.8711509,Modificado,2025-12-17,2025-12-22,2026-10-31,Prestación de servicios,Contratación directa,316 Dia(s),92,88266667.0,52800000.0,35466667.0,No,No,Mujer,313.0,2025-12-17,2025,False,1
CO1.PCCNTR.8671655,En ejecución,2025-12-11,2025-12-16,2026-07-31,Prestación de servicios,Contratación directa,240 Dia(s),0,53439294.0,43869682.0,9569612.0,No,No,No definido,227.0,2025-12-11,2025,False,1
CO1.PCCNTR.246245,Cerrado,2017-12-13,2017-12-06,2018-07-31,Prestación de servicios,Contratación directa (con ofertas),No definido,0,65221680.0,62504111.0,2717569.0,No,No,Hombre,237.0,2017-12-13,2017,False,1
CO1.PCCNTR.1140541,Cerrado,2019-11-15,2019-11-01,2020-10-31,Prestación de servicios,Mínima cuantía,No definido,0,6479700.0,6479700.0,0.0,No,No,No definido,365.0,2019-11-15,2019,False,0
CO1.PCCNTR.143506,Cerrado,2017-07-14,2017-04-26,2018-09-14,Prestación de servicios,Contratación directa (con ofertas),No definido,0,235672996.0,227893499.0,7779497.0,No,No,No definido,506.0,2017-07-14,2017,False,1
CO1.PCCNTR.2515916,Cerrado,2021-06-10,2021-06-10,2021-12-15,Prestación de servicios,Contratación directa,201 Dia(s),0,113311551.0,109706183.0,3605368.0,No,No,No definido,188.0,2021-06-10,2021,False,1
CO1.PCCNTR.4358149,Cerrado,2023-01-23,2023-01-23,2024-10-31,Prestación de servicios,Contratación directa,682 Dia(s),0,529928502.0,529928116.0,385.0,No,No,Hombre,647.0,2023-01-23,2023,False,1
CO1.PCCNTR.2800917,Cerrado,2021-09-06,2021-09-06,2022-12-16,Prestación de servicios,Contratación directa,331 Dia(s),0,70075337.0,69070940.0,1004396.0,No,No,Mujer,466.0,2021-09-06,2021,False,1
CO1.PCCNTR.1346093,Cerrado,2020-03-03,2020-02-04,2020-12-31,Prestación de servicios,Contratación directa,Dia(s),0,38567333.0,37870333.0,697000.0,No,No,No definido,331.0,2020-03-03,2020,False,1
CO1.PCCNTR.1557302,Cerrado,2020-06-05,2020-06-05,2021-04-30,Prestación de servicios,Contratación directa,357 Dia(s),0,177518093.0,176517991.0,1000102.0,No,No,No definido,329.0,2020-06-05,2020,False,1
CO1.PCCNTR.2195032,Cerrado,2021-03-01,2021-03-01,2021-11-30,Prestación de servicios,Contratación directa,336 Dia(s),0,72412927.0,71700669.0,712258.0,No,No,Mujer,274.0,2021-03-01,2021,False,1
CO1.PCCNTR.4718667,Cerrado,2023-03-16,2023-03-16,2023-12-31,Prestación de servicios,Contratación directa,305 Dia(s),0,124681680.0,124266074.0,415605.0,No,No,Mujer,290.0,2023-03-16,2023,False,1
CO1.PCCNTR.2732742,Cerrado,2021-08-18,2021-08-18,2022-12-14,Prestación de servicios,Contratación directa,331 Dia(s),0,99931777.0,99143703.0,788073.0,No,No,Mujer,483.0,2021-08-18,2021,False,1
CO1.PCCNTR.7524101,Cerrado,2025-02-20,2025-02-25,2025-11-24,Prestación de servicios,Contratación directa,9 Mes(es),0,155057391.0,153908818.0,1148573.0,No,No,No definido,272.0,2025-02-20,2025,False,1
CO1.PCCNTR.5969465,Cerrado,2024-02-19,2024-02-23,2024-12-31,Prestación de servicios,Contratación directa,308 Dia(s),0,45295825.0,44266375.0,1029450.0,No,No,Hombre,312.0,2024-02-19,2024,False,1
CO1.PCCNTR.4789146,Cerrado,2023-03-22,2023-03-22,2023-07-21,Prestación de servicios,Contratación directa,4 Mes(es),0,14497476.0,14255851.0,241625.0,No,No,Mujer,121.0,2023-03-22,2023,False,1
CO1.PCCNTR.3489526,Cerrado,2022-02-02,2022-02-02,2022-12-31,Prestación de servicios,Contratación directa,339 Dia(s),0,153087788.0,152179255.0,908533.0,No,No,No definido,332.0,2022-02-02,2022,False,1
CO1.PCCNTR.645801,Cerrado,2018-12-17,2018-11-27,2020-05-22,Suministros,Contratación directa (con ofertas),Dia(s),0,1759898.0,1759898.0,0.0,No,No,Hombre,542.0,2018-12-17,2018,False,1
CO1.PCCNTR.631211,Cerrado,2018-11-23,2018-11-01,2018-12-31,Prestación de servicios,Contratación directa,No definido,0,34879604.0,28280760.0,6598844.0,No,No,No definido,60.0,2018-11-23,2018,False,1
CO1.PCCNTR.9135852,En ejecución,2026-01-27,2026-01-29,2026-12-31,Prestación de servicios,Contratación directa,335 Dia(s),0,93800000.0,42560000.0,51240000.0,No,No,Hombre,336.0,2026-01-27,2026,False,1
CO1.PCCNTR.1317682,Cerrado,2020-03-10,2020-01-27,2020-12-31,Prestación de servicios,Contratación directa,No definido,0,46690655.0,45585551.0,1105104.0,No,No,Mujer,339.0,2020-03-10,2020,False,1
CO1.PCCNTR.94504,Cerrado,2017-01-17,2016-12-20,2017-05-31,Prestación de servicios,Contratación directa (con ofertas),Dia(s),0,72462369.0,69927243.0,2535126.0,No,No,Mujer,162.0,2017-01-17,2017,False,1
CO1.PCCNTR.299671,Cerrado,2018-02-02,2018-01-18,2018-12-31,Prestación de servicios,Contratación directa,No definido,0,163085716.0,161671678.0,1414038.0,No,No,Mujer,347.0,2018-02-02,2018,False,1
CO1.PCCNTR.2224590,Cerrado,2021-02-17,2021-02-17,2021-11-30,Prestación de servicios,Contratación directa,330 Dia(s),0,39101443.0,38069062.0,1032381.0,No,No,No definido,286.0,2021-02-17,2021,False,1
CO1.PCCNTR.7176011,Cerrado,2024-12-27,2024-12-30,2025-06-30,Prestación de servicios,Contratación directa,183 Dia(s),0,58500000.0,54300000.0,4200000.0,No,No,Mujer,182.0,2024-12-27,2024,False,1
CO1.PCCNTR.7651999,En ejecución,2025-03-19,2025-04-01,2025-11-30,Prestación de servicios,Contratación directa,8 Mes(es),0,48000000.0,48000000.0,0.0,No,No,Hombre,243.0,2025-03-19,2025,False,1
CO1.PCCNTR.198310,Cerrado,2017-09-25,2017-09-11,2018-04-30,Prestación de servicios,Contratación directa (con ofertas),Dia(s),0,71100000.0,15000000.0,56100000.0,No,No,Hombre,231.0,2017-09-25,2017,False,1
CO1.PCCNTR.3688120,Cerrado,2022-05-16,2022-05-17,2022-12-31,Prestación de servicios,Mínima cuantía,8 Mes(es),0,70560000.0,70560000.0,0.0,Si,No,Mujer,228.0,2022-05-16,2022,False,0
CO1.PCCNTR.5185765,Cerrado,2023-07-06,2023-07-06,2023-12-31,Prestación de servicios,Contratación directa,180 Dia(s),0,45240270.0,43283934.0,1956336.0,No,No,Hombre,178.0,2023-07-06,2023,False,1
CO1.PCCNTR.595508,Cerrado,2018-10-18,2018-10-03,2018-12-31,Prestación de servicios,Contratación directa,No definido,0,14310171.0,12982423.0,1327748.0,No,No,No definido,89.0,2018-10-18,2018,False,1
CO1.PCCNTR.122118,Cerrado,2017-04-03,2017-03-08,2017-12-31,Prestación de servicios,Contratación directa (con ofertas),No definido,0,120568792.0,118532157.0,2036635.0,No,No,No definido,298.0,2017-04-03,2017,False,1
CO1.PCCNTR.5879371,Cerrado,2024-02-05,2024-02-09,2024-12-31,Prestación de servicios,Contratación directa,8 Mes(es),0,71228235.0,71007029.0,221206.0,No,No,Mujer,326.0,2024-02-05,2024,False,1
CO1.PCCNTR.1592014,Cerrado,2020-06-08,2020-06-08,2021-04-20,Prestación de servicios,Contratación directa,219 Dia(s),0,83460900.0,81455833.0,2005067.0,No,No,Mujer,316.0,2020-06-08,2020,False,1
CO1.PCCNTR.157908,Cerrado,2017-09-21,2017-06-08,2018-05-31,Prestación de servicios,Contratación directa (con ofertas),No definido,0,12374340.0,6496528.0,5877812.0,No,No,No definido,357.0,2017-09-21,2017,False,1
CO1.PCCNTR.2516349,Cerrado,2021-05-25,2021-05-26,2021-11-30,Prestación de servicios,Contratación directa,201 Dia(s),0,55220814.0,53596673.0,1624141.0,No,No,No definido,188.0,2021-05-25,2021,False,1
CO1.PCCNTR.6233544,Terminado,2024-04-22,2024-04-25,2025-04-24,Prestación de servicios,Contratación directa,363 Dia(s),0,68952000.0,64355200.0,4596800.0,No,No,Mujer,364.0,2024-04-22,2024,False,1
CO1.PCCNTR.8584675,Modificado,2025-11-20,2025-11-26,2026-10-31,Prestación de servicios,Contratación directa,339 Dia(s),91,111327200.0,67035733.0,44291467.0,No,No,Hombre,339.0,2025-11-20,2025,False,1
CO1.PCCNTR.4810876,Cerrado,2023-03-29,2023-03-29,2023-07-27,Prestación de servicios,Contratación directa,4 Mes(es),0,28629004.0,28629004.0,0.0,No,No,No definido,120.0,2023-03-29,2023,False,1
CO1.PCCNTR.8642212,Modificado,2025-11-28,2025-12-02,2026-10-31,Prestación de servicios,Contratación directa,325 Dia(s),92,98653867.0,61098133.0,37555734.0,No,No,Hombre,333.0,2025-11-28,2025,False,1
CO1.PCCNTR.385728,Cerrado,2018-04-16,2018-04-02,2018-12-31,Prestación de servicios,Mínima cuantía,No definido,0,26000000.0,16137900.0,9862100.0,Si,No,Hombre,273.0,2018-04-16,2018,False,0
CO1.PCCNTR.228322,Cerrado,2017-12-13,2017-11-14,2018-11-30,Prestación de servicios,Contratación directa (con ofertas),No definido,0,71020144.0,69758044.0,1262100.0,No,No,No definido,381.0,2017-12-13,2017,False,1
CO1.PCCNTR.4346405,Cerrado,2023-01-13,2023-01-13,2023-08-31,Prestación de servicios,Contratación directa,251 Dia(s),0,76899313.0,74788351.0,2110962.0,No,No,Hombre,230.0,2023-01-13,2023,False,1
CO1.PCCNTR.8646597,Modificado,2025-12-01,2025-12-05,2026-10-31,Prestación de servicios,Contratación directa,335 Dia(s),92,77689920.0,47452650.0,30237270.0,No,No,Hombre,330.0,2025-12-01,2025,False,1
CO1.PCCNTR.493267,Cerrado,2018-08-15,2018-08-06,2018-10-03,Compraventa,Mínima cuantía,No definido,0,6068750.0,6068750.0,0.0,Si,No,No definido,58.0,2018-08-15,2018,False,0
CO1.PCCNTR.6209426,Cerrado,2024-04-17,2024-04-23,2024-12-31,Prestación de servicios,Contratación directa,248 Dia(s),0,142423085.0,142423085.0,0.0,No,No,No definido,252.0,2024-04-17,2024,False,1
CO1.PCCNTR.1902723,Cerrado,2020-11-02,2020-11-03,2021-09-30,Prestación de servicios,Contratación directa,358 Dia(s),0,42888343.0,42767531.0,120812.0,No,No,No definido,331.0,2020-11-02,2020,False,1
CO1.PCCNTR.4567356,Cerrado,2023-02-07,2023-02-07,2023-06-06,Prestación de servicios,Contratación directa,4 Mes(es),0,28490332.0,28015493.0,474839.0,No,No,Hombre,119.0,2023-02-07,2023,False,1
CO1.PCCNTR.129809,Cerrado,2017-04-10,2017-03-29,2018-08-15,Prestación de servicios,Contratación directa (con ofertas),No definido,0,66311231.0,65260756.0,1050475.0,No,No,No definido,504.0,2017-04-10,2017,False,1
CO1.PCCNTR.6695513,Cerrado,2024-08-30,2024-09-04,2024-12-31,Prestación de servicios,Contratación directa,122 Dia(s),0,24006483.0,22651278.0,1355205.0,No,No,Hombre,118.0,2024-08-30,2024,False,1
CO1.PCCNTR.3322427,Cerrado,2022-01-31,2022-01-31,2022-12-31,Prestación de servicios,Contratación directa,346 Dia(s),0,49371912.0,48660501.0,711411.0,No,No,Mujer,334.0,2022-01-31,2022,False,1
CO1.PCCNTR.6943228,En ejecución,2024-10-24,2024-11-01,2026-10-31,Servicios financieros,Contratación directa,2 Año(s),0,78806056.0,0.0,78806056.0,No,No,No definido,729.0,2024-10-24,2024,False,1
CO1.PCCNTR.5382212,Cerrado,2023-09-20,2023-09-20,2024-12-31,Prestación de servicios,Contratación directa,442 Dia(s),0,129931328.0,126141664.0,3789664.0,No,No,Hombre,468.0,2023-09-20,2023,False,1
CO1.PCCNTR.135908,Cerrado,2017-04-24,2017-04-10,2017-11-30,Prestación de servicios,Contratación directa (con ofertas),No definido,0,58957352.0,57223312.0,1734040.0,No,No,No definido,234.0,2017-04-24,2017,False,1
CO1.PCCNTR.2217643,Cerrado,2021-02-20,2021-02-20,2021-10-29,Prestación de servicios,Contratación directa,331 Dia(s),0,62560000.0,60490000.0,2070000.0,No,No,No definido,251.0,2021-02-20,2021,False,1
CO1.PCCNTR.8730431,Modificado,2025-12-26,2025-12-30,2026-10-31,Prestación de servicios,Contratación directa,302 Dia(s),92,47550000.0,28500000.0,19050000.0,No,No,Hombre,305.0,2025-12-26,2025,False,1
CO1.PCCNTR.1992223,Cerrado,2020-12-02,2020-12-02,2021-04-30,Prestación de servicios,Contratación directa,354 Dia(s),0,53939489.0,52100642.0,1838846.0,No,No,No definido,149.0,2020-12-02,2020,False,1
CO1.PCCNTR.6516638,Cerrado,2024-07-26,2024-08-06,2024-12-31,Prestación de servicios,Mínima cuantía,180 Dia(s),0,13832900.0,12752873.0,1080027.0,Si,No,Mujer,147.0,2024-07-26,2024,False,0
CO1.PCCNTR.7532719,Cerrado,2025-02-24,2025-02-26,2025-10-25,Prestación de servicios,Contratación directa,8 Mes(es),0,82424000.0,81737133.0,686867.0,No,No,No definido,241.0,2025-02-24,2025,False,1
CO1.PCCNTR.454912,Cerrado,2018-07-12,2018-06-21,2018-12-31,Prestación de servicios,Contratación directa,No definido,0,43897805.0,42988006.0,909799.0,No,No,No definido,193.0,2018-07-12,2018,False,1
CO1.PCCNTR.2656360,Cerrado,2021-08-11,2021-08-11,2022-06-30,Prestación de servicios,Contratación directa,356 Dia(s),0,67830859.0,67454335.0,376524.0,No,No,No definido,323.0,2021-08-11,2021,False,1
CO1.PCCNTR.1326527,Cerrado,2020-02-11,2020-01-28,2020-12-31,Prestación de servicios,Contratación directa,Dia(s),0,146012688.0,142587164.0,3425524.0,No,No,No definido,338.0,2020-02-11,2020,False,1
CO1.PCCNTR.815747,Cerrado,2019-03-15,2019-02-06,2020-04-30,Prestación de servicios,Contratación directa,Dia(s),0,77207228.0,74678607.0,2528621.0,No,No,Mujer,449.0,2019-03-15,2019,False,1
CO1.PCCNTR.617235,Cerrado,2018-11-08,2018-10-22,2018-12-31,Prestación de servicios,Contratación directa,No definido,0,29867128.0,27849079.0,2018049.0,No,No,Hombre,70.0,2018-11-08,2018,False,1
CO1.PCCNTR.4191170,Modificado,2022-12-12,2022-12-12,2026-10-31,Prestación de servicios,Contratación directa,1419 Dia(s),92,746762872.0,478548000.0,268214872.0,No,No,Hombre,1419.0,2022-12-12,2022,False,1
CO1.PCCNTR.5879157,Cerrado,2024-02-05,2024-02-13,2024-12-31,Prestación de servicios,Contratación directa,8 Mes(es),0,70343413.0,70122207.0,221206.0,No,No,No definido,322.0,2024-02-05,2024,False,1
CO1.PCCNTR.653301,Cerrado,2018-12-12,2018-12-06,2019-12-15,Compraventa,Selección abreviada subasta inversa,No definido,0,408177891.0,408177891.0,0.0,Si,No,No definido,374.0,2018-12-12,2018,False,0
CO1.PCCNTR.3137563,Cerrado,2021-12-24,2021-12-24,2022-11-21,Prestación de servicios,Contratación directa,221 Dia(s),0,69935465.0,68920819.0,1014646.0,No,No,Hombre,332.0,2021-12-24,2021,False,1
CO1.PCCNTR.819619,Cerrado,2019-04-25,2019-02-25,2020-05-30,Otro,Contratación directa (con ofertas),Dia(s),0,83404720.0,81143006.0,2261714.0,Si,No,Hombre,460.0,2019-04-25,2019,False,1
CO1.PCCNTR.7402095,Cerrado,2025-02-19,2025-02-21,2025-10-20,Prestación de servicios,Contratación directa,8 Mes(es),0,73984000.0,73367465.0,616535.0,No,No,Hombre,241.0,2025-02-19,2025,False,1
CO1.PCCNTR.2644797,Cerrado,2021-07-16,2021-07-16,2021-12-15,Prestación de servicios,Contratación directa,166 Dia(s),0,50100000.0,49200000.0,900000.0,No,No,Mujer,152.0,2021-07-16,2021,False,1
CO1.PCCNTR.706308,Cerrado,2019-01-24,2018-12-28,2019-07-31,Prestación de servicios,Contratación directa,No definido,0,46240788.0,44769490.0,1471298.0,No,No,Mujer,215.0,2019-01-24,2019,False,1
CO1.PCCNTR.8689528,Modificado,2025-12-18,2025-12-23,2026-10-31,Prestación de servicios,Contratación directa,312 Dia(s),92,51738680.0,30325915.0,21412765.0,No,No,Hombre,312.0,2025-12-18,2025,False,1
CO1.PCCNTR.55204,Cerrado,2016-08-23,2016-08-01,2016-08-15,Compraventa,Mínima cuantía,No definido,0,15880798.06,0.0,15880798.0,Si,No,Mujer,14.0,2016-08-23,2016,False,0
CO1.PCCNTR.4682416,Cerrado,2023-02-24,2023-02-24,2023-06-23,Prestación de servicios,Contratación directa,4 Mes(es),0,15827472.0,15563681.0,263791.0,No,No,No definido,119.0,2023-02-24,2023,False,1
CO1.PCCNTR.3399342,Cerrado,2022-02-03,2022-02-03,2022-12-31,Prestación de servicios,Contratación directa,341 Dia(s),0,156267653.0,153087788.0,3179865.0,No,No,No definido,331.0,2022-02-03,2022,False,1
CO1.PCCNTR.8486292,En ejecución,2025-10-24,2025-11-11,2026-07-31,Prestación de servicios,Contratación directa,260 Dia(s),0,40793581.0,36043127.0,4750454.0,No,No,Mujer,262.0,2025-10-24,2025,False,1
CO1.PCCNTR.188703,Cerrado,2017-09-25,2017-08-18,2017-12-29,Suministros,Mínima cuantía,No definido,0,79000000.0,78999019.0,981.0,Si,No,Hombre,133.0,2017-09-25,2017,False,0
CO1.PCCNTR.3483200,Cerrado,2022-02-02,2022-02-02,2022-12-31,Prestación de servicios,Contratación directa,340 Dia(s),0,129790410.0,128263464.0,1526946.0,No,No,No definido,332.0,2022-02-02,2022,False,1
CO1.PCCNTR.6728178,Cerrado,2024-09-05,2024-09-10,2024-12-31,Prestación de servicios,Contratación directa,115 Dia(s),0,38666833.0,37321900.0,1344933.0,No,No,No definido,112.0,2024-09-05,2024,False,1
CO1.PCCNTR.8653861,En ejecución,2025-12-05,2025-12-12,2026-07-31,Prestación de servicios,Contratación directa,235 Dia(s),0,45855295.0,39331552.0,6523743.0,No,No,No definido,231.0,2025-12-05,2025,False,1
CO1.PCCNTR.110104,Cerrado,2017-02-10,2017-02-03,2018-05-31,Prestación de servicios,Contratación directa (con ofertas),No definido,0,110214328.0,107504140.0,2710188.0,No,No,No definido,482.0,2017-02-10,2017,False,1
CO1.PCCNTR.5392385,Cerrado,2023-09-21,2023-09-21,2024-02-23,Prestación de servicios,Contratación directa,103 Dia(s),0,42400000.0,38400000.0,4000000.0,No,No,No definido,155.0,2023-09-21,2023,False,1
CO1.PCCNTR.5827538,Cerrado,2024-01-26,2024-02-01,2024-12-31,Prestación de servicios,Contratación directa,11 Mes(es),0,88165000.0,88165000.0,0.0,No,No,No definido,334.0,2024-01-26,2024,False,1
CO1.PCCNTR.6139537,Cerrado,2024-03-22,2024-04-02,2025-03-31,Prestación de servicios,Contratación directa,364 Dia(s),58,74971167.0,74971167.0,0.0,No,No,No definido,363.0,2024-03-22,2024,False,1
CO1.PCCNTR.1791105,Cerrado,2020-09-11,2020-09-11,2020-12-31,Prestación de servicios,Contratación directa,133 Dia(s),0,32433333.0,30566666.0,1866667.0,No,No,No definido,111.0,2020-09-11,2020,False,1
CO1.PCCNTR.5074932,Cerrado,2023-06-15,2023-06-15,2023-12-31,Prestación de servicios,Contratación directa,201 Dia(s),0,41679333.0,40854000.0,825333.0,No,No,Mujer,199.0,2023-06-15,2023,False,1
CO1.PCCNTR.9233743,En ejecución,2026-01-29,2026-02-02,2026-12-31,Prestación de servicios,Contratación directa,11 Mes(es),0,77385000.0,34471500.0,42913500.0,No,No,Mujer,332.0,2026-01-29,2026,False,1
CO1.PCCNTR.4565912,Cerrado,2023-02-10,2023-02-10,2023-06-06,Prestación de servicios,Contratación directa,4 Mes(es),0,11287976.0,11099843.0,188133.0,No,No,Mujer,116.0,2023-02-10,2023,False,1
CO1.PCCNTR.6373874,Cerrado,2024-05-30,2024-05-30,2025-07-30,Seguros,Licitación pública,426 Dia(s),0,5419304543.2,5361425404.0,57879138.0,No,Si,No definido,426.0,2024-05-30,2024,False,0
CO1.PCCNTR.8493873,Modificado,2025-10-29,2025-11-05,2026-10-31,Prestación de servicios,Contratación directa,367 Dia(s),92,82972947.0,53215633.0,29757314.0,No,No,Mujer,360.0,2025-10-29,2025,False,1
CO1.PCCNTR.84201,Cerrado,2016-12-14,2016-11-21,2017-09-15,Prestación de servicios,Contratación directa (con ofertas),Dia(s),0,55208887.0,0.0,55208887.0,No,No,No definido,298.0,2016-12-14,2016,False,1
CO1.PCCNTR.7305702,Cerrado,2025-01-23,2025-01-28,2025-12-31,Prestación de servicios,Contratación directa,337 Dia(s),0,111022200.0,111022200.0,0.0,No,No,Hombre,337.0,2025-01-23,2025,False,1
CO1.PCCNTR.7124383,Modificado,2024-12-11,2024-12-26,2026-07-31,Prestación de servicios,Selección abreviada subasta inversa,598 Dia(s),0,3607627308.0,3451519662.0,156107645.0,No,No,No definido,582.0,2024-12-11,2024,False,0
CO1.PCCNTR.80903,Cerrado,2016-11-30,2016-11-03,2017-10-31,Prestación de servicios,Contratación directa (con ofertas),No definido,0,92123394.0,0.0,92123394.0,No,No,No definido,362.0,2016-11-30,2016,False,1
CO1.PCCNTR.126311,Cerrado,2017-04-18,2017-03-23,2018-09-22,Suministros,Contratación directa (con ofertas),No definido,0,1185000.0,1185000.0,0.0,No,No,Hombre,548.0,2017-04-18,2017,False,1
CO1.PCCNTR.627196,Cerrado,2018-11-13,2018-10-30,2018-12-31,Prestación de servicios,Contratación directa,No definido,0,26731906.0,23632555.0,3099351.0,No,No,No definido,62.0,2018-11-13,2018,False,1
CO1.PCCNTR.5229795,Cerrado,2023-07-27,2023-07-27,2023-12-31,Prestación de servicios,Contratación directa,166 Dia(s),0,34513333.0,33480000.0,1033333.0,No,No,No definido,157.0,2023-07-27,2023,False,1
CO1.PCCNTR.4874695,Cerrado,2023-05-04,2023-05-04,2024-05-30,Seguros,Licitación pública,426 Dia(s),0,6038505758.2,5972939982.0,65565776.0,No,Si,No definido,392.0,2023-05-04,2023,False,0
CO1.PCCNTR.9771888,Aprobado,2026-08-05,,2026-12-31,Prestación de servicios,Contratación directa,144 Dia(s),0,25375000.0,0.0,25375000.0,No,No,Hombre,,2026-08-05,2026,False,1
CO1.PCCNTR.1415701,Cerrado,2020-03-10,2020-02-26,2020-12-31,Prestación de servicios,Contratación directa,Dia(s),0,90474517.0,89590401.0,884116.0,No,No,No definido,309.0,2020-03-10,2020,False,1
CO1.PCCNTR.4337156,Cerrado,2022-12-28,2022-12-29,2024-12-29,Compraventa,Selección abreviada subasta inversa,24 Mes(es),0,2214117650.53,2197993254.0,16124396.0,Si,No,Mujer,731.0,2022-12-28,2022,False,0
CO1.PCCNTR.298009,Cerrado,2018-01-28,2018-01-16,2018-12-31,Prestación de servicios,Contratación directa,No definido,0,85711108.0,85215668.0,495439.0,No,No,No definido,349.0,2018-01-28,2018,False,1
CO1.PCCNTR.86803,Cerrado,2016-12-09,2016-12-06,2017-11-30,Prestación de servicios,Contratación directa (con ofertas),No definido,0,40756956.0,0.0,40756956.0,No,No,No definido,359.0,2016-12-09,2016,False,1
CO1.PCCNTR.320816,Cerrado,2018-02-02,2018-01-26,2018-12-31,Prestación de servicios,Contratación directa,No definido,0,88500000.0,88463617.0,36383.0,No,No,No definido,339.0,2018-02-02,2018,False,1
CO1.PCCNTR.604316,Cerrado,2018-10-25,2018-10-09,2018-12-31,Prestación de servicios,Contratación directa,No definido,0,17745524.0,16920151.0,825373.0,No,No,Mujer,83.0,2018-10-25,2018,False,1
CO1.PCCNTR.4351993,Cerrado,2022-12-28,2022-12-28,2024-11-30,Compraventa,Mínima cuantía,23 Mes(es),0,14800000.0,14800000.0,0.0,Si,No,Hombre,703.0,2022-12-28,2022,False,0
CO1.PCCNTR.8630054,Modificado,2025-12-01,2025-12-10,2026-10-31,Prestación de servicios,Contratación directa,324 Dia(s),92,50822317.0,31669693.0,19152624.0,No,No,Mujer,325.0,2025-12-01,2025,False,1
CO1.PCCNTR.1973220,Cerrado,2020-11-23,2020-11-23,2020-12-31,Prestación de servicios,Contratación directa,55 Dia(s),0,12150000.0,12150000.0,0.0,No,No,Hombre,38.0,2020-11-23,2020,False,1
CO1.PCCNTR.565405,Cerrado,2018-10-05,2018-09-24,2018-12-31,Prestación de servicios,Mínima cuantía,No definido,0,8960700.0,8960700.0,0.0,Si,No,Mujer,98.0,2018-10-05,2018,False,0
CO1.PCCNTR.2195430,Cerrado,2021-02-17,2021-02-17,2021-12-15,Prestación de servicios,Contratación directa,336 Dia(s),0,110524437.0,109488271.0,1036166.0,No,No,No definido,301.0,2021-02-17,2021,False,1
CO1.PCCNTR.987501,Cerrado,2020-02-24,2019-06-02,2023-02-09,Seguros,Licitación pública,Dia(s),0,39000000000.0,39000000000.0,0.0,No,No,Mujer,1348.0,2020-02-24,2020,False,0
CO1.PCCNTR.604594,Cerrado,2018-10-25,2018-10-12,2018-12-31,Prestación de servicios,Contratación directa,No definido,0,7470000.0,7110000.0,360000.0,No,No,No definido,80.0,2018-10-25,2018,False,1
CO1.PCCNTR.5954819,Cerrado,2024-02-16,2024-02-21,2024-12-31,Prestación de servicios,Contratación directa,310 Dia(s),0,111641375.0,111281241.0,360134.0,No,No,No definido,314.0,2024-02-16,2024,False,1
CO1.PCCNTR.7372881,En ejecución,2025-02-06,2025-02-07,2025-10-06,Prestación de servicios,Contratación directa,8 Mes(es),0,101712000.0,100864400.0,847600.0,No,No,No definido,241.0,2025-02-06,2025,False,1
CO1.PCCNTR.5173865,Cerrado,2023-07-06,2023-07-06,2023-12-31,Prestación de servicios,Contratación directa,185 Dia(s),0,31639600.0,30271401.0,1368199.0,No,No,No definido,178.0,2023-07-06,2023,False,1
CO1.PCCNTR.556314,Cerrado,2018-10-09,2018-09-25,2018-11-30,Prestación de servicios,Mínima cuantía,No definido,0,20166667.0,11083048.0,9083618.0,Si,No,Mujer,66.0,2018-10-09,2018,False,0
CO1.PCCNTR.167910,Cerrado,2017-07-25,2017-07-10,2017-09-10,Compraventa,Mínima cuantía,Dia(s),0,5681700.0,5681700.0,0.0,Si,No,Hombre,62.0,2017-07-25,2017,False,0
CO1.PCCNTR.3491300,Cerrado,2022-02-02,2022-02-02,2022-12-31,Prestación de servicios,Contratación directa,303 Dia(s),0,51214317.0,50758403.0,455914.0,No,No,No definido,332.0,2022-02-02,2022,False,1
CO1.PCCNTR.4651188,Cerrado,2023-02-22,2023-02-22,2023-06-17,Prestación de servicios,Contratación directa,4 Mes(es),0,38600000.0,37956666.0,643334.0,No,No,No definido,115.0,2023-02-22,2023,False,1
CO1.PCCNTR.7083419,Modificado,2024-12-06,2024-12-26,2026-11-30,Prestación de servicios,Mínima cuantía,572 Dia(s),153,17563465.0,10051120.0,7512345.0,No,No,No definido,704.0,2024-12-06,2024,False,0
CO1.PCCNTR.7531599,En ejecución,2025-02-20,2025-02-24,2025-10-23,Prestación de servicios,Contratación directa,8 Mes(es),0,101712000.0,100864400.0,847600.0,No,No,No definido,241.0,2025-02-20,2025,False,1
CO1.PCCNTR.8500907,En ejecución,2025-10-31,2025-11-25,2026-07-31,Prestación de servicios,Contratación directa,246 Dia(s),0,48502611.0,42546150.0,5956461.0,No,No,No definido,248.0,2025-10-31,2025,False,1
CO1.PCCNTR.7545813,Cerrado,2025-02-24,2025-02-26,2025-10-25,Prestación de servicios,Contratación directa,8 Mes(es),0,67448000.0,66885933.0,562067.0,No,No,No definido,241.0,2025-02-24,2025,False,1
CO1.PCCNTR.5699922,Cerrado,2024-01-02,2024-01-02,2025-12-31,Prestación de servicios,Contratación directa,734 Dia(s),0,106727575.0,65578582.0,41148993.0,Si,No,Hombre,729.0,2024-01-02,2024,False,1
CO1.PCCNTR.1664103,Cerrado,2020-07-23,2020-07-23,2020-12-31,Prestación de servicios,Contratación directa,184 Dia(s),0,48121600.0,45364633.0,2756967.0,No,No,No definido,161.0,2020-07-23,2020,False,1
CO1.PCCNTR.260047,Cerrado,2017-12-29,2017-12-18,2018-07-31,Prestación de servicios,Contratación directa,No definido,0,55012300.0,53810633.0,1201667.0,No,No,No definido,225.0,2017-12-29,2017,False,1
CO1.PCCNTR.657508,Cerrado,2018-11-28,2018-11-20,2019-10-23,Prestación de servicios,Contratación directa,No definido,0,68509460.0,67181235.0,1328225.0,No,No,No definido,337.0,2018-11-28,2018,False,1
CO1.PCCNTR.8915197,En ejecución,2026-01-23,2026-01-23,2026-10-31,Prestación de servicios,Contratación directa,285 Dia(s),0,115530450.0,64048360.0,51482090.0,No,No,No definido,281.0,2026-01-23,2026,False,1
CO1.PCCNTR.4208381,Cerrado,2022-11-25,2022-11-25,2023-08-31,Prestación de servicios,Contratación directa,294 Dia(s),0,89100000.0,87300000.0,1800000.0,No,No,Mujer,279.0,2022-11-25,2022,False,1
CO1.PCCNTR.7599777,Cerrado,2025-03-05,2025-03-13,2025-11-12,Prestación de servicios,Contratación directa,8 Mes(es),0,51611392.0,51611392.0,0.0,No,No,No definido,244.0,2025-03-05,2025,False,1
CO1.PCCNTR.297397,Cerrado,2018-01-28,2018-01-16,2018-12-31,Prestación de servicios,Contratación directa,No definido,0,98341608.0,98057383.0,284225.0,No,No,No definido,349.0,2018-01-28,2018,False,1
CO1.PCCNTR.5148999,Cerrado,2023-06-29,2023-06-29,2023-12-31,Prestación de servicios,Contratación directa,187 Dia(s),0,25779109.0,24824327.0,954782.0,No,No,No definido,185.0,2023-06-29,2023,False,1
CO1.PCCNTR.451373,Cerrado,2018-07-12,2018-06-19,2018-12-31,Prestación de servicios,Contratación directa,No definido,0,54861183.0,45480773.0,9380410.0,No,No,Mujer,195.0,2018-07-12,2018,False,1
CO1.PCCNTR.909032,Modificado,2019-04-16,2019-04-01,2019-08-31,Prestación de servicios,Mínima cuantía,No definido,0,63842610.0,0.0,63842610.0,No,No,No definido,152.0,2019-04-16,2019,False,0
CO1.PCCNTR.5736615,Cerrado,2024-01-12,2024-01-15,2024-12-31,Prestación de servicios,Contratación directa,351 Dia(s),0,127276100.0,127276100.0,0.0,No,No,No definido,351.0,2024-01-12,2024,False,1
CO1.PCCNTR.1326104,Cerrado,2020-02-11,2020-01-28,2020-12-31,Prestación de servicios,Contratación directa,Dia(s),0,124039909.0,121129882.0,2910027.0,No,No,No definido,338.0,2020-02-11,2020,False,1
CO1.PCCNTR.8579059,En ejecución,2025-11-27,2025-12-05,2025-12-15,Compraventa,Selección abreviada subasta inversa,19 Dia(s),0,1863813000.0,1863813000.0,0.0,No,Si,No definido,10.0,2025-11-27,2025,False,0
CO1.PCCNTR.1321359,Cerrado,2020-02-03,2020-01-27,2020-12-31,Prestación de servicios,Contratación directa,No definido,0,57541095.0,56710057.0,831038.0,No,No,Mujer,339.0,2020-02-03,2020,False,1
CO1.PCCNTR.141204,Cerrado,2017-05-17,2017-04-20,2018-04-30,Prestación de servicios,Contratación directa (con ofertas),No definido,0,88490444.0,63343027.0,25147417.0,No,No,No definido,375.0,2017-05-17,2017,False,1
CO1.PCCNTR.254146,Cerrado,2018-01-10,2017-12-28,2018-12-27,Otro,Contratación directa (con ofertas),Dia(s),0,0.0,0.0,0.0,No,No,No definido,364.0,2018-01-10,2018,True,1
CO1.PCCNTR.3885426,Cerrado,2022-08-22,2022-08-22,2022-09-15,Prestación de servicios,Contratación directa,42 Dia(s),0,12133160.0,10842398.0,1290762.0,No,No,No definido,24.0,2022-08-22,2022,False,1
CO1.PCCNTR.135014,Cerrado,2017-04-19,2017-04-05,2018-04-03,Prestación de servicios,Contratación directa (con ofertas),Dia(s),0,81036636.0,56275442.0,24761194.0,No,No,No definido,363.0,2017-04-19,2017,False,1
CO1.PCCNTR.796500,Cerrado,2019-03-20,2019-01-30,2019-12-31,Prestación de servicios,Contratación directa,No definido,0,119367618.0,116895508.0,2472110.0,No,No,No definido,335.0,2019-03-20,2019,False,1
CO1.PCCNTR.1451509,Cerrado,2020-04-08,2020-03-13,2020-12-31,Prestación de servicios,Contratación directa,No definido,0,42719600.0,42134400.0,585200.0,No,No,No definido,293.0,2020-04-08,2020,False,1
CO1.PCCNTR.2297133,Cerrado,2021-03-16,2021-03-16,2021-12-31,Prestación de servicios,Contratación directa,311 Dia(s),0,113036490.0,107782725.0,5253765.0,No,No,No definido,290.0,2021-03-16,2021,False,1
CO1.PCCNTR.7363979,En ejecución,2025-01-30,2025-02-05,2025-10-04,Prestación de servicios,Contratación directa,8 Mes(es),0,45560000.0,45180332.0,379668.0,No,No,No definido,241.0,2025-01-30,2025,False,1
CO1.PCCNTR.455107,Cerrado,2018-07-12,2018-06-21,2019-04-04,Prestación de servicios,Contratación directa,No definido,0,65278083.0,64368284.0,909799.0,No,No,Mujer,287.0,2018-07-12,2018,False,1
CO1.PCCNTR.72101,Cerrado,2016-11-10,2016-10-19,2017-09-29,Prestación de servicios,Contratación directa (con ofertas),Dia(s),0,65617917.0,0.0,65617917.0,No,No,No definido,345.0,2016-11-10,2016,False,1
CO1.PCCNTR.4245914,Cerrado,2022-11-25,2022-11-25,2024-11-20,Prestación de servicios,Contratación directa,24 Mes(es),0,329691600.0,60981.0,329630618.0,No,No,No definido,726.0,2022-11-25,2022,False,1
CO1.PCCNTR.3423342,Cerrado,2022-02-03,2022-02-03,2022-12-31,Prestación de servicios,Contratación directa,340 Dia(s),0,53220336.0,52594214.0,626122.0,No,No,No definido,331.0,2022-02-03,2022,False,1
CO1.PCCNTR.5451059,Cerrado,2023-10-18,2023-10-18,2024-06-30,Prestación de servicios,Contratación directa,263 Dia(s),0,47096353.0,45042584.0,2053769.0,No,No,Mujer,256.0,2023-10-18,2023,False,1
CO1.PCCNTR.145904,Cerrado,2017-07-25,2017-05-09,2018-10-12,Prestación de servicios,Contratación directa (con ofertas),No definido,0,201021222.0,201021222.0,0.0,No,No,No definido,521.0,2017-07-25,2017,False,1
CO1.PCCNTR.815414,Cerrado,2019-03-12,2019-02-06,2019-12-31,Prestación de servicios,Contratación directa,No definido,0,137186984.0,134296957.0,2890027.0,No,No,No definido,328.0,2019-03-12,2019,False,1
CO1.PCCNTR.6589792,Cerrado,2024-08-02,2024-08-09,2024-12-31,Prestación de servicios,Contratación directa,145 Dia(s),0,37546333.0,36517667.0,1028666.0,No,No,Mujer,144.0,2024-08-02,2024,False,1
CO1.PCCNTR.1320565,Cerrado,2020-02-18,2020-01-27,2020-07-31,Prestación de servicios,Contratación directa,No definido,61,17954000.0,17296000.0,658000.0,No,No,No definido,186.0,2020-02-18,2020,False,1
CO1.PCCNTR.4311156,Cerrado,2022-12-27,2022-12-27,2023-08-31,Prestación de servicios,Contratación directa,262 Dia(s),0,35511200.0,34533333.0,977867.0,No,No,Mujer,247.0,2022-12-27,2022,False,1
CO1.PCCNTR.7270376,Cedido,2025-01-20,2025-01-21,2025-12-31,Prestación de servicios,Contratación directa,345 Dia(s),0,133193000.0,128560201.0,4632799.0,No,No,Mujer,344.0,2025-01-20,2025,False,1
CO1.PCCNTR.6692501,Cerrado,2024-08-29,2024-09-02,2024-12-31,Prestación de servicios,Contratación directa,123 Dia(s),0,16375400.0,15842867.0,532533.0,No,No,Mujer,120.0,2024-08-29,2024,False,1
CO1.PCCNTR.6198391,Cerrado,2024-04-22,2024-04-24,2024-12-31,Prestación de servicios,Contratación directa,247 Dia(s),0,75766402.0,75766402.0,0.0,No,No,No definido,251.0,2024-04-22,2024,False,1
CO1.PCCNTR.535887,Cerrado,2018-09-03,2018-08-16,2018-12-31,Prestación de servicios,Contratación directa,No definido,0,12060000.0,11434664.0,625336.0,Si,No,No definido,137.0,2018-09-03,2018,False,1
CO1.PCCNTR.5362327,Cerrado,2023-09-11,2023-09-11,2024-02-29,Prestación de servicios,Contratación directa,115 Dia(s),0,26749960.0,25567641.0,1182319.0,No,No,Mujer,171.0,2023-09-11,2023,False,1
CO1.PCCNTR.4738143,Cerrado,2023-03-09,2023-03-09,2023-12-31,Prestación de servicios,Contratación directa,299 Dia(s),0,115000000.0,112700000.0,2300000.0,No,No,No definido,297.0,2023-03-09,2023,False,1
CO1.PCCNTR.3151713,Cerrado,2021-12-31,2021-12-31,2022-11-06,Prestación de servicios,Contratación directa,207 Dia(s),0,80801680.0,78994614.0,1807066.0,No,No,Hombre,310.0,2021-12-31,2021,False,1
CO1.PCCNTR.4771558,Cerrado,2023-03-17,2023-03-17,2023-12-31,Prestación de servicios,Contratación directa,292 Dia(s),0,73208179.0,72445594.0,762585.0,No,No,No definido,289.0,2023-03-17,2023,False,1
CO1.PCCNTR.1331512,Cerrado,2020-02-26,2020-01-30,2020-12-31,Prestación de servicios,Contratación directa,No definido,0,67440734.0,65445546.0,1995188.0,No,No,Mujer,336.0,2020-02-26,2020,False,1
CO1.PCCNTR.6974439,Cerrado,2024-10-31,2024-11-01,2025-10-31,Prestación de servicios,Contratación directa,12 Mes(es),0,670260566.0,670260566.0,0.0,Si,No,Hombre,364.0,2024-10-31,2024,False,1
CO1.PCCNTR.109669,Cerrado,2017-02-10,2017-02-06,2018-06-18,Prestación de servicios,Contratación directa (con ofertas),No definido,0,68548765.0,66381214.0,2167551.0,No,No,No definido,497.0,2017-02-10,2017,False,1
CO1.PCCNTR.299582,Cerrado,2018-02-06,2018-01-19,2018-12-31,Prestación de servicios,Contratación directa,No definido,0,40709518.0,40238888.0,470630.0,No,No,No definido,346.0,2018-02-06,2018,False,1
CO1.PCCNTR.684721,Cerrado,2019-01-03,2018-12-10,2019-11-30,Prestación de servicios,Contratación directa,No definido,0,52898560.0,50580988.0,2317572.0,No,No,No definido,355.0,2019-01-03,2019,False,1
CO1.PCCNTR.7307306,Cedido,2025-01-24,2025-01-31,2025-10-30,Prestación de servicios,Contratación directa,9 Mes(es),0,92421000.0,92421000.0,0.0,No,No,Mujer,272.0,2025-01-24,2025,False,1
CO1.PCCNTR.509606,Cerrado,2018-08-09,2018-08-02,2018-08-31,Prestación de servicios,Contratación directa,No definido,0,12288000.0,3803200.0,8484800.0,No,No,Mujer,29.0,2018-08-09,2018,False,1
CO1.PCCNTR.299572,Cerrado,2018-02-02,2018-01-19,2018-12-31,Prestación de servicios,Contratación directa,No definido,0,38942600.0,38492396.0,450204.0,No,No,Mujer,346.0,2018-02-02,2018,False,1
CO1.PCCNTR.1321937,Cerrado,2020-02-11,2020-01-27,2020-12-31,Prestación de servicios,Contratación directa,Dia(s),0,36373333.0,34879992.0,1493341.0,No,No,No definido,339.0,2020-02-11,2020,False,1
CO1.PCCNTR.7711605,Cerrado,2025-03-28,2025-04-03,2025-12-02,Prestación de servicios,Contratación directa,8 Mes(es),0,48880296.0,48880296.0,0.0,No,No,No definido,243.0,2025-03-28,2025,False,1
CO1.PCCNTR.125011,Cerrado,2017-04-24,2017-03-15,2018-02-28,Prestación de servicios,Contratación directa (con ofertas),No definido,0,54298295.0,48299333.0,5998962.0,No,No,No definido,350.0,2017-04-24,2017,False,1
CO1.PCCNTR.664849,Cerrado,2018-12-17,2018-11-28,2018-12-31,Prestación de servicios,Contratación directa,No definido,0,5967563.0,3978375.0,1989188.0,No,No,No definido,33.0,2018-12-17,2018,False,1
CO1.PCCNTR.7177465,Cerrado,2024-12-27,2024-12-31,2025-07-31,Prestación de servicios,Contratación directa,214 Dia(s),0,61866667.0,24000000.0,37866667.0,No,No,Hombre,212.0,2024-12-27,2024,False,1
CO1.PCCNTR.4661251,Cerrado,2023-02-22,2023-02-22,2023-06-20,Prestación de servicios,Contratación directa,4 Mes(es),0,46308720.0,45536908.0,771812.0,No,No,No definido,118.0,2023-02-22,2023,False,1
CO1.PCCNTR.4699961,Cerrado,2023-02-28,2023-02-28,2023-06-27,Prestación de servicios,Contratación directa,4 Mes(es),0,24720000.0,24308000.0,412000.0,No,No,No definido,119.0,2023-02-28,2023,False,1
CO1.PCCNTR.1445835,Cerrado,2020-04-16,2020-03-13,2021-02-28,Prestación de servicios,Contratación directa,Dia(s),0,102885591.0,100856861.0,2028730.0,No,No,Mujer,352.0,2020-04-16,2020,False,1
CO1.PCCNTR.1368041,Cerrado,2020-03-03,2020-02-10,2021-04-30,Prestación de servicios,Contratación directa,Dia(s),0,111373667.0,109913667.0,1460000.0,No,No,No definido,445.0,2020-03-03,2020,False,1
CO1.PCCNTR.8587471,Cedido,2025-11-20,2025-11-26,2026-07-31,Prestación de servicios,Contratación directa,252 Dia(s),0,100208688.0,60993868.0,39214820.0,No,No,Mujer,247.0,2025-11-20,2025,False,1
CO1.PCCNTR.4183755,Modificado,2022-11-11,2022-11-11,2026-10-31,Otro,Contratación directa,1460 Dia(s),92,65783179.0,0.0,65783179.0,No,No,No definido,1450.0,2022-11-11,2022,False,1
CO1.PCCNTR.4512050,Cerrado,2023-02-02,2023-02-02,2023-05-30,Prestación de servicios,Contratación directa,4 Mes(es),0,30900000.0,30900000.0,0.0,No,No,Hombre,117.0,2023-02-02,2023,False,1
CO1.PCCNTR.8329829,En ejecución,2025-09-24,2025-10-01,2025-12-31,Prestación de servicios,Contratación directa,104 Dia(s),0,38420000.0,28815000.0,9605000.0,No,No,Hombre,91.0,2025-09-24,2025,False,1
CO1.PCCNTR.1340982,Cerrado,2020-03-12,2020-02-03,2020-12-31,Prestación de servicios,Contratación directa,Dia(s),0,38941442.0,38354975.0,586467.0,No,No,Hombre,332.0,2020-03-12,2020,False,1
CO1.PCCNTR.9045562,En ejecución,2026-01-23,2026-01-26,2026-12-31,Prestación de servicios,Contratación directa,339 Dia(s),0,116988900.0,42021875.0,74967025.0,No,No,Hombre,339.0,2026-01-23,2026,False,1
CO1.PCCNTR.804011,Cerrado,2019-02-26,2019-02-01,2020-02-29,Prestación de servicios,Contratación directa,No definido,0,192738088.0,189339683.0,3398405.0,No,No,No definido,393.0,2019-02-26,2019,False,1
CO1.PCCNTR.1367398,Cerrado,2020-02-26,2020-02-10,2020-12-31,Prestación de servicios,Contratación directa,No definido,0,81297667.0,79837667.0,1460000.0,No,No,Hombre,325.0,2020-02-26,2020,False,1
CO1.PCCNTR.4668803,Cerrado,2023-02-24,2023-02-24,2023-06-21,Prestación de servicios,Contratación directa,4 Mes(es),0,54511972.0,53603439.0,908533.0,No,No,Hombre,117.0,2023-02-24,2023,False,1
CO1.PCCNTR.135026,Cerrado,2017-05-02,2017-04-10,2017-12-31,Prestación de servicios,Contratación directa (con ofertas),No definido,0,43731108.0,42759304.0,971804.0,No,No,No definido,265.0,2017-05-02,2017,False,1
CO1.PCCNTR.4840659,Cerrado,2023-04-05,2023-04-06,2023-08-04,Prestación de servicios,Contratación directa,4 Mes(es),0,28428000.0,27717300.0,710700.0,No,No,Hombre,120.0,2023-04-05,2023,False,1
CO1.PCCNTR.1483580,Cerrado,2020-04-30,2020-04-01,2021-04-01,Prestación de servicios,Contratación directa,Dia(s),0,147287490.0,147287490.0,0.0,Si,No,Mujer,365.0,2020-04-30,2020,False,1
CO1.PCCNTR.8690013,En ejecución,2025-12-18,2025-12-23,2026-07-31,Prestación de servicios,Contratación directa,233 Dia(s),0,39919040.0,32542987.0,7376053.0,No,No,Hombre,220.0,2025-12-18,2025,False,1
CO1.PCCNTR.6933045,En ejecución,2024-10-28,2024-11-01,2025-10-31,Prestación de servicios,Mínima cuantía,12 Mes(es),0,38400000.0,38400000.0,0.0,Si,No,No definido,364.0,2024-10-28,2024,False,0
CO1.PCCNTR.5952603,Cerrado,2024-02-15,2024-02-20,2024-11-19,Prestación de servicios,Contratación directa,9 Mes(es),0,56700000.0,56490000.0,210000.0,No,No,Hombre,273.0,2024-02-15,2024,False,1
CO1.PCCNTR.2594345,Cerrado,2021-07-09,2021-07-09,2022-05-31,Prestación de servicios,Contratación directa,350 Dia(s),0,61274210.0,57957372.0,3316838.0,No,No,Hombre,326.0,2021-07-09,2021,False,1
CO1.PCCNTR.1341000,Cerrado,2020-02-17,2020-02-03,2020-12-31,Prestación de servicios,Contratación directa,Dia(s),0,43618111.0,42198587.0,1419524.0,No,No,No definido,332.0,2020-02-17,2020,False,1
CO1.PCCNTR.683970,Cerrado,2018-12-26,2018-12-10,2019-11-20,Prestación de servicios,Contratación directa,No definido,0,104699008.0,102649530.0,2049477.0,No,No,No definido,345.0,2018-12-26,2018,False,1
CO1.PCCNTR.196205,Cerrado,2017-10-02,2017-09-01,2018-08-31,Prestación de servicios,Contratación directa (con ofertas),No definido,0,218700.0,215966.0,2733.0,No,No,No definido,364.0,2017-10-02,2017,False,1
CO1.PCCNTR.108846,Cerrado,2017-02-15,2017-02-02,2017-12-31,Prestación de servicios,Contratación directa (con ofertas),No definido,0,75480282.0,73476381.0,2003901.0,No,No,No definido,332.0,2017-02-15,2017,False,1
CO1.PCCNTR.1325747,Cerrado,2020-02-11,2020-01-29,2020-12-31,Prestación de servicios,Contratación directa,Dia(s),0,42394564.0,41275645.0,1118919.0,No,No,No definido,337.0,2020-02-11,2020,False,1
CO1.PCCNTR.7610271,En ejecución,2025-03-07,2025-03-14,2025-11-13,Prestación de servicios,Contratación directa,8 Mes(es),0,34672000.0,34672000.0,0.0,No,No,Mujer,244.0,2025-03-07,2025,False,1
CO1.PCCNTR.6943279,En ejecución,2024-10-24,2024-11-01,2026-10-31,Servicios financieros,Contratación directa,2 Año(s),0,154661582.0,0.0,154661582.0,No,No,No definido,729.0,2024-10-24,2024,False,1
CO1.PCCNTR.2195317,Cerrado,2021-02-20,2021-02-20,2021-12-31,Prestación de servicios,Contratación directa,336 Dia(s),0,36606355.0,36278536.0,327819.0,No,No,Mujer,314.0,2021-02-20,2021,False,1
CO1.PCCNTR.211404,Cerrado,2017-10-18,2017-10-11,2018-11-30,Prestación de servicios,Contratación directa (con ofertas),No definido,0,83135865.0,81391349.0,1744516.0,No,No,No definido,415.0,2017-10-18,2017,False,1
CO1.PCCNTR.5853177,Cerrado,2024-02-02,2024-02-07,2024-12-31,Prestación de servicios,Contratación directa,328 Dia(s),0,34560000.0,34453333.0,106667.0,No,No,Mujer,328.0,2024-02-02,2024,False,1
CO1.PCCNTR.186204,Cerrado,2017-08-31,2017-08-10,2017-08-17,Seguros,Mínima cuantía,No definido,0,10420260.0,10420260.0,0.0,No,No,Hombre,7.0,2017-08-31,2017,False,0
CO1.PCCNTR.3539914,Cerrado,2022-02-03,2022-02-03,2022-12-31,Prestación de servicios,Contratación directa,338 Dia(s),0,118820678.0,118820678.0,0.0,No,No,No definido,331.0,2022-02-03,2022,False,1
CO1.PCCNTR.1466288,Cerrado,2020-04-08,2020-03-24,2020-12-31,Prestación de servicios,Contratación directa,Dia(s),0,33021923.0,33021923.0,0.0,Si,No,Mujer,282.0,2020-04-08,2020,False,1
CO1.PCCNTR.5652636,Cerrado,2023-12-14,2023-12-14,2024-12-21,Prestación de servicios,Contratación directa,314 Dia(s),60,89073427.0,86155952.0,2917475.0,No,No,No definido,373.0,2023-12-14,2023,False,1
CO1.PCCNTR.108870,Cerrado,2017-02-15,2017-02-02,2017-12-31,Prestación de servicios,Contratación directa (con ofertas),No definido,0,63434109.0,61750018.0,1684091.0,No,No,Hombre,332.0,2017-02-15,2017,False,1
CO1.PCCNTR.230252,Cerrado,2017-12-18,2017-11-20,2018-11-30,Prestación de servicios,Contratación directa (con ofertas),No definido,0,147283920.0,142163208.0,5120712.0,No,No,No definido,375.0,2017-12-18,2017,False,1
CO1.PCCNTR.5354897,Cerrado,2023-09-08,2023-09-08,2024-02-29,Prestación de servicios,Contratación directa,117 Dia(s),0,34125022.0,32805270.0,1319752.0,No,No,No definido,174.0,2023-09-08,2023,False,1
CO1.PCCNTR.2163532,Cerrado,2021-02-05,2021-02-05,2021-10-31,Prestación de servicios,Contratación directa,343 Dia(s),0,48276680.0,47763098.0,513582.0,No,No,Hombre,268.0,2021-02-05,2021,False,1
CO1.PCCNTR.1535318,Cerrado,2020-05-19,2020-04-29,2021-02-28,Prestación de servicios,Contratación directa,343 Dia(s),0,150848717.0,147733847.0,3114870.0,No,No,No definido,305.0,2020-05-19,2020,False,1
CO1.PCCNTR.6569928,Cerrado,2024-07-26,2024-07-31,2024-12-31,Prestación de servicios,Contratación directa,155 Dia(s),0,29586746.0,28632335.0,954411.0,No,No,Mujer,153.0,2024-07-26,2024,False,1
CO1.PCCNTR.7681687,Modificado,2025-03-26,2025-03-31,2025-12-30,Prestación de servicios,Contratación directa,9 Mes(es),30,50130000.0,50130000.0,0.0,No,No,No definido,274.0,2025-03-26,2025,False,1
CO1.PCCNTR.4358244,Cerrado,2023-01-11,2023-01-11,2023-12-31,Prestación de servicios,Contratación directa,246 Dia(s),0,65449930.0,65270123.0,179807.0,No,No,No definido,354.0,2023-01-11,2023,False,1
CO1.PCCNTR.1020412,Cerrado,2019-08-01,2019-07-11,2020-10-31,Prestación de servicios,Mínima cuantía,Dia(s),0,23641188.0,16005999.0,7635188.0,Si,No,No definido,478.0,2019-08-01,2019,False,0
CO1.PCCNTR.7598239,En ejecución,2025-03-07,2025-03-13,2025-09-30,Prestación de servicios,Contratación directa,203 Dia(s),0,45907680.0,43700580.0,2207100.0,No,No,No definido,201.0,2025-03-07,2025,False,1
CO1.PCCNTR.3518586,Cerrado,2022-02-03,2022-02-03,2022-12-31,Prestación de servicios,Contratación directa,337 Dia(s),0,168000000.0,166500000.0,1500000.0,No,No,Mujer,331.0,2022-02-03,2022,False,1
CO1.PCCNTR.5024400,Cerrado,2023-06-05,2023-06-05,2024-03-31,Prestación de servicios,Contratación directa,214 Dia(s),0,63448680.0,63028490.0,420190.0,No,No,No definido,300.0,2023-06-05,2023,False,1
CO1.PCCNTR.5899311,Cerrado,2024-02-08,2024-02-13,2024-12-31,Prestación de servicios,Contratación directa,8 Mes(es),0,43672000.0,43534667.0,137333.0,No,No,Mujer,322.0,2024-02-08,2024,False,1
CO1.PCCNTR.3539904,Cerrado,2022-02-07,2022-02-07,2022-12-31,Prestación de servicios,Contratación directa,337 Dia(s),0,128800000.0,127650000.0,1150000.0,No,No,Hombre,327.0,2022-02-07,2022,False,1
CO1.PCCNTR.5524058,Cerrado,2023-11-09,2023-11-09,2024-06-30,Prestación de servicios,Contratación directa,236 Dia(s),0,44569460.0,43479652.0,1089808.0,No,No,No definido,234.0,2023-11-09,2023,False,1
CO1.PCCNTR.1322128,Cerrado,2020-02-11,2020-01-27,2020-12-31,Prestación de servicios,Contratación directa,Dia(s),0,27963963.0,27551516.0,412447.0,No,No,No definido,339.0,2020-02-11,2020,False,1
CO1.PCCNTR.599094,Cerrado,2018-10-25,2018-10-04,2018-12-31,Prestación de servicios,Contratación directa,No definido,0,24420953.0,21903329.0,2517624.0,No,No,No definido,88.0,2018-10-25,2018,False,1
CO1.PCCNTR.5270847,Cerrado,2023-08-11,2023-08-11,2024-03-13,Prestación de servicios,Contratación directa,153 Dia(s),0,52266667.0,51333333.0,933334.0,No,No,Hombre,215.0,2023-08-11,2023,False,1
CO1.PCCNTR.136902,Cerrado,2017-05-09,2017-04-20,2018-03-28,Prestación de servicios,Contratación directa (con ofertas),No definido,0,12142071.0,8066681.0,4075390.0,No,No,No definido,342.0,2017-05-09,2017,False,1
CO1.PCCNTR.3424223,Cerrado,2022-02-03,2022-02-03,2022-12-31,Prestación de servicios,Contratación directa,340 Dia(s),0,43070191.0,42563483.0,506708.0,No,No,No definido,331.0,2022-02-03,2022,False,1
CO1.PCCNTR.8677046,Modificado,2025-12-11,2025-12-16,2026-10-31,Prestación de servicios,Contratación directa,319 Dia(s),92,73233333.0,43420000.0,29813333.0,No,No,No definido,319.0,2025-12-11,2025,False,1
CO1.PCCNTR.458414,Cerrado,2018-07-05,2018-06-29,2018-11-30,Prestación de servicios,Mínima cuantía,No definido,0,24750000.0,10952815.0,13797185.0,Si,No,No definido,154.0,2018-07-05,2018,False,0
CO1.PCCNTR.778892,Cerrado,2019-02-26,2019-01-25,2019-12-31,Prestación de servicios,Contratación directa,No definido,0,112515412.0,87216088.0,25299324.0,Si,No,No definido,340.0,2019-02-26,2019,False,1
CO1.PCCNTR.4512256,Cerrado,2023-02-02,2023-02-02,2023-07-29,Prestación de servicios,Contratación directa,4 Mes(es),0,19096200.0,19096200.0,0.0,No,No,Mujer,177.0,2023-02-02,2023,False,1
CO1.PCCNTR.3422844,Cerrado,2022-02-02,2022-02-02,2022-12-31,Prestación de servicios,Contratación directa,340 Dia(s),0,154450587.0,125377536.0,29073051.0,No,No,No definido,332.0,2022-02-02,2022,False,1
CO1.PCCNTR.796249,Cerrado,2019-03-01,2019-01-30,2019-12-31,Prestación de servicios,Contratación directa,No definido,0,87648560.0,85833353.0,1815207.0,No,No,No definido,335.0,2019-03-01,2019,False,1
CO1.PCCNTR.1445166,Cerrado,2020-04-08,2020-03-12,2021-02-28,Prestación de servicios,Contratación directa,Dia(s),0,157968421.0,155298532.0,2669889.0,No,No,No definido,353.0,2020-04-08,2020,False,1
CO1.PCCNTR.1317771,Cerrado,2020-02-11,2020-01-24,2020-12-31,Prestación de servicios,Contratación directa,No definido,0,80247768.0,80010349.0,237419.0,No,No,No definido,342.0,2020-02-11,2020,False,1
CO1.PCCNTR.2208148,Cerrado,2021-02-17,2021-02-17,2021-10-31,Prestación de servicios,Contratación directa,333 Dia(s),0,40561252.0,39969117.0,592135.0,No,No,No definido,256.0,2021-02-17,2021,False,1
CO1.PCCNTR.790561,Cerrado,2019-03-06,2019-01-30,2019-12-31,Prestación de servicios,Contratación directa,No definido,0,78753769.0,75742596.0,3011173.0,No,No,No definido,335.0,2019-03-06,2019,False,1
CO1.PCCNTR.5436937,Cerrado,2023-10-09,2023-10-09,2023-12-31,Prestación de servicios,Contratación directa,87 Dia(s),0,55645113.0,35817544.0,19827569.0,No,No,No definido,83.0,2023-10-09,2023,False,1
CO1.PCCNTR.1863000,Cerrado,2020-10-23,2020-10-23,2020-12-31,Prestación de servicios,Contratación directa,100 Dia(s),0,49440000.0,49439999.0,1.0,Si,No,Hombre,69.0,2020-10-23,2020,False,1
CO1.PCCNTR.5458559,Cerrado,2023-10-18,2023-10-19,2024-11-30,Prestación de servicios,Contratación directa,403 Dia(s),0,87265239.0,85570768.0,1694471.0,No,No,Hombre,408.0,2023-10-18,2023,False,1
CO1.PCCNTR.591057,Cerrado,2018-10-25,2018-10-01,2019-09-30,Otro,Contratación directa (con ofertas),No definido,0,310873924.0,267676286.0,43197637.0,No,No,Mujer,364.0,2018-10-25,2018,False,1
CO1.PCCNTR.4651279,Cerrado,2023-02-28,2023-02-28,2023-06-17,Prestación de servicios,Contratación directa,4 Mes(es),0,17734780.0,17439199.0,295581.0,No,No,No definido,109.0,2023-02-28,2023,False,1
CO1.PCCNTR.8512953,Terminado,2025-11-07,2025-11-12,2026-07-31,Prestación de servicios,Contratación directa,268 Dia(s),0,94645950.0,35462280.0,59183670.0,No,No,Mujer,261.0,2025-11-07,2025,False,1
CO1.PCCNTR.164002,Cerrado,2017-07-14,2017-06-16,2018-11-30,Otro,Contratación directa (con ofertas),Dia(s),0,519864114.0,485257832.0,34606281.0,No,No,No definido,532.0,2017-07-14,2017,False,1
CO1.PCCNTR.301127,Cerrado,2018-01-28,2018-01-18,2018-12-31,Prestación de servicios,Contratación directa,No definido,0,66000000.0,65466667.0,533333.0,No,No,No definido,347.0,2018-01-28,2018,False,1
CO1.PCCNTR.5243650,Cerrado,2023-07-27,2023-07-27,2023-12-31,Prestación de servicios,Contratación directa,160 Dia(s),0,21798732.0,20868299.0,930433.0,No,No,Mujer,157.0,2023-07-27,2023,False,1
CO1.PCCNTR.3153842,Cerrado,2021-12-31,2021-12-31,2022-11-06,Prestación de servicios,Contratación directa,206 Dia(s),0,107272873.0,105901874.0,1370999.0,No,No,No definido,310.0,2021-12-31,2021,False,1
CO1.PCCNTR.8538317,Modificado,2025-11-11,2025-12-22,2026-10-31,Prestación de servicios,Contratación directa,313 Dia(s),92,87057627.0,52883856.0,34173771.0,No,No,Mujer,313.0,2025-11-11,2025,False,1
CO1.PCCNTR.1674773,Cerrado,2020-07-30,2020-07-30,2020-11-30,Prestación de servicios,Mínima cuantía,128 Dia(s),0,7629747.0,7629747.0,0.0,Si,No,Mujer,123.0,2020-07-30,2020,False,0
CO1.PCCNTR.2472153,Cerrado,2021-05-14,2021-05-14,2021-11-30,Prestación de servicios,Contratación directa,217 Dia(s),0,62500400.0,60248133.0,2252267.0,No,No,No definido,200.0,2021-05-14,2021,False,1
CO1.PCCNTR.517813,Cerrado,2018-08-23,2018-08-09,2018-12-31,Prestación de servicios,Contratación directa,No definido,0,52077487.0,49630893.0,2446594.0,No,No,No definido,144.0,2018-08-23,2018,False,1
CO1.PCCNTR.3151629,Cerrado,2021-12-31,2021-12-31,2022-11-07,Prestación de servicios,Contratación directa,206 Dia(s),0,82092442.0,80285375.0,1807067.0,No,No,Mujer,311.0,2021-12-31,2021,False,1
CO1.PCCNTR.599091,Cerrado,2018-10-19,2018-10-03,2018-12-31,Prestación de servicios,Contratación directa,No definido,0,24420953.0,22155091.0,2265862.0,No,No,No definido,89.0,2018-10-19,2018,False,1
CO1.PCCNTR.245108,Cerrado,2017-12-13,2017-12-06,2018-11-26,Prestación de servicios,Contratación directa (con ofertas),No definido,0,31940166.0,31409716.0,530450.0,No,No,No definido,355.0,2017-12-13,2017,False,1
CO1.PCCNTR.63203,Cerrado,2016-10-18,2016-08-31,2017-06-01,Compraventa,Mínima cuantía,No definido,0,31262000.0,0.0,31262000.0,Si,No,Hombre,274.0,2016-10-18,2016,False,0
CO1.PCCNTR.5173818,En ejecución,2023-07-06,2023-07-11,2023-12-29,Prestación de servicios,Mínima cuantía,6 Mes(es),0,77968800.0,77968800.0,0.0,Si,No,Mujer,171.0,2023-07-06,2023,False,0
CO1.PCCNTR.1350064,Cerrado,2020-02-26,2020-02-05,2020-12-31,Prestación de servicios,Contratación directa,Dia(s),0,114450000.0,113750000.0,700000.0,No,No,No definido,330.0,2020-02-26,2020,False,1
CO1.PCCNTR.2179034,Cerrado,2021-02-11,2021-02-11,2021-12-15,Prestación de servicios,Contratación directa,339 Dia(s),0,112251382.0,110524437.0,1726945.0,No,No,No definido,307.0,2021-02-11,2021,False,1
CO1.PCCNTR.9094738,En ejecución,2026-01-24,2026-01-28,2026-09-30,Prestación de servicios,Contratación directa,245 Dia(s),0,84783333.0,51887400.0,32895933.0,No,No,Hombre,245.0,2026-01-24,2026,False,1
CO1.PCCNTR.3043928,Cerrado,2021-12-13,2021-12-13,2022-10-31,Prestación de servicios,Mínima cuantía,239 Dia(s),0,18610720.0,18485610.0,125110.0,Si,No,Hombre,322.0,2021-12-13,2021,False,0
CO1.PCCNTR.3153278,Cerrado,2021-12-31,2021-12-31,2022-11-06,Prestación de servicios,Contratación directa,206 Dia(s),0,101768090.0,100467539.0,1300551.0,No,No,No definido,310.0,2021-12-31,2021,False,1
CO1.PCCNTR.140807,Cerrado,2017-05-09,2017-04-25,2017-11-30,Prestación de servicios,Contratación directa (con ofertas),No definido,0,50948748.0,44305657.0,6643091.0,No,No,No definido,219.0,2017-05-09,2017,False,1
CO1.PCCNTR.8689744,Terminado,2025-12-14,2025-12-22,2026-07-31,Prestación de servicios,Contratación directa,233 Dia(s),0,39919040.0,0.0,39919040.0,No,No,Hombre,221.0,2025-12-14,2025,False,1
CO1.PCCNTR.484842,Cerrado,2018-07-30,2018-07-25,2018-07-31,Prestación de servicios,Mínima cuantía,No definido,0,9000000.0,8736661.0,263339.0,Si,No,Mujer,6.0,2018-07-30,2018,False,0
CO1.PCCNTR.2416013,Cerrado,2021-05-03,2021-05-03,2021-12-15,Prestación de servicios,Contratación directa,235 Dia(s),0,114124402.0,113207741.0,916661.0,No,No,No definido,226.0,2021-05-03,2021,False,1
CO1.PCCNTR.1445934,Cerrado,2020-04-08,2020-03-13,2021-02-28,Prestación de servicios,Contratación directa,Dia(s),0,111321089.0,109126026.0,2195063.0,No,No,Mujer,352.0,2020-04-08,2020,False,1
CO1.PCCNTR.4226473,Cerrado,2022-11-25,2022-11-25,2023-08-31,Prestación de servicios,Contratación directa,287 Dia(s),0,75587003.0,73779936.0,1807066.0,No,No,No definido,279.0,2022-11-25,2022,False,1
CO1.PCCNTR.7633395,Terminado,2025-03-14,2025-03-19,2025-11-18,Prestación de servicios,Contratación directa,8 Mes(es),0,36193936.0,3016162.0,33177774.0,No,No,Hombre,244.0,2025-03-14,2025,False,1
CO1.PCCNTR.7583208,Cerrado,2025-02-28,2025-03-06,2025-12-05,Prestación de servicios,Contratación directa,9 Mes(es),0,114444000.0,114444000.0,0.0,No,No,Hombre,274.0,2025-02-28,2025,False,1
CO1.PCCNTR.7337809,Cerrado,2025-01-28,2025-01-31,2025-10-30,Prestación de servicios,Contratación directa,9 Mes(es),0,62712000.0,62712000.0,0.0,No,No,No definido,272.0,2025-01-28,2025,False,1
CO1.PCCNTR.6435803,Cerrado,2024-06-21,2024-07-02,2024-12-31,Prestación de servicios,Contratación directa,191 Dia(s),0,76950717.0,69698817.0,7251900.0,No,No,Mujer,182.0,2024-06-21,2024,False,1
CO1.PCCNTR.184016,Cerrado,2017-08-31,2017-08-15,2017-08-31,Prestación de servicios,Mínima cuantía,No definido,0,23328000.0,23328000.0,0.0,Si,No,Mujer,16.0,2017-08-31,2017,False,0
CO1.PCCNTR.5672231,Cerrado,2023-12-21,2023-12-21,2024-12-31,Prestación de servicios,Contratación directa,378 Dia(s),0,96339930.0,94814760.0,1525170.0,No,No,No definido,376.0,2023-12-21,2023,False,1
CO1.PCCNTR.8484288,En ejecución,2025-10-24,2025-11-04,2026-07-31,Prestación de servicios,Contratación directa,269 Dia(s),0,64454000.0,57137600.0,7316400.0,No,No,Mujer,269.0,2025-10-24,2025,False,1
CO1.PCCNTR.5031205,Cerrado,2023-06-08,2023-06-08,2023-12-31,Prestación de servicios,Contratación directa,213 Dia(s),0,27661195.0,27269763.0,391432.0,No,No,No definido,206.0,2023-06-08,2023,False,1
CO1.PCCNTR.5213725,Cerrado,2023-07-14,2023-07-14,2023-12-31,Prestación de servicios,Contratación directa,172 Dia(s),0,23958667.0,23000320.0,958347.0,No,No,Hombre,170.0,2023-07-14,2023,False,1
CO1.PCCNTR.263030,Cerrado,2018-02-13,2017-12-26,2018-10-31,Prestación de servicios,Contratación directa (con ofertas),No definido,0,3965000000.0,3965000000.0,0.0,No,No,Hombre,309.0,2018-02-13,2018,False,1
CO1.PCCNTR.3541863,Cerrado,2022-02-03,2022-02-03,2022-12-31,Prestación de servicios,Contratación directa,338 Dia(s),0,102694490.0,102694490.0,0.0,No,No,Mujer,331.0,2022-02-03,2022,False,1
CO1.PCCNTR.1350705,Cerrado,2020-03-16,2020-02-04,2020-12-31,Prestación de servicios,Contratación directa,Dia(s),0,111539057.0,111197958.0,341098.0,No,No,No definido,331.0,2020-03-16,2020,False,1
CO1.PCCNTR.160506,Cerrado,2017-07-14,2017-06-27,2017-11-30,Prestación de servicios,Contratación directa (con ofertas),No definido,0,77215667.0,67842667.0,9373000.0,No,No,No definido,156.0,2017-07-14,2017,False,1
CO1.PCCNTR.4651302,Cerrado,2023-02-22,2023-02-22,2023-06-17,Prestación de servicios,Contratación directa,4 Mes(es),0,44000000.0,43266667.0,733333.0,No,No,No definido,115.0,2023-02-22,2023,False,1
CO1.PCCNTR.3992924,Cerrado,2022-09-28,2022-09-28,2022-12-31,Prestación de servicios,Contratación directa,120 Dia(s),0,19191158.0,18269982.0,921175.0,No,No,No definido,94.0,2022-09-28,2022,False,1
CO1.PCCNTR.3151803,Cerrado,2021-12-31,2021-12-31,2022-11-06,Prestación de servicios,Contratación directa,207 Dia(s),0,95735713.0,94818119.0,917594.0,No,No,Hombre,310.0,2021-12-31,2021,False,1
CO1.PCCNTR.3997522,Cerrado,2022-09-28,2022-09-28,2022-12-31,Prestación de servicios,Contratación directa,116 Dia(s),0,22035233.0,20272414.0,1762818.0,No,No,No definido,94.0,2022-09-28,2022,False,1
CO1.PCCNTR.5953196,Cerrado,2024-02-16,2024-02-21,2024-12-31,Prestación de servicios,Contratación directa,310 Dia(s),0,77936501.0,77685093.0,251408.0,No,No,Mujer,314.0,2024-02-16,2024,False,1
CO1.PCCNTR.5412840,Cerrado,2023-09-29,2023-09-29,2023-12-31,Prestación de servicios,Contratación directa,95 Dia(s),0,21803050.0,19686249.0,2116801.0,No,No,No definido,93.0,2023-09-29,2023,False,1
CO1.PCCNTR.1320589,Cerrado,2020-02-03,2020-01-27,2020-12-31,Prestación de servicios,Contratación directa,No definido,0,40712550.0,40126083.0,586467.0,No,No,No definido,339.0,2020-02-03,2020,False,1
CO1.PCCNTR.1998827,Cerrado,2020-12-02,2020-12-02,2021-04-30,Prestación de servicios,Contratación directa,348 Dia(s),0,29950504.0,28730879.0,1219625.0,No,No,No definido,149.0,2020-12-02,2020,False,1
CO1.PCCNTR.1317750,Cerrado,2020-02-11,2020-01-24,2020-12-31,Prestación de servicios,Contratación directa,No definido,0,80247768.0,80010349.0,237419.0,No,No,Hombre,342.0,2020-02-11,2020,False,1
CO1.PCCNTR.5354427,Cerrado,2023-09-05,2023-09-05,2023-12-31,Prestación de servicios,Contratación directa,117 Dia(s),0,15200000.0,14693333.0,506667.0,No,No,Mujer,117.0,2023-09-05,2023,False,1
CO1.PCCNTR.299581,Cerrado,2018-02-02,2018-01-18,2018-12-31,Prestación de servicios,Contratación directa,No definido,0,56628021.0,56137026.0,490995.0,No,No,Mujer,347.0,2018-02-02,2018,False,1
CO1.PCCNTR.2162377,Cerrado,2021-02-05,2021-02-05,2021-10-31,Prestación de servicios,Contratación directa,343 Dia(s),0,118092315.0,116423166.0,1669149.0,No,No,No definido,268.0,2021-02-05,2021,False,1
CO1.PCCNTR.589521,Cerrado,2018-10-18,2018-09-27,2018-12-31,Prestación de servicios,Contratación directa,No definido,0,14324749.0,13073072.0,1251677.0,No,No,No definido,95.0,2018-10-18,2018,False,1
CO1.PCCNTR.7098871,Modificado,2024-12-06,2024-12-12,2026-11-30,Prestación de servicios,Contratación directa,722 Dia(s),122,337411966.0,232641796.0,104770170.0,Si,No,Mujer,718.0,2024-12-06,2024,False,1
CO1.PCCNTR.8582959,En ejecución,2025-11-18,2025-11-26,2026-07-31,Prestación de servicios,Contratación directa,247 Dia(s),0,108297933.0,94946133.0,13351800.0,Si,No,No definido,247.0,2025-11-18,2025,False,1
CO1.PCCNTR.94505,Cerrado,2018-04-23,2016-12-20,2017-12-31,Compraventa,Mínima cuantía,No definido,0,5214200.0,0.0,5214200.0,Si,No,Hombre,376.0,2018-04-23,2018,False,0
CO1.PCCNTR.5020075,Cerrado,2023-06-01,2023-06-01,2024-03-31,Prestación de servicios,Contratación directa,215 Dia(s),0,165018608.0,163925770.0,1092838.0,No,No,Hombre,304.0,2023-06-01,2023,False,1
CO1.PCCNTR.5196233,Cerrado,2023-07-14,2023-07-14,2023-12-31,Prestación de servicios,Contratación directa,178 Dia(s),0,38737458.0,36197297.0,2540161.0,No,No,Mujer,170.0,2023-07-14,2023,False,1
CO1.PCCNTR.233311,Cerrado,2017-12-26,2017-11-20,2019-11-19,Otro,Contratación directa (con ofertas),No definido,0,0.0,0.0,0.0,No,No,No definido,729.0,2017-12-26,2017,True,1
CO1.PCCNTR.9177774,En ejecución,2026-01-27,2026-01-29,2026-12-31,Prestación de servicios,Contratación directa,338 Dia(s),0,108434341.0,49200059.0,59234282.0,No,No,Hombre,336.0,2026-01-27,2026,False,1
CO1.PCCNTR.2678240,Cerrado,2021-08-18,2021-08-18,2022-07-23,Prestación de servicios,Mínima cuantía,1 Año(s),0,24890016.0,24890015.0,0.0,Si,No,Mujer,339.0,2021-08-18,2021,False,0
CO1.PCCNTR.3124498,Cerrado,2021-12-23,2021-12-23,2022-07-31,Prestación de servicios,Contratación directa,223 Dia(s),0,57402679.0,56402259.0,1000420.0,No,No,Mujer,220.0,2021-12-23,2021,False,1
CO1.PCCNTR.5848832,Cerrado,2024-01-31,2024-02-05,2024-12-31,Prestación de servicios,Contratación directa,326 Dia(s),0,64700133.0,64501666.0,198467.0,No,No,Hombre,330.0,2024-01-31,2024,False,1
CO1.PCCNTR.1611240,Cerrado,2020-06-16,2020-06-16,2021-04-12,Otro,Contratación directa,213 Dia(s),0,386353968.0,315709731.0,70644237.0,No,No,No definido,300.0,2020-06-16,2020,False,1
CO1.PCCNTR.8382704,En ejecución,2025-10-14,2025-11-04,2026-07-31,Prestación de servicios,Contratación directa,269 Dia(s),0,64454000.0,49821200.0,14632800.0,No,No,Mujer,269.0,2025-10-14,2025,False,1
CO1.PCCNTR.9044756,En ejecución,2026-01-24,2026-01-26,2026-12-31,Prestación de servicios,Contratación directa,339 Dia(s),0,104029380.0,46334925.0,57694455.0,No,No,Hombre,339.0,2026-01-24,2026,False,1
CO1.PCCNTR.9488238,En ejecución,2026-05-12,2026-05-15,2026-12-31,Prestación de servicios,Mínima cuantía,239 Dia(s),0,3204795.0,0.0,3204795.0,Si,No,Hombre,230.0,2026-05-12,2026,False,0
CO1.PCCNTR.8712269,Modificado,2025-12-19,2025-12-23,2026-10-31,Prestación de servicios,Contratación directa,312 Dia(s),92,60500000.0,34466667.0,26033333.0,No,No,Mujer,312.0,2025-12-19,2025,False,1
CO1.PCCNTR.7490054,En ejecución,2025-02-17,2025-02-20,2025-10-19,Prestación de servicios,Contratación directa,8 Mes(es),0,64184000.0,63649133.0,534867.0,No,No,No definido,241.0,2025-02-17,2025,False,1
CO1.PCCNTR.8655217,En ejecución,2025-12-03,2025-12-09,2026-07-31,Prestación de servicios,Contratación directa,235 Dia(s),0,78254119.0,68089151.0,10164968.0,Si,No,No definido,234.0,2025-12-03,2025,False,1
CO1.PCCNTR.52101,Cedido,2016-07-27,2016-07-27,2017-04-03,Prestación de servicios,Contratación directa (con ofertas),No definido,0,56842786.0,8056458.0,48786328.0,No,No,No definido,250.0,2016-07-27,2016,False,1
CO1.PCCNTR.1309017,Cerrado,2020-02-07,2020-01-24,2020-12-31,Prestación de servicios,Contratación directa,No definido,0,71185000.0,69534333.0,1650667.0,No,No,Mujer,342.0,2020-02-07,2020,False,1
CO1.PCCNTR.260053,Cerrado,2017-12-29,2017-12-18,2018-07-31,Prestación de servicios,Contratación directa,No definido,0,18240000.0,17840000.0,400000.0,No,No,Mujer,225.0,2017-12-29,2017,False,1
CO1.PCCNTR.5116591,Cerrado,2023-06-30,2023-06-30,2023-12-31,Prestación de servicios,Contratación directa,192 Dia(s),0,82551911.0,79588509.0,2963402.0,No,No,Mujer,184.0,2023-06-30,2023,False,1
CO1.PCCNTR.122421,Cerrado,2017-04-03,2017-03-08,2017-12-31,Prestación de servicios,Contratación directa (con ofertas),No definido,0,32344719.0,31907628.0,437091.0,No,No,No definido,298.0,2017-04-03,2017,False,1
CO1.PCCNTR.237646,Modificado,2017-12-29,2017-12-01,2026-12-31,Otro,Contratación directa (con ofertas),Dia(s),730,0.0,0.0,0.0,Si,No,No definido,3317.0,2017-12-29,2017,True,1
CO1.PCCNTR.8494635,Modificado,2025-10-27,2025-11-05,2026-10-31,Prestación de servicios,Contratación directa,367 Dia(s),92,101066667.0,65333333.0,35733334.0,No,No,Mujer,360.0,2025-10-27,2025,False,1
CO1.PCCNTR.184714,Cerrado,2017-08-16,2017-08-08,2017-12-31,Prestación de servicios,Contratación directa (con ofertas),No definido,0,64844313.0,62233132.0,2611181.0,No,No,No definido,145.0,2017-08-16,2017,False,1
CO1.PCCNTR.6795170,Cerrado,2024-09-20,2024-09-26,2024-12-31,Prestación de servicios,Contratación directa,102 Dia(s),0,22033773.0,0.0,22033773.0,No,No,Mujer,96.0,2024-09-20,2024,False,1
CO1.PCCNTR.234220,Cerrado,2017-12-26,2017-11-23,2017-12-31,Prestación de servicios,Contratación directa (con ofertas),No definido,0,6346152.0,4590833.0,1755319.0,No,No,No definido,38.0,2017-12-26,2017,False,1
CO1.PCCNTR.2177862,Cerrado,2021-02-11,2021-02-11,2022-06-17,Prestación de servicios,Contratación directa,339 Dia(s),0,126820467.0,125817934.0,1002533.0,No,No,No definido,491.0,2021-02-11,2021,False,1
CO1.PCCNTR.63002,Cerrado,2016-11-08,2016-08-31,2017-03-31,Prestación de servicios,Mínima cuantía,No definido,0,57768037.0,0.0,57768037.0,Si,No,Hombre,212.0,2016-11-08,2016,False,0
CO1.PCCNTR.8702340,Modificado,2025-12-18,2025-12-22,2026-11-30,Prestación de servicios,Selección abreviada subasta inversa,343 Dia(s),122,1588721520.0,631968814.0,956752706.0,Si,No,Mujer,343.0,2025-12-18,2025,False,0
CO1.PCCNTR.109787,Cerrado,2017-02-11,2017-02-03,2018-05-31,Prestación de servicios,Contratación directa (con ofertas),No definido,0,110995486.0,108266089.0,2729397.0,Si,No,No definido,482.0,2017-02-11,2017,False,1
CO1.PCCNTR.1988653,Cerrado,2020-12-02,2020-12-02,2021-04-30,Prestación de servicios,Contratación directa,353 Dia(s),0,42170163.0,40492941.0,1677222.0,No,No,No definido,149.0,2020-12-02,2020,False,1
CO1.PCCNTR.2213153,Cerrado,2021-02-20,2021-02-20,2021-12-15,Prestación de servicios,Contratación directa,332 Dia(s),0,29041880.0,28493920.0,547960.0,No,No,No definido,298.0,2021-02-20,2021,False,1
CO1.PCCNTR.3543653,Cerrado,2022-02-03,2022-02-03,2022-12-31,Prestación de servicios,Contratación directa,337 Dia(s),0,49785172.0,49635999.0,149173.0,No,No,Hombre,331.0,2022-02-03,2022,False,1
CO1.PCCNTR.5951057,Cerrado,2024-02-15,2024-02-23,2024-06-16,Prestación de servicios,Contratación directa,4 Mes(es),0,27324696.0,27096990.0,227706.0,No,No,No definido,114.0,2024-02-15,2024,False,1
CO1.PCCNTR.3447814,Cerrado,2022-02-02,2022-02-02,2022-12-31,Prestación de servicios,Contratación directa,339 Dia(s),0,35123000.0,34495000.0,628000.0,No,No,Hombre,332.0,2022-02-02,2022,False,1
CO1.PCCNTR.679747,Cerrado,2018-12-24,2018-12-12,2019-12-30,Otro,Contratación directa (con ofertas),Dia(s),0,118892900.0,118892900.0,0.0,Si,No,Hombre,383.0,2018-12-24,2018,False,1
CO1.PCCNTR.2177455,Cerrado,2021-02-11,2021-02-11,2022-06-17,Prestación de servicios,Contratación directa,339 Dia(s),0,126820467.0,125817934.0,1002533.0,No,No,Hombre,491.0,2021-02-11,2021,False,1
CO1.PCCNTR.147303,Cerrado,2017-07-25,2017-05-09,2018-10-12,Prestación de servicios,Contratación directa (con ofertas),No definido,0,234757761.0,174352255.0,60405506.0,No,No,No definido,521.0,2017-07-25,2017,False,1
CO1.PCCNTR.4357071,Cerrado,2023-01-11,2023-01-11,2023-12-31,Prestación de servicios,Contratación directa,246 Dia(s),0,79729531.0,78646249.0,1083282.0,No,No,No definido,354.0,2023-01-11,2023,False,1
CO1.PCCNTR.9065501,En ejecución,2026-01-23,2026-01-23,2026-12-31,Prestación de servicios,Contratación directa,339 Dia(s),0,148200000.0,68466667.0,79733333.0,No,No,Mujer,342.0,2026-01-23,2026,False,1
CO1.PCCNTR.128715,Cerrado,2017-04-10,2017-03-27,2018-04-30,Prestación de servicios,Contratación directa (con ofertas),No definido,0,112486514.0,109218931.0,3267583.0,No,No,No definido,399.0,2017-04-10,2017,False,1
CO1.PCCNTR.2194776,Cerrado,2021-02-20,2021-02-20,2021-12-31,Prestación de servicios,Contratación directa,336 Dia(s),0,36606355.0,36278536.0,327818.0,No,No,No definido,314.0,2021-02-20,2021,False,1
CO1.PCCNTR.2195144,Cerrado,2021-02-17,2021-02-17,2021-11-16,Prestación de servicios,Contratación directa,336 Dia(s),0,45746667.0,45120000.0,626667.0,No,No,No definido,272.0,2021-02-17,2021,False,1
CO1.PCCNTR.2554903,Cerrado,2021-07-09,2021-07-09,2022-10-20,Prestación de servicios,Contratación directa,339 Dia(s),0,124382832.0,124136041.0,246791.0,No,No,No definido,468.0,2021-07-09,2021,False,1
CO1.PCCNTR.8382237,En ejecución,2025-10-03,2025-11-04,2026-07-31,Prestación de servicios,Contratación directa,269 Dia(s),0,64454000.0,49821200.0,14632800.0,No,No,Mujer,269.0,2025-10-03,2025,False,1
CO1.PCCNTR.8554364,En ejecución,2025-11-10,2025-11-18,2026-07-31,Prestación de servicios,Contratación directa,263 Dia(s),0,64454000.0,46569466.0,17884534.0,No,No,Hombre,255.0,2025-11-10,2025,False,1
CO1.PCCNTR.1445518,Cerrado,2020-04-08,2020-03-12,2021-02-28,Prestación de servicios,Contratación directa,Dia(s),0,177518093.0,174517787.0,3000306.0,No,No,No definido,353.0,2020-04-08,2020,False,1
CO1.PCCNTR.5195648,Cerrado,2023-07-14,2023-07-14,2023-12-31,Prestación de servicios,Contratación directa,178 Dia(s),0,24824327.0,23733148.0,1091179.0,No,No,Hombre,170.0,2023-07-14,2023,False,1
CO1.PCCNTR.4172586,Cerrado,2022-11-25,2022-11-25,2022-12-31,Prestación de servicios,Contratación directa,61 Dia(s),0,12894432.0,11052370.0,1842062.0,No,No,Mujer,36.0,2022-11-25,2022,False,1
CO1.PCCNTR.451564,Cerrado,2018-07-13,2018-07-05,2019-06-30,Prestación de servicios,Mínima cuantía,No definido,0,47079073.0,30021967.0,17057106.0,Si,No,Mujer,360.0,2018-07-13,2018,False,0
CO1.PCCNTR.4660798,Cerrado,2023-02-24,2023-02-24,2023-06-20,Prestación de servicios,Contratación directa,4 Mes(es),0,23943456.0,23544398.0,399058.0,No,No,No definido,116.0,2023-02-24,2023,False,1
CO1.PCCNTR.308254,Cerrado,2018-01-28,2018-01-22,2019-06-20,Prestación de servicios,Contratación directa,No definido,0,79095000.0,75105000.0,3990000.0,No,No,No definido,514.0,2018-01-28,2018,False,1
CO1.PCCNTR.689158,Cerrado,2018-12-21,2018-12-13,2019-09-30,Prestación de servicios,Contratación directa,No definido,0,48706613.0,47390218.0,1316395.0,No,No,No definido,291.0,2018-12-21,2018,False,1
CO1.PCCNTR.8512110,Modificado,2025-10-29,2025-11-20,2028-07-31,Otro,Contratación directa,272 Dia(s),730,0.0,0.0,0.0,No,Si,No definido,984.0,2025-10-29,2025,True,1
CO1.PCCNTR.1988452,Cerrado,2020-12-07,2020-12-07,2021-11-30,Prestación de servicios,Contratación directa,353 Dia(s),0,40211200.0,39593200.0,618000.0,No,No,Hombre,358.0,2020-12-07,2020,False,1
CO1.PCCNTR.3096102,Cerrado,2021-12-13,2021-12-13,2022-12-09,Prestación de servicios,Contratación directa,240 Dia(s),0,93278501.0,92772926.0,505575.0,No,No,No definido,361.0,2021-12-13,2021,False,1
CO1.PCCNTR.8400882,Cedido,2025-10-15,2025-11-07,2026-07-31,Prestación de servicios,Contratación directa,266 Dia(s),0,63757200.0,19858800.0,43898400.0,No,No,Mujer,266.0,2025-10-15,2025,False,1
CO1.PCCNTR.593364,Cerrado,2018-10-19,2018-10-03,2019-03-29,Prestación de servicios,Contratación directa,Dia(s),0,27207696.0,4255952.0,22951743.0,No,No,No definido,177.0,2018-10-19,2018,False,1
CO1.PCCNTR.2581124,Cerrado,2021-07-09,2021-07-09,2022-10-31,Prestación de servicios,Contratación directa,356 Dia(s),0,83864145.0,82548659.0,1315486.0,Si,No,No definido,479.0,2021-07-09,2021,False,1
CO1.PCCNTR.81403,Cerrado,2016-12-02,2016-11-22,2016-12-31,Compraventa,Mínima cuantía,Dia(s),0,4297771.0,0.0,4297771.0,Si,No,No definido,39.0,2016-12-02,2016,False,0
CO1.PCCNTR.2194471,Cerrado,2021-02-11,2021-02-11,2021-10-29,Prestación de servicios,Contratación directa,336 Dia(s),0,91666667.0,90333334.0,1333333.0,No,No,Hombre,260.0,2021-02-11,2021,False,1
CO1.PCCNTR.7531637,Cerrado,2025-02-21,2025-02-25,2025-10-24,Prestación de servicios,Contratación directa,8 Mes(es),0,82424000.0,81737133.0,686867.0,No,No,Hombre,241.0,2025-02-21,2025,False,1
CO1.PCCNTR.1325952,Cerrado,2020-02-11,2020-01-29,2020-12-31,Prestación de servicios,Contratación directa,Dia(s),0,91079304.0,88675451.0,2403853.0,No,No,No definido,337.0,2020-02-11,2020,False,1
CO1.PCCNTR.685306,Cerrado,2019-01-03,2018-12-07,2019-11-30,Prestación de servicios,Contratación directa,No definido,0,123115042.0,121756530.0,1358512.0,No,No,No definido,358.0,2019-01-03,2019,False,1
CO1.PCCNTR.9683614,Aprobado,2026-07-30,,2026-12-30,Compraventa,Selección abreviada subasta inversa,5 Mes(es),0,12893263000.0,0.0,12893263000.0,No,Si,No definido,,2026-07-30,2026,False,0
CO1.PCCNTR.3899413,Cerrado,2022-08-22,2022-08-22,2022-09-15,Prestación de servicios,Contratación directa,38 Dia(s),0,12133160.0,9809825.0,2323335.0,No,No,No definido,24.0,2022-08-22,2022,False,1
CO1.PCCNTR.122226,Cerrado,2017-04-03,2017-03-10,2017-12-31,Prestación de servicios,Contratación directa (con ofertas),No definido,0,135454770.0,131336213.0,4118557.0,No,No,No definido,296.0,2017-04-03,2017,False,1
CO1.PCCNTR.8630682,Modificado,2025-11-27,2025-12-03,2026-10-31,Prestación de servicios,Contratación directa,332 Dia(s),91,51430133.0,31349267.0,20080866.0,No,No,Mujer,332.0,2025-11-27,2025,False,1
CO1.PCCNTR.6784084,Cerrado,2024-09-18,2024-09-23,2025-01-31,Prestación de servicios,Contratación directa,134 Dia(s),0,37590783.0,36177596.0,1413187.0,No,No,No definido,130.0,2024-09-18,2024,False,1
CO1.PCCNTR.5111539,Cerrado,2023-06-30,2023-06-30,2024-03-31,Prestación de servicios,Contratación directa,193 Dia(s),0,83180566.0,81137534.0,2043032.0,No,No,No definido,275.0,2023-06-30,2023,False,1
CO1.PCCNTR.1998629,Cerrado,2020-12-02,2020-12-02,2021-04-30,Prestación de servicios,Contratación directa,348 Dia(s),0,53859674.0,50542449.0,3317225.0,No,No,Mujer,149.0,2020-12-02,2020,False,1
CO1.PCCNTR.122329,Cerrado,2017-04-03,2017-03-13,2017-12-31,Prestación de servicios,Contratación directa (con ofertas),No definido,0,135454770.0,130878595.0,4576175.0,No,No,No definido,293.0,2017-04-03,2017,False,1
CO1.PCCNTR.3045748,Modificado,2021-12-02,2021-12-02,2022-10-31,Prestación de servicios,Contratación directa,287 Dia(s),46,50510667.0,50510667.0,0.0,No,No,Mujer,333.0,2021-12-02,2021,False,1
CO1.PCCNTR.4188874,Cerrado,2022-11-24,2022-11-24,2023-08-31,Prestación de servicios,Contratación directa,302 Dia(s),0,23282133.0,23282133.0,0.0,No,No,Hombre,280.0,2022-11-24,2022,False,1
CO1.PCCNTR.61802,Cerrado,2016-11-08,2016-09-01,2017-10-30,Prestación de servicios,Licitación pública,No definido,0,908925213.0,0.0,908925213.0,No,No,Mujer,424.0,2016-11-08,2016,False,0
CO1.PCCNTR.7730620,En ejecución,2025-04-02,2025-04-07,2025-12-06,Prestación de servicios,Contratación directa,8 Mes(es),0,26384000.0,26384000.0,0.0,No,No,Mujer,243.0,2025-04-02,2025,False,1
CO1.PCCNTR.4310778,Cerrado,2022-12-27,2022-12-27,2023-12-31,Prestación de servicios,Contratación directa,261 Dia(s),0,193330475.0,189761296.0,3569179.0,No,No,Mujer,369.0,2022-12-27,2022,False,1
CO1.PCCNTR.1946414,Cerrado,2020-11-06,2020-11-06,2020-12-30,Compraventa,Mínima cuantía,1 Año(s),0,11680268.0,11680268.0,0.0,No,No,Mujer,54.0,2020-11-06,2020,False,0
CO1.PCCNTR.813772,Cerrado,2019-03-20,2019-02-05,2020-02-29,Prestación de servicios,Contratación directa,No definido,0,118734382.0,116907699.0,1826683.0,No,No,Mujer,389.0,2019-03-20,2019,False,1
CO1.PCCNTR.1779628,Cerrado,2020-09-14,2020-09-14,2022-10-31,Prestación de servicios,Selección abreviada subasta inversa,22 Mes(es),0,591461640.0,370977863.0,220483776.0,No,No,Mujer,777.0,2020-09-14,2020,False,0
CO1.PCCNTR.92701,Cerrado,2016-12-27,2016-12-16,2017-09-12,Prestación de servicios,Contratación directa (con ofertas),No definido,0,125310651.0,0.0,125310651.0,No,No,No definido,270.0,2016-12-27,2016,False,1
CO1.PCCNTR.67301,Cerrado,2016-10-06,2016-09-20,2017-09-15,Prestación de servicios,Contratación directa (con ofertas),Dia(s),0,26835867.0,802922.0,26032945.0,No,No,No definido,360.0,2016-10-06,2016,False,1
CO1.PCCNTR.9288486,En ejecución,2026-01-30,2026-02-04,2026-12-31,Prestación de servicios,Contratación directa,11 Mes(es),0,110000000.0,48333333.0,61666667.0,No,No,Mujer,330.0,2026-01-30,2026,False,1
CO1.PCCNTR.813920,Cerrado,2019-03-27,2019-02-05,2020-02-29,Prestación de servicios,Contratación directa,No definido,0,83313171.0,81612902.0,1700269.0,No,No,No definido,389.0,2019-03-27,2019,False,1
CO1.PCCNTR.811634,Cerrado,2019-03-28,2019-02-04,2019-12-31,Prestación de servicios,Contratación directa,No definido,0,37921108.0,37010090.0,911018.0,No,No,Hombre,330.0,2019-03-28,2019,False,1
CO1.PCCNTR.3885327,Cerrado,2022-08-18,2022-08-18,2022-09-15,Prestación de servicios,Contratación directa,41 Dia(s),0,9501592.0,7950311.0,1551281.0,No,No,Mujer,28.0,2022-08-18,2022,False,1
CO1.PCCNTR.6692432,Cerrado,2024-08-30,2024-09-04,2024-12-31,Prestación de servicios,Contratación directa,122 Dia(s),0,23007633.0,21030415.0,1977218.0,No,No,Mujer,118.0,2024-08-30,2024,False,1
CO1.PCCNTR.3423157,Cerrado,2022-02-02,2022-02-02,2023-06-15,Prestación de servicios,Contratación directa,340 Dia(s),0,54588610.0,53302798.0,1285812.0,Si,No,Mujer,498.0,2022-02-02,2022,False,1
CO1.PCCNTR.7372806,En ejecución,2025-02-04,2025-02-06,2025-10-05,Prestación de servicios,Contratación directa,8 Mes(es),0,101712000.0,100864400.0,847600.0,No,No,No definido,241.0,2025-02-04,2025,False,1
CO1.PCCNTR.3544025,Cerrado,2022-02-03,2022-02-03,2022-12-31,Prestación de servicios,Contratación directa,337 Dia(s),0,94642507.0,94359146.0,283361.0,No,No,No definido,331.0,2022-02-03,2022,False,1
CO1.PCCNTR.5004810,Cerrado,2023-05-31,2023-05-31,2023-12-31,Prestación de servicios,Contratación directa,220 Dia(s),0,73538667.0,72526667.0,1012000.0,No,No,Mujer,214.0,2023-05-31,2023,False,1
CO1.PCCNTR.847887,Cerrado,2019-04-03,2019-02-20,2020-02-28,Prestación de servicios,Contratación directa,Dia(s),0,145510000.0,144030000.0,1480000.0,No,No,No definido,373.0,2019-04-03,2019,False,1
CO1.PCCNTR.2516324,Cerrado,2021-05-27,2021-05-27,2021-12-15,Prestación de servicios,Contratación directa,201 Dia(s),0,59148127.0,58597912.0,550215.0,No,No,Mujer,202.0,2021-05-27,2021,False,1
CO1.PCCNTR.4261591,Cerrado,2022-12-06,2022-12-06,2023-12-31,Prestación de servicios,Contratación directa,280 Dia(s),0,39040743.0,38667241.0,373502.0,No,No,Mujer,390.0,2022-12-06,2022,False,1
CO1.PCCNTR.9184819,Cedido,2026-01-28,2026-01-30,2026-12-31,Prestación de servicios,Contratación directa,333 Dia(s),0,53604907.0,19419742.0,34185165.0,No,No,Mujer,335.0,2026-01-28,2026,False,1
CO1.PCCNTR.6487271,Cerrado,2024-07-04,2024-07-09,2024-12-31,Prestación de servicios,Contratación directa,178 Dia(s),0,36140867.0,33241867.0,2899000.0,No,No,Hombre,175.0,2024-07-04,2024,False,1
CO1.PCCNTR.7506962,Cerrado,2025-02-21,2025-02-25,2025-11-24,Prestación de servicios,Contratación directa,9 Mes(es),2,155057391.0,153908818.0,1148573.0,No,No,No definido,272.0,2025-02-21,2025,False,1
CO1.PCCNTR.657537,Cerrado,2018-11-28,2018-11-20,2019-12-31,Prestación de servicios,Contratación directa,No definido,0,105949670.0,104170285.0,1779385.0,No,No,No definido,406.0,2018-11-28,2018,False,1
CO1.PCCNTR.246249,Cerrado,2017-12-13,2017-12-06,2018-07-31,Prestación de servicios,Contratación directa (con ofertas),Dia(s),0,55898048.0,54733505.0,1164543.0,No,No,No definido,237.0,2017-12-13,2017,False,1
CO1.PCCNTR.8583909,En ejecución,2025-11-18,2025-11-21,2026-07-31,Prestación de servicios,Contratación directa,259 Dia(s),0,40089500.0,33082867.0,7006633.0,No,No,Hombre,252.0,2025-11-18,2025,False,1
CO1.PCCNTR.1379282,Cerrado,2020-03-03,2020-02-14,2020-12-31,Prestación de servicios,Contratación directa,Dia(s),0,33842710.0,33524440.0,318270.0,No,No,No definido,321.0,2020-03-03,2020,False,1
CO1.PCCNTR.8546764,Modificado,2025-11-11,2025-11-25,2026-10-31,Prestación de servicios,Contratación directa,336 Dia(s),91,201574609.0,129214493.0,72360116.0,No,No,No definido,340.0,2025-11-11,2025,False,1
CO1.PCCNTR.9135384,Terminado,2026-01-27,2026-01-29,2026-12-31,Prestación de servicios,Contratación directa,335 Dia(s),0,154686000.0,54229000.0,100457000.0,No,No,Mujer,336.0,2026-01-27,2026,False,1
CO1.PCCNTR.5484859,Cerrado,2023-10-25,2023-10-25,2024-08-31,Prestación de servicios,Contratación directa,312 Dia(s),0,152486693.0,151991607.0,495086.0,No,No,Hombre,311.0,2023-10-25,2023,False,1
CO1.PCCNTR.4650154,Cerrado,2023-02-22,2023-02-22,2023-06-17,Prestación de servicios,Contratación directa,4 Mes(es),0,11287976.0,11099843.0,188133.0,No,No,Hombre,115.0,2023-02-22,2023,False,1
CO1.PCCNTR.4350044,Cerrado,2022-12-29,2022-12-29,2024-11-30,Prestación de servicios,Mínima cuantía,23 Mes(es),0,97843301.0,43652912.0,54190389.0,Si,No,Mujer,702.0,2022-12-29,2022,False,0
CO1.PCCNTR.2172614,Cerrado,2021-02-05,2021-02-05,2022-06-15,Prestación de servicios,Contratación directa,340 Dia(s),0,90337867.0,89445198.0,892669.0,No,No,Mujer,495.0,2021-02-05,2021,False,1
CO1.PCCNTR.2093050,Cerrado,2021-01-12,2021-01-12,2022-11-30,Prestación de servicios,Selección abreviada subasta inversa,20 Mes(es),0,1630674338.8,1622969815.0,7704523.0,No,Si,No definido,687.0,2021-01-12,2021,False,0
CO1.PCCNTR.1326286,Cerrado,2020-03-03,2020-01-28,2020-12-31,Prestación de servicios,Contratación directa,Dia(s),0,42394564.0,41399970.0,994594.0,No,No,No definido,338.0,2020-03-03,2020,False,1
CO1.PCCNTR.8634433,En ejecución,2025-12-01,2025-12-05,2026-07-31,Prestación de servicios,Contratación directa,242 Dia(s),0,36188900.0,31060333.0,5128567.0,No,No,Mujer,238.0,2025-12-01,2025,False,1
CO1.PCCNTR.4585458,Cerrado,2023-02-10,2023-02-10,2023-06-08,Prestación de servicios,Contratación directa,4 Mes(es),0,23359468.0,22969872.0,389596.0,No,No,Mujer,118.0,2023-02-10,2023,False,1
CO1.PCCNTR.3996900,Cerrado,2022-09-14,2022-09-16,2022-10-31,Prestación de servicios,Mínima cuantía,1 Mes(es),0,4760896.0,535000.0,4225896.0,Si,No,Hombre,45.0,2022-09-14,2022,False,0
CO1.PCCNTR.7038639,Cerrado,2024-11-22,2024-11-27,2025-05-31,Prestación de servicios,Contratación directa,190 Dia(s),0,41716500.0,40245000.0,1471500.0,No,No,Hombre,185.0,2024-11-22,2024,False,1
CO1.PCCNTR.4358235,Cerrado,2023-01-11,2023-01-11,2023-12-31,Prestación de servicios,Contratación directa,246 Dia(s),0,85041241.0,84575261.0,465980.0,No,No,Hombre,354.0,2023-01-11,2023,False,1
CO1.PCCNTR.3342843,Cerrado,2022-02-02,2022-02-02,2022-12-31,Prestación de servicios,Contratación directa,344 Dia(s),0,131979852.0,131208040.0,771812.0,No,No,No definido,332.0,2022-02-02,2022,False,1
CO1.PCCNTR.4486781,Cerrado,2023-01-27,2023-01-27,2023-05-26,Prestación de servicios,Contratación directa,4 Mes(es),0,15201244.0,15201244.0,0.0,No,No,No definido,119.0,2023-01-27,2023,False,1
CO1.PCCNTR.655242,Cerrado,2018-12-18,2018-11-26,2022-11-26,Otro,Contratación directa (con ofertas),Dia(s),0,410925454.0,51262.0,410874192.0,No,No,No definido,1461.0,2018-12-18,2018,False,1
CO1.PCCNTR.5968438,Modificado,2024-02-19,2024-02-23,2024-12-31,Prestación de servicios,Contratación directa,312 Dia(s),74,107933467.0,107583031.0,350436.0,No,No,No definido,312.0,2024-02-19,2024,False,1
CO1.PCCNTR.4736974,Cerrado,2023-03-09,2023-03-09,2023-07-07,Prestación de servicios,Contratación directa,4 Mes(es),0,45808380.0,45808380.0,0.0,No,No,Hombre,120.0,2023-03-09,2023,False,1
CO1.PCCNTR.4184670,Modificado,2022-11-11,2022-11-11,2026-10-31,Otro,Contratación directa,1450 Dia(s),123,403799861.0,0.0,403799861.0,No,No,No definido,1450.0,2022-11-11,2022,False,1
CO1.PCCNTR.9779468,Aprobado,2026-08-06,,2026-12-31,Prestación de servicios,Contratación directa,143 Dia(s),0,21389700.0,0.0,21389700.0,No,No,Mujer,,2026-08-06,2026,False,1
CO1.PCCNTR.325735,Cerrado,2018-02-02,2018-01-26,2019-12-31,Prestación de servicios,Contratación directa,No definido,0,191999952.0,71172396.0,120827556.0,No,No,No definido,704.0,2018-02-02,2018,False,1
CO1.PCCNTR.3153857,Cerrado,2021-12-31,2021-12-31,2022-09-30,Prestación de servicios,Contratación directa,153 Dia(s),0,54626310.0,54271593.0,354717.0,Si,No,No definido,273.0,2021-12-31,2021,False,1
CO1.PCCNTR.127411,Cerrado,2017-04-18,2017-03-22,2018-02-28,Prestación de servicios,Contratación directa (con ofertas),No definido,0,97602377.0,95078177.0,2524200.0,No,No,No definido,343.0,2017-04-18,2017,False,1
CO1.PCCNTR.4468298,Cerrado,2023-01-25,2023-01-26,2023-05-24,Prestación de servicios,Contratación directa,4 Mes(es),0,63660492.0,63660492.0,0.0,No,No,No definido,118.0,2023-01-25,2023,False,1
CO1.PCCNTR.4575831,Cerrado,2023-02-08,2023-02-08,2023-06-07,Prestación de servicios,Contratación directa,4 Mes(es),0,13940000.0,13707667.0,232333.0,No,No,No definido,119.0,2023-02-08,2023,False,1
CO1.PCCNTR.3900176,Cerrado,2022-08-22,2022-08-22,2022-09-15,Prestación de servicios,Contratación directa,38 Dia(s),0,11100550.0,9809789.0,1290761.0,No,No,No definido,24.0,2022-08-22,2022,False,1
CO1.PCCNTR.7656919,Cerrado,2025-03-19,2025-03-25,2025-11-24,Prestación de servicios,Contratación directa,8 Mes(es),5,36193936.0,36193936.0,0.0,No,No,Hombre,244.0,2025-03-19,2025,False,1
CO1.PCCNTR.658042,Cerrado,2018-12-12,2018-12-05,2018-12-30,Compraventa,Selección abreviada subasta inversa,No definido,0,1456000000.0,1456000000.0,0.0,No,No,Hombre,25.0,2018-12-12,2018,False,0
CO1.PCCNTR.2177252,Cerrado,2021-02-05,2021-02-05,2021-12-31,Prestación de servicios,Contratación directa,339 Dia(s),0,84964700.0,46367167.0,38597533.0,No,No,Mujer,329.0,2021-02-05,2021,False,1
CO1.PCCNTR.8561921,Modificado,2025-11-12,2025-11-19,2026-10-31,Prestación de servicios,Contratación directa,346 Dia(s),91,99485200.0,53352950.0,46132250.0,No,No,Mujer,346.0,2025-11-12,2025,False,1
CO1.PCCNTR.226425,Cerrado,2017-11-20,2017-11-07,2018-11-30,Prestación de servicios,Contratación directa (con ofertas),No definido,0,40784947.0,40173019.0,611928.0,No,No,No definido,388.0,2017-11-20,2017,False,1
CO1.PCCNTR.863565,Cerrado,2019-04-09,2019-02-25,2019-12-31,Prestación de servicios,Contratación directa,No definido,0,39215457.0,38087856.0,1127601.0,No,No,No definido,309.0,2019-04-09,2019,False,1
CO1.PCCNTR.6072191,Cerrado,2024-03-11,2024-03-14,2024-12-31,Prestación de servicios,Contratación directa,287 Dia(s),0,121975000.0,121975000.0,0.0,No,No,No definido,292.0,2024-03-11,2024,False,1
CO1.PCCNTR.7776844,En ejecución,2025-04-15,2025-04-21,2025-09-30,Prestación de servicios,Contratación directa,165 Dia(s),0,44533333.0,42666667.0,1866666.0,No,No,Hombre,162.0,2025-04-15,2025,False,1
CO1.PCCNTR.8716151,Modificado,2025-12-19,2025-12-23,2026-11-27,Prestación de servicios,Contratación directa,339 Dia(s),119,74670000.0,39400000.0,35270000.0,No,No,Mujer,339.0,2025-12-19,2025,False,1
CO1.PCCNTR.1317368,Cerrado,2020-02-11,2020-01-24,2021-03-31,Prestación de servicios,Contratación directa,Dia(s),0,215521967.0,213521763.0,2000204.0,No,No,Mujer,432.0,2020-02-11,2020,False,1
CO1.PCCNTR.5054738,En ejecución,2023-06-14,2023-06-21,2023-11-30,Prestación de servicios,Mínima cuantía,6 Mes(es),0,68320975.0,27796003.0,40524971.0,Si,No,Hombre,162.0,2023-06-14,2023,False,0
CO1.PCCNTR.607134,Cerrado,2018-10-25,2018-10-11,2019-09-30,Prestación de servicios,Contratación directa,No definido,0,63975746.0,63796642.0,179104.0,No,No,Hombre,354.0,2018-10-25,2018,False,1
CO1.PCCNTR.5840750,Cerrado,2024-01-30,2024-02-01,2024-09-29,Prestación de servicios,Contratación directa,8 Mes(es),0,43312000.0,43312000.0,0.0,No,No,No definido,241.0,2024-01-30,2024,False,1
CO1.PCCNTR.7437938,Cerrado,2025-02-12,2025-02-14,2025-11-13,Prestación de servicios,Contratación directa,9 Mes(es),0,155057391.0,153908818.0,1148573.0,No,No,Hombre,272.0,2025-02-12,2025,False,1
CO1.PCCNTR.9229852,En ejecución,2026-01-30,2026-02-03,2026-12-31,Prestación de servicios,Contratación directa,330 Dia(s),0,59150000.0,25550000.0,33600000.0,No,No,Hombre,331.0,2026-01-30,2026,False,1
CO1.PCCNTR.8672513,En ejecución,2025-12-11,2025-12-16,2026-07-31,Prestación de servicios,Contratación directa,240 Dia(s),0,80190303.0,65830269.0,14360034.0,No,No,No definido,227.0,2025-12-11,2025,False,1
CO1.PCCNTR.696975,Cerrado,2019-01-18,2018-12-20,2019-07-12,Prestación de servicios,Contratación directa,No definido,0,84097170.0,80252905.0,3844265.0,No,No,No definido,204.0,2019-01-18,2019,False,1
CO1.PCCNTR.6198267,Cerrado,2024-04-12,2024-04-19,2024-12-31,Prestación de servicios,Contratación directa,252 Dia(s),0,144720232.0,144720232.0,0.0,No,No,No definido,256.0,2024-04-12,2024,False,1
CO1.PCCNTR.5369823,Cerrado,2023-09-13,2023-09-13,2024-06-30,Prestación de servicios,Contratación directa,293 Dia(s),0,44442674.0,43538755.0,903919.0,No,No,Mujer,291.0,2023-09-13,2023,False,1
CO1.PCCNTR.2475551,Cerrado,2021-05-11,2021-05-11,2021-08-26,Prestación de servicios,Mínima cuantía,4 Mes(es),0,8880000.0,8880000.0,0.0,Si,No,Hombre,107.0,2021-05-11,2021,False,0
CO1.PCCNTR.3543770,Cerrado,2022-02-03,2022-02-03,2022-10-31,Prestación de servicios,Contratación directa,272 Dia(s),0,83100000.0,62400000.0,20700000.0,Si,No,Hombre,270.0,2022-02-03,2022,False,1
CO1.PCCNTR.4087579,Cerrado,2022-10-13,2022-10-13,2022-12-20,Prestación de servicios,Mínima cuantía,2 Mes(es),0,52500000.0,52500000.0,0.0,Si,No,Mujer,68.0,2022-10-13,2022,False,0
CO1.PCCNTR.109775,Cerrado,2017-02-15,2017-02-06,2017-12-06,Prestación de servicios,Contratación directa (con ofertas),No definido,0,63434109.0,61001533.0,2432576.0,No,No,No definido,303.0,2017-02-15,2017,False,1
CO1.PCCNTR.5213737,Cerrado,2023-07-14,2023-07-14,2023-12-31,Prestación de servicios,Contratación directa,172 Dia(s),0,24871000.0,24578400.0,292600.0,No,No,Mujer,170.0,2023-07-14,2023,False,1
CO1.PCCNTR.5989749,Cerrado,2024-02-23,2024-02-27,2024-12-31,Prestación de servicios,Contratación directa,308 Dia(s),0,116705449.0,109732482.0,6972967.0,No,No,Mujer,308.0,2024-02-23,2024,False,1
CO1.PCCNTR.8471303,Modificado,2025-10-22,2025-11-04,2026-10-31,Prestación de servicios,Contratación directa,361 Dia(s),92,65831600.0,43533800.0,22297800.0,No,No,Mujer,361.0,2025-10-22,2025,False,1
CO1.PCCNTR.5867297,Cerrado,2024-02-08,2024-02-13,2024-12-31,Prestación de servicios,Contratación directa,322 Dia(s),0,48897800.0,48744033.0,153767.0,No,No,Mujer,322.0,2024-02-08,2024,False,1
CO1.PCCNTR.4222972,Cerrado,2022-11-25,2022-12-25,2023-10-31,Prestación de servicios,Contratación directa,349 Dia(s),0,234946636.0,214873380.0,20073255.0,No,No,Hombre,310.0,2022-11-25,2022,False,1
CO1.PCCNTR.4357235,Cerrado,2023-01-11,2023-01-11,2023-12-31,Prestación de servicios,Contratación directa,246 Dia(s),0,65629738.0,65270122.0,359616.0,No,No,No definido,354.0,2023-01-11,2023,False,1
CO1.PCCNTR.299832,Cerrado,2018-02-07,2018-01-19,2018-12-31,Prestación de servicios,Contratación directa,No definido,0,118633873.0,117262384.0,1371489.0,No,No,No definido,346.0,2018-02-07,2018,False,1
CO1.PCCNTR.131608,Cerrado,2017-04-10,2017-03-31,2018-03-30,Prestación de servicios,Contratación directa (con ofertas),No definido,0,88109276.0,61631611.0,26477665.0,No,No,No definido,364.0,2017-04-10,2017,False,1
CO1.PCCNTR.2539974,Cerrado,2021-06-16,2021-06-16,2022-08-31,Prestación de servicios,Contratación directa,340 Dia(s),0,88276183.0,87530450.0,745733.0,No,No,No definido,441.0,2021-06-16,2021,False,1
CO1.PCCNTR.2398875,Cerrado,2021-04-14,2021-04-14,2021-12-31,Prestación de servicios,Contratación directa,275 Dia(s),0,24772041.0,24772040.0,0.0,Si,No,Hombre,261.0,2021-04-14,2021,False,1
CO1.PCCNTR.6142002,Cerrado,2024-03-22,2024-03-27,2024-12-31,Prestación de servicios,Contratación directa,274 Dia(s),0,66143600.0,66143600.0,0.0,No,No,Mujer,279.0,2024-03-22,2024,False,1
CO1.PCCNTR.6675624,Cerrado,2024-08-29,2024-09-04,2025-03-02,Prestación de servicios,Contratación directa,188 Dia(s),0,19541500.0,18705500.0,836000.0,No,No,Mujer,179.0,2024-08-29,2024,False,1
CO1.PCCNTR.3425799,Cerrado,2022-01-31,2022-01-31,2022-12-31,Prestación de servicios,Contratación directa,341 Dia(s),0,87771793.0,86997336.0,774457.0,No,No,No definido,334.0,2022-01-31,2022,False,1
CO1.PCCNTR.2041975,Cerrado,2021-01-12,2021-01-12,2021-11-30,Prestación de servicios,Contratación directa,361 Dia(s),0,132439236.0,131359862.0,1079374.0,No,No,No definido,322.0,2021-01-12,2021,False,1
CO1.PCCNTR.803651,Cerrado,2019-02-26,2019-02-01,2020-04-30,Prestación de servicios,Contratación directa,No definido,0,190398905.0,187073160.0,3325745.0,No,No,No definido,454.0,2019-02-26,2019,False,1
CO1.PCCNTR.6572406,Cerrado,2024-07-26,2024-07-31,2024-12-31,Prestación de servicios,Contratación directa,152 Dia(s),0,24081833.0,18022533.0,6059300.0,No,No,No definido,153.0,2024-07-26,2024,False,1
CO1.PCCNTR.1934125,Cerrado,2020-11-13,2020-11-13,2020-12-31,Prestación de servicios,Contratación directa,61 Dia(s),0,30600000.0,29248395.0,1351604.0,No,No,No definido,48.0,2020-11-13,2020,False,1
CO1.PCCNTR.4640948,Cerrado,2023-02-19,2023-02-19,2023-06-16,Prestación de servicios,Contratación directa,4 Mes(es),0,22660000.0,22282333.0,377667.0,No,No,No definido,117.0,2023-02-19,2023,False,1
CO1.PCCNTR.7152334,En ejecución,2024-12-19,2024-12-31,2026-06-30,Prestación de servicios,Mínima cuantía,559 Dia(s),0,24770157.0,17669612.0,7100544.0,Si,No,Hombre,546.0,2024-12-19,2024,False,0
CO1.PCCNTR.2340889,Cerrado,2021-03-23,2021-03-23,2021-11-30,Prestación de servicios,Contratación directa,265 Dia(s),0,76698333.0,72731667.0,3966666.0,No,No,No definido,252.0,2021-03-23,2021,False,1
CO1.PCCNTR.8578044,En ejecución,2025-11-12,2025-11-12,2025-12-31,Prestación de servicios,Contratación directa,50 Dia(s),0,19348910.0,18961932.0,386978.0,No,No,Mujer,49.0,2025-11-12,2025,False,1
CO1.PCCNTR.8358462,Modificado,2025-09-26,2025-11-04,2026-10-31,Prestación de servicios,Contratación directa,361 Dia(s),92,106888000.0,61633000.0,45255000.0,No,No,No definido,361.0,2025-09-26,2025,False,1
CO1.PCCNTR.3858682,Cerrado,2022-08-22,2022-08-22,2024-10-31,Prestación de servicios,Contratación directa,27 Mes(es),0,78500000.0,0.0,78500000.0,No,No,No definido,801.0,2022-08-22,2022,False,1
CO1.PCCNTR.4682380,Cerrado,2023-02-24,2023-02-24,2023-06-23,Prestación de servicios,Contratación directa,4 Mes(es),0,24661760.0,24250731.0,411029.0,No,No,Mujer,119.0,2023-02-24,2023,False,1
CO1.PCCNTR.8733869,Modificado,2025-12-26,2025-12-30,2026-10-31,Prestación de servicios,Contratación directa,305 Dia(s),92,66020533.0,39570667.0,26449866.0,No,No,No definido,305.0,2025-12-26,2025,False,1
CO1.PCCNTR.316281,Cerrado,2018-02-02,2018-01-24,2021-01-23,Otro,Contratación directa,Dia(s),0,0.0,0.0,0.0,No,No,No definido,1095.0,2018-02-02,2018,True,1
CO1.PCCNTR.109621,Cedido,2017-02-15,2017-02-01,2017-12-31,Prestación de servicios,Contratación directa (con ofertas),No definido,0,74638850.0,46152425.0,28486425.0,No,No,No definido,333.0,2017-02-15,2017,False,1
CO1.PCCNTR.2045779,Cerrado,2021-01-21,2021-01-22,2021-12-31,Prestación de servicios,Contratación directa,361 Dia(s),0,86741437.0,86295466.0,445971.0,No,No,Mujer,343.0,2021-01-21,2021,False,1
CO1.PCCNTR.8230121,En ejecución,2025-08-26,2025-08-28,2025-12-31,Prestación de servicios,Contratación directa,126 Dia(s),0,42000000.0,31000000.0,11000000.0,No,No,Hombre,125.0,2025-08-26,2025,False,1
CO1.PCCNTR.7282257,Cerrado,2025-01-20,2025-01-22,2025-09-30,Prestación de servicios,Contratación directa,252 Dia(s),0,79215600.0,78584400.0,631200.0,No,No,Mujer,251.0,2025-01-20,2025,False,1
CO1.PCCNTR.2218248,Cerrado,2021-02-17,2021-02-17,2021-11-30,Prestación de servicios,Contratación directa,331 Dia(s),0,41855824.0,40336306.0,1519518.0,No,No,Mujer,286.0,2021-02-17,2021,False,1
CO1.PCCNTR.7330446,En ejecución,2025-01-27,2025-01-30,2025-10-29,Prestación de servicios,Contratación directa,9 Mes(es),0,62712000.0,62712000.0,0.0,No,No,Mujer,272.0,2025-01-27,2025,False,1
CO1.PCCNTR.144411,Modificado,2017-05-16,2017-04-26,2018-09-14,Prestación de servicios,Contratación directa (con ofertas),No definido,0,149798616.0,144562936.0,5235680.0,No,No,No definido,506.0,2017-05-16,2017,False,1
CO1.PCCNTR.299539,Cerrado,2018-02-02,2018-01-18,2018-12-31,Prestación de servicios,Contratación directa,No definido,0,139649002.0,138438173.0,1210829.0,No,No,No definido,347.0,2018-02-02,2018,False,1
CO1.PCCNTR.7101338,Cerrado,2024-12-05,2024-12-12,2024-12-31,Prestación de servicios,Contratación directa,26 Dia(s),0,6943500.0,4886167.0,2057333.0,No,No,Hombre,19.0,2024-12-05,2024,False,1
CO1.PCCNTR.5250152,Cerrado,2023-08-11,2023-08-11,2023-12-31,Prestación de servicios,Contratación directa,158 Dia(s),0,33293376.0,6987499.0,26305877.0,No,No,Hombre,142.0,2023-08-11,2023,False,1
CO1.PCCNTR.5195677,Cerrado,2023-07-14,2023-07-14,2023-12-31,Prestación de servicios,Contratación directa,178 Dia(s),0,27346466.0,25277003.0,2069463.0,No,No,Mujer,170.0,2023-07-14,2023,False,1
CO1.PCCNTR.8479419,En ejecución,2025-10-22,2025-10-24,2025-12-31,Prestación de servicios,Contratación directa,69 Dia(s),0,22145733.0,20050867.0,2094866.0,No,No,Hombre,68.0,2025-10-22,2025,False,1
CO1.PCCNTR.8723303,Modificado,2025-12-23,2025-12-26,2026-10-31,Prestación de servicios,Contratación directa,314 Dia(s),92,92207733.0,54371733.0,37836000.0,No,No,Hombre,309.0,2025-12-23,2025,False,1
CO1.PCCNTR.9295694,Cedido,2026-01-30,2026-02-04,2026-12-31,Prestación de servicios,Contratación directa,330 Dia(s),0,97020000.0,41454000.0,55566000.0,No,No,Mujer,330.0,2026-01-30,2026,False,1
CO1.PCCNTR.8364011,En ejecución,2025-09-25,2025-10-01,2025-12-31,Prestación de servicios,Contratación directa,96 Dia(s),0,38924000.0,31560000.0,7364000.0,No,No,Mujer,91.0,2025-09-25,2025,False,1
CO1.PCCNTR.310781,Cerrado,2018-01-29,2018-01-23,2019-01-31,Prestación de servicios,Contratación directa,No definido,0,36906667.0,36053333.0,853334.0,No,No,No definido,373.0,2018-01-29,2018,False,1
CO1.PCCNTR.5173938,Cerrado,2023-07-14,2023-07-14,2023-12-15,Prestación de servicios,Contratación directa,169 Dia(s),0,31261187.0,29422293.0,1838894.0,No,No,Mujer,154.0,2023-07-14,2023,False,1
CO1.PCCNTR.210820,Cerrado,2017-10-20,2017-10-05,2017-10-13,Prestación de servicios,Contratación directa (con ofertas),No definido,0,6000000.0,6000000.0,0.0,Si,No,No definido,8.0,2017-10-20,2017,False,1
CO1.PCCNTR.4662121,Cerrado,2023-02-24,2023-02-24,2023-06-20,Prestación de servicios,Contratación directa,4 Mes(es),0,51921040.0,51055688.0,865352.0,No,No,No definido,116.0,2023-02-24,2023,False,1
CO1.PCCNTR.7041687,Cerrado,2024-11-21,2024-11-27,2024-12-31,Prestación de servicios,Contratación directa,41 Dia(s),0,9511845.0,7520994.0,1990851.0,No,No,No definido,34.0,2024-11-21,2024,False,1
CO1.PCCNTR.7586485,En ejecución,2025-03-04,2025-03-06,2025-12-05,Prestación de servicios,Contratación directa,9 Mes(es),0,51055380.0,51055380.0,0.0,No,No,No definido,274.0,2025-03-04,2025,False,1
CO1.PCCNTR.616257,Cerrado,2018-11-13,2018-10-22,2018-12-31,Prestación de servicios,Contratación directa,No definido,0,29867128.0,27849079.0,2018049.0,No,No,No definido,70.0,2018-11-13,2018,False,1
CO1.PCCNTR.9770844,Aprobado,2026-08-06,,2026-12-31,Prestación de servicios,Contratación directa,146 Dia(s),0,21770800.0,0.0,21770800.0,No,No,Hombre,,2026-08-06,2026,False,1
CO1.PCCNTR.9114807,En ejecución,2026-01-24,2026-01-26,2026-12-31,Prestación de servicios,Contratación directa,335 Dia(s),0,96900000.0,43916666.0,52983334.0,No,No,Mujer,339.0,2026-01-24,2026,False,1
CO1.PCCNTR.88001,Cerrado,2016-12-19,2016-12-02,2016-12-31,Prestación de servicios,Mínima cuantía,No definido,0,8500000.0,8500000.0,0.0,Si,No,Hombre,29.0,2016-12-19,2016,False,0
CO1.PCCNTR.9007338,En ejecución,2026-01-22,2026-01-27,2026-12-31,Prestación de servicios,Contratación directa,343 Dia(s),0,53680130.0,24385664.0,29294466.0,No,No,Hombre,338.0,2026-01-22,2026,False,1
CO1.PCCNTR.324823,Cerrado,2018-02-06,2018-01-25,2018-12-31,Prestación de servicios,Contratación directa,No definido,0,70451892.0,41096937.0,29354955.0,No,No,No definido,340.0,2018-02-06,2018,False,1
CO1.PCCNTR.266943,Modificado,2018-01-10,2017-12-28,2018-10-31,Prestación de servicios,Contratación directa,No definido,0,48566027.0,48406270.0,159757.0,No,No,No definido,307.0,2018-01-10,2018,False,1
CO1.PCCNTR.2506416,Cerrado,2021-05-27,2021-05-27,2021-12-15,Prestación de servicios,Contratación directa,204 Dia(s),0,97027781.0,95263240.0,1764541.0,No,No,No definido,202.0,2021-05-27,2021,False,1
CO1.PCCNTR.5185741,Cerrado,2023-07-14,2023-07-14,2023-12-31,Prestación de servicios,Contratación directa,180 Dia(s),0,31639600.0,29929352.0,1710248.0,No,No,No definido,170.0,2023-07-14,2023,False,1
CO1.PCCNTR.5234815,Cerrado,2023-08-16,2023-08-16,2023-12-31,Prestación de servicios,Contratación directa,165 Dia(s),0,41083056.0,33502254.0,7580802.0,No,No,No definido,137.0,2023-08-16,2023,False,1
CO1.PCCNTR.6584942,Cerrado,2024-07-31,2024-08-05,2025-03-16,Prestación de servicios,Contratación directa,5 Mes(es),0,42395620.0,41265070.0,1130550.0,No,No,No definido,223.0,2024-07-31,2024,False,1
CO1.PCCNTR.7504922,En ejecución,2025-02-18,2025-02-20,2025-12-31,Prestación de servicios,Contratación directa,311 Dia(s),0,44929133.0,44640200.0,288933.0,No,No,Hombre,314.0,2025-02-18,2025,False,1
CO1.PCCNTR.652113,Cerrado,2018-11-28,2018-11-19,2019-10-31,Prestación de servicios,Contratación directa,No definido,0,58415021.0,57756823.0,658198.0,No,No,No definido,346.0,2018-11-28,2018,False,1
CO1.PCCNTR.4183893,Modificado,2022-11-11,2022-11-11,2026-10-31,Prestación de servicios,Contratación directa,1460 Dia(s),92,1802982883.58,0.0,1802982883.0,No,No,No definido,1450.0,2022-11-11,2022,False,1
CO1.PCCNTR.2176815,Cerrado,2021-02-20,2021-02-20,2021-12-31,Prestación de servicios,Contratación directa,339 Dia(s),0,58205926.0,57178764.0,1027162.0,No,No,Mujer,314.0,2021-02-20,2021,False,1
CO1.PCCNTR.7796729,En ejecución,2025-04-22,2025-04-24,2025-07-31,Prestación de servicios,Contratación directa,99 Dia(s),0,22600000.0,19400000.0,3200000.0,No,No,Hombre,98.0,2025-04-22,2025,False,1
CO1.PCCNTR.5246899,En ejecución,2023-08-04,2023-08-23,2023-12-15,Prestación de servicios,Mínima cuantía,4 Mes(es),0,30000000.0,28478749.0,1521250.0,Si,No,Hombre,114.0,2023-08-04,2023,False,0
CO1.PCCNTR.110646,Cerrado,2017-02-15,2017-02-06,2018-06-15,Prestación de servicios,Contratación directa (con ofertas),No definido,0,62737389.0,52344530.0,10392859.0,No,No,No definido,494.0,2017-02-15,2017,False,1
CO1.PCCNTR.314902,Cerrado,2018-02-16,2018-01-23,2018-12-31,Prestación de servicios,Contratación directa,No definido,0,122808000.0,0.0,122808000.0,No,No,No definido,342.0,2018-02-16,2018,False,1
CO1.PCCNTR.6570038,Cerrado,2024-07-26,2024-07-30,2025-03-17,Prestación de servicios,Contratación directa,230 Dia(s),0,44284678.0,43521149.0,763529.0,No,No,No definido,230.0,2024-07-26,2024,False,1
CO1.PCCNTR.135718,Cerrado,2017-04-24,2017-04-10,2018-09-14,Prestación de servicios,Contratación directa (con ofertas),No definido,0,92546049.0,91323624.0,1222425.0,No,No,Hombre,522.0,2017-04-24,2017,False,1
CO1.PCCNTR.642317,Cerrado,2018-11-19,2018-11-08,2019-12-31,Prestación de servicios,Contratación directa,No definido,0,44364712.0,43625299.0,739412.0,No,No,No definido,418.0,2018-11-19,2018,False,1
CO1.PCCNTR.808574,Cerrado,2019-03-28,2019-02-01,2019-12-31,Prestación de servicios,Contratación directa,No definido,0,66185159.0,64238537.0,1946622.0,No,No,No definido,333.0,2019-03-28,2019,False,1
CO1.PCCNTR.5270915,Cerrado,2023-08-11,2023-08-11,2024-03-13,Prestación de servicios,Contratación directa,153 Dia(s),0,76405960.0,75041566.0,1364394.0,No,No,No definido,215.0,2023-08-11,2023,False,1
CO1.PCCNTR.684265,Cerrado,2019-01-03,2018-12-10,2019-11-30,Prestación de servicios,Contratación directa,No definido,0,104577349.0,102587565.0,1989784.0,No,No,No definido,355.0,2019-01-03,2019,False,1
CO1.PCCNTR.4232126,Cerrado,2022-11-25,2022-11-25,2023-08-31,Prestación de servicios,Contratación directa,287 Dia(s),0,52302370.0,51220252.0,1082118.0,No,No,No definido,279.0,2022-11-25,2022,False,1
CO1.PCCNTR.7609832,En ejecución,2025-03-13,2025-03-19,2025-11-18,Prestación de servicios,Contratación directa,8 Mes(es),0,55744000.0,55744000.0,0.0,No,No,Hombre,244.0,2025-03-13,2025,False,1
CO1.PCCNTR.7553928,En ejecución,2025-02-26,2025-03-03,2025-08-31,Prestación de servicios,Contratación directa,178 Dia(s),0,83066667.0,83066666.0,0.0,No,No,Hombre,181.0,2025-02-26,2025,False,1
CO1.PCCNTR.3148368,Cerrado,2021-12-31,2021-12-31,2022-11-07,Prestación de servicios,Contratación directa,207 Dia(s),0,82092442.0,79565375.0,2527067.0,No,No,Hombre,311.0,2021-12-31,2021,False,1
CO1.PCCNTR.7061551,En ejecución,2024-12-04,2024-12-13,2024-12-31,Compraventa,Selección abreviada subasta inversa,33 Dia(s),0,829700000.0,829700000.0,0.0,No,No,Hombre,18.0,2024-12-04,2024,False,0
CO1.PCCNTR.5915320,Cerrado,2024-02-14,2024-02-15,2024-12-31,Prestación de servicios,Contratación directa,320 Dia(s),0,57027467.0,56847000.0,180467.0,No,No,No definido,320.0,2024-02-14,2024,False,1
CO1.PCCNTR.5250440,Cerrado,2023-08-01,2023-08-01,2023-12-31,Prestación de servicios,Contratación directa,158 Dia(s),0,27877021.0,25140655.0,2736366.0,No,No,No definido,152.0,2023-08-01,2023,False,1
CO1.PCCNTR.3137658,Cerrado,2021-12-24,2021-12-24,2022-11-22,Prestación de servicios,Contratación directa,222 Dia(s),0,51231522.0,50621623.0,609899.0,No,No,Mujer,333.0,2021-12-24,2021,False,1
CO1.PCCNTR.4272874,Cerrado,2022-12-12,2022-12-12,2023-08-31,Prestación de servicios,Contratación directa,274 Dia(s),0,85674879.0,84167049.0,1507830.0,No,No,No definido,262.0,2022-12-12,2022,False,1
CO1.PCCNTR.6692880,Modificado,2024-08-29,2024-09-03,2025-02-28,Prestación de servicios,Contratación directa,175 Dia(s),58,48533333.0,47466667.0,1066666.0,No,No,Hombre,178.0,2024-08-29,2024,False,1
CO1.PCCNTR.9104747,En ejecución,2026-01-24,2026-01-27,2026-12-31,Prestación de servicios,Contratación directa,338 Dia(s),0,148200000.0,66733333.0,81466666.0,No,No,Mujer,338.0,2026-01-24,2026,False,1
CO1.PCCNTR.5250522,Cerrado,2023-08-01,2023-08-01,2024-02-29,Prestación de servicios,Contratación directa,158 Dia(s),0,37967520.0,36599321.0,1368199.0,No,No,No definido,212.0,2023-08-01,2023,False,1
CO1.PCCNTR.146216,Cerrado,2017-07-25,2017-05-11,2017-11-30,Prestación de servicios,Contratación directa (con ofertas),No definido,0,29250901.0,27563349.0,1687552.0,No,No,Hombre,203.0,2017-07-25,2017,False,1
CO1.PCCNTR.5458475,Cerrado,2023-10-18,2023-10-18,2024-11-30,Prestación de servicios,Contratación directa,409 Dia(s),0,79890934.0,78339653.0,1551281.0,No,No,Hombre,409.0,2023-10-18,2023,False,1
CO1.PCCNTR.7429468,Cedido,2025-02-10,2025-02-12,2025-12-11,Prestación de servicios,Contratación directa,10 Mes(es),0,46780000.0,46468134.0,311866.0,No,No,Mujer,302.0,2025-02-10,2025,False,1
CO1.PCCNTR.1657461,Cerrado,2020-07-23,2020-07-23,2020-12-31,Prestación de servicios,Contratación directa,188 Dia(s),0,41380291.0,39892556.0,1487735.0,No,No,Mujer,161.0,2020-07-23,2020,False,1
CO1.PCCNTR.5137859,Cerrado,2023-06-29,2023-06-29,2023-12-31,Prestación de servicios,Contratación directa,188 Dia(s),0,36760185.0,35787693.0,972492.0,No,No,No definido,185.0,2023-06-29,2023,False,1
CO1.PCCNTR.8656727,Modificado,2025-12-03,2025-12-09,2026-10-31,Prestación de servicios,Contratación directa,325 Dia(s),92,142843067.0,89435867.0,53407200.0,No,No,Hombre,326.0,2025-12-03,2025,False,1
CO1.PCCNTR.1852920,Cerrado,2020-10-19,2020-10-19,2020-12-31,Prestación de servicios,Contratación directa,105 Dia(s),0,16089168.0,15211577.0,877591.0,No,No,No definido,73.0,2020-10-19,2020,False,1
CO1.PCCNTR.8135541,En ejecución,2025-07-29,2025-08-01,2025-12-31,Prestación de servicios,Contratación directa,5 Mes(es),0,50000000.0,50000000.0,0.0,No,No,Mujer,152.0,2025-07-29,2025,False,1
CO1.PCCNTR.3342039,Cerrado,2022-02-02,2022-02-02,2022-12-31,Prestación de servicios,Contratación directa,344 Dia(s),0,182493410.0,180371394.0,2122016.0,No,No,No definido,332.0,2022-02-02,2022,False,1
CO1.PCCNTR.7729936,En ejecución,2025-04-02,2025-04-07,2025-12-06,Prestación de servicios,Contratación directa,8 Mes(es),0,84036440.0,84036440.0,0.0,No,No,Mujer,243.0,2025-04-02,2025,False,1
CO1.PCCNTR.8713551,En ejecución,2025-12-19,2025-12-23,2026-07-31,Prestación de servicios,Contratación directa,226 Dia(s),0,34021900.0,28459933.0,5561967.0,No,No,Hombre,220.0,2025-12-19,2025,False,1
CO1.PCCNTR.4340613,Cerrado,2022-12-30,2022-12-30,2023-08-31,Prestación de servicios,Contratación directa,252 Dia(s),0,79197790.0,77334312.0,1863478.0,No,No,No definido,244.0,2022-12-30,2022,False,1
CO1.PCCNTR.863475,Cerrado,2019-04-02,2019-02-26,2019-07-31,Prestación de servicios,Contratación directa,No definido,0,41600000.0,39780000.0,1820000.0,No,No,No definido,155.0,2019-04-02,2019,False,1
CO1.PCCNTR.5407131,Cerrado,2023-09-27,2023-09-27,2023-12-31,Prestación de servicios,Contratación directa,97 Dia(s),0,12816977.0,11945920.0,871057.0,No,No,Mujer,95.0,2023-09-27,2023,False,1
CO1.PCCNTR.2218632,Cerrado,2021-02-25,2021-02-25,2021-09-30,Prestación de servicios,Contratación directa,331 Dia(s),0,48884556.0,47088797.0,1795759.0,Si,No,No definido,217.0,2021-02-25,2021,False,1
CO1.PCCNTR.660272,Cerrado,2018-12-12,2018-11-21,2019-10-31,Prestación de servicios,Contratación directa,No definido,0,56218371.0,55739101.0,479270.0,No,No,No definido,344.0,2018-12-12,2018,False,1
CO1.PCCNTR.4662749,Cerrado,2023-02-24,2023-02-24,2023-06-20,Prestación de servicios,Contratación directa,4 Mes(es),0,34003296.0,33436574.0,566722.0,No,No,No definido,116.0,2023-02-24,2023,False,1
CO1.PCCNTR.6276396,Cerrado,2024-05-06,2024-05-09,2024-12-31,Prestación de servicios,Contratación directa,8 Mes(es),0,32273325.0,31861333.0,411992.0,No,No,Hombre,236.0,2024-05-06,2024,False,1
CO1.PCCNTR.5844172,Cerrado,2024-01-30,2024-02-02,2024-12-31,Prestación de servicios,Contratación directa,329 Dia(s),0,107407533.0,107081067.0,326466.0,No,No,No definido,333.0,2024-01-30,2024,False,1
CO1.PCCNTR.798085,Cerrado,2019-02-26,2019-02-01,2019-12-31,Prestación de servicios,Contratación directa,No definido,0,80917987.0,78575254.0,2342733.0,No,No,Hombre,333.0,2019-02-26,2019,False,1
CO1.PCCNTR.7307064,Modificado,2025-01-23,2025-01-28,2025-12-31,Prestación de servicios,Contratación directa,337 Dia(s),96,117782100.0,117782100.0,0.0,No,No,No definido,337.0,2025-01-23,2025,False,1
CO1.PCCNTR.3538025,Cerrado,2022-02-03,2022-02-03,2022-12-31,Prestación de servicios,Contratación directa,338 Dia(s),0,141819950.0,141396607.0,423343.0,No,No,No definido,331.0,2022-02-03,2022,False,1
CO1.PCCNTR.143810,Cerrado,2017-07-25,2017-05-02,2018-09-14,Prestación de servicios,Contratación directa (con ofertas),No definido,0,91060583.0,86993800.0,4066783.0,No,No,No definido,500.0,2017-07-25,2017,False,1
CO1.PCCNTR.827641,Cerrado,2019-02-26,2019-02-11,2020-06-10,Prestación de servicios,Contratación directa,Dia(s),0,102036762.0,100179672.0,1857090.0,No,No,Mujer,485.0,2019-02-26,2019,False,1
CO1.PCCNTR.3552173,Cerrado,2022-02-04,2022-02-04,2023-03-31,Prestación de servicios,Contratación directa,334 Dia(s),0,124080000.0,120806666.0,3273334.0,No,No,No definido,420.0,2022-02-04,2022,False,1
CO1.PCCNTR.7798925,En ejecución,2025-04-22,2025-04-24,2025-11-30,Prestación de servicios,Contratación directa,219 Dia(s),0,35748100.0,35421633.0,326467.0,No,No,Hombre,220.0,2025-04-22,2025,False,1
CO1.PCCNTR.1502853,Cerrado,2020-04-30,2020-04-14,2020-12-31,Prestación de servicios,Contratación directa,Dia(s),0,23496667.0,22787333.0,709334.0,No,No,No definido,261.0,2020-04-30,2020,False,1
CO1.PCCNTR.2212656,Cerrado,2021-02-25,2021-02-25,2021-10-29,Prestación de servicios,Contratación directa,332 Dia(s),0,69263711.0,67241413.0,2022298.0,No,No,No definido,246.0,2021-02-25,2021,False,1
CO1.PCCNTR.5970656,Cerrado,2024-02-20,2024-02-23,2024-12-31,Prestación de servicios,Contratación directa,308 Dia(s),0,44152929.0,44009576.0,143353.0,No,No,Mujer,312.0,2024-02-20,2024,False,1
CO1.PCCNTR.9065692,En ejecución,2026-01-23,2026-01-23,2026-12-31,Prestación de servicios,Contratación directa,335 Dia(s),0,75227250.0,33797750.0,41429500.0,No,No,No definido,342.0,2026-01-23,2026,False,1
CO1.PCCNTR.88402,Cerrado,2016-12-14,2016-12-01,2016-12-31,Prestación de servicios,Contratación directa (con ofertas),Dia(s),0,26432842.0,0.0,26432842.0,Si,No,No definido,30.0,2016-12-14,2016,False,1
CO1.PCCNTR.545525,Cerrado,2018-09-27,2018-08-15,2018-12-31,Prestación de servicios,Contratación directa,No definido,0,33665893.0,15100143.0,18565750.0,No,No,No definido,138.0,2018-09-27,2018,False,1
CO1.PCCNTR.2424746,Cerrado,2021-05-03,2021-05-03,2021-12-15,Prestación de servicios,Contratación directa,235 Dia(s),0,92283874.0,91542638.0,741236.0,No,No,No definido,226.0,2021-05-03,2021,False,1
CO1.PCCNTR.2336752,Cerrado,2021-03-23,2021-03-23,2021-12-15,Prestación de servicios,Contratación directa,266 Dia(s),0,34559459.0,34067510.0,491949.0,No,No,No definido,267.0,2021-03-23,2021,False,1
CO1.PCCNTR.8640202,Modificado,2025-11-28,2025-12-04,2026-10-31,Prestación de servicios,Contratación directa,334 Dia(s),92,56019000.0,34084800.0,21934200.0,No,No,Mujer,331.0,2025-11-28,2025,False,1
CO1.PCCNTR.4754928,Cerrado,2023-03-13,2023-03-13,2023-07-08,Prestación de servicios,Contratación directa,4 Mes(es),0,15485720.0,15485720.0,0.0,No,No,Mujer,117.0,2023-03-13,2023,False,1
CO1.PCCNTR.77506,Cerrado,2016-11-30,2016-10-24,2016-10-30,Compraventa,Mínima cuantía,Dia(s),0,8122320.0,0.0,8122320.0,Si,No,Mujer,6.0,2016-11-30,2016,False,0
CO1.PCCNTR.135002,Cerrado,2017-05-02,2017-04-05,2018-07-31,Prestación de servicios,Contratación directa (con ofertas),No definido,0,51232000.0,50798932.0,433068.0,No,No,No definido,482.0,2017-05-02,2017,False,1
CO1.PCCNTR.8501447,Modificado,2025-11-18,2025-11-24,2026-10-31,Prestación de servicios,Contratación directa,341 Dia(s),92,39236800.0,24443533.0,14793267.0,No,No,Hombre,341.0,2025-11-18,2025,False,1
CO1.PCCNTR.1879061,Cerrado,2020-10-14,2020-10-14,2020-12-31,Prestación de servicios,Contratación directa,93 Dia(s),0,20188000.0,18952000.0,1236000.0,No,No,Mujer,78.0,2020-10-14,2020,False,1
CO1.PCCNTR.1501707,Cerrado,2020-04-30,2020-04-13,2021-03-31,Prestación de servicios,Contratación directa,Dia(s),0,152007344.0,149010016.0,2997328.0,No,No,Hombre,352.0,2020-04-30,2020,False,1
CO1.PCCNTR.7571939,Cerrado,2025-02-28,2025-03-03,2025-12-02,Prestación de servicios,Contratación directa,9 Mes(es),0,123736032.0,123736032.0,0.0,No,No,No definido,274.0,2025-02-28,2025,False,1
CO1.PCCNTR.4669730,Cerrado,2023-02-24,2023-02-24,2023-06-21,Prestación de servicios,Contratación directa,4 Mes(es),0,17073860.0,16789296.0,284564.0,No,No,Mujer,117.0,2023-02-24,2023,False,1
CO1.PCCNTR.1216117,Cerrado,2019-12-27,2019-12-23,2022-08-30,Prestación de servicios,Selección abreviada subasta inversa,Dia(s),0,237000000.0,118347533.0,118652466.0,Si,No,Mujer,981.0,2019-12-27,2019,False,0
CO1.PCCNTR.5513477,Cerrado,2023-11-09,2023-11-09,2024-02-29,Prestación de servicios,Contratación directa,120 Dia(s),0,24454195.0,22734759.0,1719436.0,No,No,Mujer,112.0,2023-11-09,2023,False,1
CO1.PCCNTR.2217620,Cerrado,2021-02-25,2021-02-25,2021-09-30,Prestación de servicios,Contratación directa,331 Dia(s),0,48884556.0,47088797.0,1795759.0,No,No,No definido,217.0,2021-02-25,2021,False,1
CO1.PCCNTR.5984719,Cerrado,2024-02-21,2024-04-02,2024-12-31,Prestación de servicios,Contratación directa,8 Mes(es),0,112083333.0,112083333.0,0.0,No,No,Hombre,273.0,2024-02-21,2024,False,1
CO1.PCCNTR.4062724,Cerrado,2022-10-04,2022-10-04,2022-12-31,Prestación de servicios,Contratación directa,96 Dia(s),0,49722800.0,49722800.0,0.0,Si,No,Hombre,88.0,2022-10-04,2022,False,1
CO1.PCCNTR.71504,Cerrado,2016-10-13,2016-10-05,2017-03-31,Prestación de servicios,Contratación directa (con ofertas),No definido,0,45733626.0,0.0,45733626.0,No,No,No definido,177.0,2016-10-13,2016,False,1
CO1.PCCNTR.5931414,Cerrado,2024-02-14,2024-02-16,2024-12-31,Prestación de servicios,Contratación directa,8 Mes(es),0,69679796.0,69458590.0,221206.0,No,No,No definido,319.0,2024-02-14,2024,False,1
CO1.PCCNTR.3858162,Cerrado,2022-08-11,2022-08-11,2022-09-15,Prestación de servicios,Contratación directa,48 Dia(s),0,54024477.0,27322724.0,26701753.0,No,No,No definido,35.0,2022-08-11,2022,False,1
CO1.PCCNTR.7374285,Cerrado,2025-01-31,2025-02-10,2025-10-09,Prestación de servicios,Contratación directa,8 Mes(es),0,78424000.0,77770467.0,653533.0,No,No,Hombre,241.0,2025-01-31,2025,False,1
CO1.PCCNTR.5516536,Cerrado,2023-11-21,2023-11-23,2023-12-15,Prestación de servicios,Mínima cuantía,28 Dia(s),0,54353000.0,48618000.0,5735000.0,Si,No,Mujer,22.0,2023-11-21,2023,False,0
CO1.PCCNTR.6821035,Modificado,2024-09-27,2024-10-01,2026-09-30,Prestación de servicios,Selección abreviada subasta inversa,24 Mes(es),61,10959257116.97,9380018782.0,1579238334.0,No,No,Hombre,729.0,2024-09-27,2024,False,0
CO1.PCCNTR.811742,Cerrado,2019-03-28,2019-02-05,2019-12-31,Prestación de servicios,Contratación directa,No definido,0,48211072.0,46345762.0,1865310.0,No,No,Mujer,329.0,2019-03-28,2019,False,1
CO1.PCCNTR.4317634,Cerrado,2022-12-30,2022-12-30,2023-08-31,Prestación de servicios,Contratación directa,298 Dia(s),0,66417833.0,63911500.0,2506333.0,No,No,No definido,244.0,2022-12-30,2022,False,1
CO1.PCCNTR.7259233,Cerrado,2025-01-20,2025-01-22,2025-10-21,Prestación de servicios,Contratación directa,9 Mes(es),0,163120365.0,163120365.0,0.0,No,No,Mujer,272.0,2025-01-20,2025,False,1
CO1.PCCNTR.8695845,Modificado,2025-12-18,2025-12-22,2026-10-31,Prestación de servicios,Contratación directa,321 Dia(s),92,48540800.0,28604400.0,19936400.0,No,No,Mujer,313.0,2025-12-18,2025,False,1
CO1.PCCNTR.6584683,Cerrado,2024-07-31,2024-08-02,2025-03-15,Prestación de servicios,Contratación directa,225 Dia(s),0,129225000.0,128650667.0,574333.0,No,No,Hombre,225.0,2024-07-31,2024,False,1
CO1.PCCNTR.2594386,Cerrado,2021-07-09,2021-07-09,2022-10-10,Prestación de servicios,Contratación directa,321 Dia(s),0,135227620.0,133540788.0,1686832.0,No,No,No definido,458.0,2021-07-09,2021,False,1
CO1.PCCNTR.144705,Cerrado,2017-05-31,2017-05-11,2017-12-31,Prestación de servicios,Mínima cuantía,No definido,0,20000000.0,19975780.0,24220.0,No,No,Mujer,234.0,2017-05-31,2017,False,0
CO1.PCCNTR.6176532,Cerrado,2024-04-05,2024-04-11,2024-12-31,Prestación de servicios,Contratación directa,260 Dia(s),0,149314525.0,149314525.0,0.0,No,No,Hombre,264.0,2024-04-05,2024,False,1
CO1.PCCNTR.900917,Cerrado,2019-04-16,2019-03-21,2020-05-31,Otro,Contratación directa (con ofertas),Dia(s),0,1021101188.0,1012986863.0,8114324.0,Si,No,Hombre,437.0,2019-04-16,2019,False,1
CO1.PCCNTR.6071897,Cerrado,2024-03-11,2024-03-14,2024-12-31,Prestación de servicios,Contratación directa,287 Dia(s),0,69814788.0,69814788.0,0.0,No,No,No definido,292.0,2024-03-11,2024,False,1
CO1.PCCNTR.4338015,Cerrado,2022-12-30,2022-12-30,2023-08-31,Prestación de servicios,Contratación directa,253 Dia(s),0,82910105.0,81284417.0,1625688.0,No,No,No definido,244.0,2022-12-30,2022,False,1
CO1.PCCNTR.653544,Cerrado,2018-12-17,2018-11-20,2018-12-31,Prestación de servicios,Contratación directa,No definido,0,5967563.0,5097294.0,870269.0,No,No,No definido,41.0,2018-12-17,2018,False,1
CO1.PCCNTR.5229485,Modificado,2023-07-19,2023-08-01,2026-11-30,Prestación de servicios,Selección abreviada subasta inversa,40 Mes(es),153,1463896469.2,1029012182.0,434884286.0,No,No,Hombre,1217.0,2023-07-19,2023,False,0
CO1.PCCNTR.7872778,Modificado,2025-05-19,2025-05-23,2025-12-31,Compraventa,Selección abreviada subasta inversa,227 Dia(s),0,1379378600.0,1379378598.0,1.0,Si,No,Hombre,222.0,2025-05-19,2025,False,0
CO1.PCCNTR.5283410,Cerrado,2023-08-11,2023-08-11,2024-03-13,Prestación de servicios,Contratación directa,145 Dia(s),0,39557651.0,38838451.0,719200.0,No,No,No definido,215.0,2023-08-11,2023,False,1
CO1.PCCNTR.4487314,Cerrado,2023-01-27,2023-01-27,2023-05-26,Prestación de servicios,Contratación directa,4 Mes(es),0,11287976.0,11287976.0,0.0,No,No,Mujer,119.0,2023-01-27,2023,False,1
CO1.PCCNTR.2275009,Cerrado,2021-03-01,2021-03-01,2021-11-02,Prestación de servicios,Contratación directa,318 Dia(s),0,75707400.0,72807400.0,2900000.0,No,No,Mujer,246.0,2021-03-01,2021,False,1
CO1.PCCNTR.6394212,Cerrado,2024-06-05,2024-06-19,2025-04-13,Prestación de servicios,Contratación directa,309 Dia(s),0,138020009.0,131766667.0,6253342.0,No,No,No definido,298.0,2024-06-05,2024,False,1
CO1.PCCNTR.109670,Cerrado,2017-02-10,2017-02-03,2018-06-15,Prestación de servicios,Contratación directa (con ofertas),No definido,0,68142349.0,65974799.0,2167550.0,No,No,Mujer,497.0,2017-02-10,2017,False,1
CO1.PCCNTR.406512,Cerrado,2018-05-15,2018-05-04,2018-11-30,Prestación de servicios,Mínima cuantía,No definido,0,50000000.0,24225044.0,25774956.0,No,No,Hombre,210.0,2018-05-15,2018,False,0
CO1.PCCNTR.6125092,Cerrado,2024-03-21,2024-04-02,2024-12-31,Prestación de servicios,Contratación directa,269 Dia(s),0,38562136.0,38562136.0,0.0,No,No,Mujer,273.0,2024-03-21,2024,False,1
CO1.PCCNTR.1341698,Cerrado,2020-03-10,2020-02-04,2020-12-31,Prestación de servicios,Contratación directa,Dia(s),0,27386536.0,26891599.0,494937.0,No,No,Mujer,331.0,2020-03-10,2020,False,1
CO1.PCCNTR.7605520,En ejecución,2025-03-05,2025-03-11,2025-12-31,Prestación de servicios,Contratación directa,295 Dia(s),0,66553333.0,64766667.0,1786666.0,No,No,Hombre,295.0,2025-03-05,2025,False,1
CO1.PCCNTR.7516114,Terminado,2025-02-20,2025-02-25,2025-11-24,Prestación de servicios,Contratación directa,9 Mes(es),0,40950000.0,20323334.0,20626666.0,No,No,No definido,272.0,2025-02-20,2025,False,1
CO1.PCCNTR.378547,Cerrado,2018-04-11,2018-04-02,2018-12-31,Prestación de servicios,Mínima cuantía,No definido,0,20800000.0,13762349.0,7037651.0,Si,No,No definido,273.0,2018-04-11,2018,False,0
CO1.PCCNTR.5627184,Modificado,2023-12-13,2023-12-27,2026-11-30,Prestación de servicios,Mínima cuantía,1280 Dia(s),122,41282556.0,17952562.0,23329994.0,Si,No,Mujer,1069.0,2023-12-13,2023,False,0
CO1.PCCNTR.1322351,Cerrado,2020-02-18,2020-01-24,2020-06-30,Prestación de servicios,Contratación directa,Dia(s),0,73066007.0,45836441.0,27229566.0,No,No,No definido,158.0,2020-02-18,2020,False,1
CO1.PCCNTR.6791625,Modificado,2024-09-20,2024-10-02,2025-02-20,Prestación de servicios,Contratación directa,152 Dia(s),50,30200000.0,27800000.0,2400000.0,No,No,No definido,141.0,2024-09-20,2024,False,1
CO1.PCCNTR.8345400,Modificado,2025-10-03,2025-11-21,2026-10-31,Prestación de servicios,Contratación directa,400 Dia(s),91,93365000.0,60227000.0,33138000.0,No,No,Hombre,344.0,2025-10-03,2025,False,1
CO1.PCCNTR.9186113,En ejecución,2026-01-29,2026-02-03,2026-12-31,Prestación de servicios,Contratación directa,334 Dia(s),0,154880880.0,64978760.0,89902120.0,No,No,Hombre,331.0,2026-01-29,2026,False,1
CO1.PCCNTR.5347769,En ejecución,2023-09-19,2023-09-22,2023-12-31,Prestación de servicios,Selección abreviada subasta inversa,4 Mes(es),0,366120000.0,366120000.0,0.0,Si,No,Hombre,100.0,2023-09-19,2023,False,0
CO1.PCCNTR.6142097,Cerrado,2024-03-22,2024-04-02,2024-12-31,Prestación de servicios,Contratación directa,269 Dia(s),0,141359500.0,141359500.0,0.0,No,No,Mujer,273.0,2024-03-22,2024,False,1
CO1.PCCNTR.6707821,Cerrado,2024-09-02,2024-09-04,2024-12-31,Prestación de servicios,Contratación directa,120 Dia(s),0,34666667.0,31200000.0,3466667.0,No,No,No definido,118.0,2024-09-02,2024,False,1
CO1.PCCNTR.5044236,Cerrado,2023-06-07,2023-06-07,2023-12-31,Prestación de servicios,Contratación directa,209 Dia(s),0,67342856.0,65739455.0,1603401.0,No,No,No definido,207.0,2023-06-07,2023,False,1
CO1.PCCNTR.826715,Cerrado,2019-03-24,2019-02-11,2019-12-31,Prestación de servicios,Contratación directa,No definido,0,32650684.0,31273848.0,1376836.0,No,No,No definido,323.0,2019-03-24,2019,False,1
CO1.PCCNTR.698545,Cerrado,2019-02-26,2018-12-28,2019-01-31,Otro,Contratación directa (con ofertas),No definido,0,0.0,0.0,0.0,No,No,Hombre,34.0,2019-02-26,2019,True,1
CO1.PCCNTR.3544072,Cerrado,2022-02-03,2022-02-03,2022-12-31,Prestación de servicios,Contratación directa,336 Dia(s),0,31606332.0,31324133.0,282199.0,No,No,Hombre,331.0,2022-02-03,2022,False,1
CO1.PCCNTR.4757520,Modificado,2023-03-13,2023-03-13,2024-04-30,Prestación de servicios,Contratación directa,292 Dia(s),121,349860000.0,296850908.0,53009091.0,Si,No,Mujer,414.0,2023-03-13,2023,False,1
CO1.PCCNTR.94907,Cerrado,2016-12-28,2016-12-22,2017-09-23,Prestación de servicios,Contratación directa (con ofertas),No definido,0,87512866.0,0.0,87512866.0,No,No,No definido,275.0,2016-12-28,2016,False,1
CO1.PCCNTR.2207815,Cerrado,2021-02-11,2021-02-11,2021-10-31,Prestación de servicios,Contratación directa,333 Dia(s),0,80222396.0,79051266.0,1171130.0,No,No,No definido,262.0,2021-02-11,2021,False,1
CO1.PCCNTR.9185313,En ejecución,2026-01-29,2026-02-02,2026-12-31,Prestación de servicios,Contratación directa,334 Dia(s),0,107184000.0,45276000.0,61908000.0,No,No,Hombre,332.0,2026-01-29,2026,False,1
CO1.PCCNTR.6430728,En ejecución,2024-06-19,2024-06-27,2024-12-15,Prestación de servicios,Mínima cuantía,177 Dia(s),0,39925200.0,34221600.0,5703600.0,Si,No,Mujer,171.0,2024-06-19,2024,False,0
CO1.PCCNTR.4310940,En ejecución,2022-12-27,2022-12-27,2023-10-31,Prestación de servicios,Contratación directa,323 Dia(s),0,1061289389.0,1054729574.0,6559815.0,Si,No,Hombre,308.0,2022-12-27,2022,False,1
CO1.PCCNTR.4284079,Modificado,2022-12-27,2022-12-27,2026-11-30,Prestación de servicios,Contratación directa,1439 Dia(s),123,790629125.0,411596800.0,379032325.0,No,No,Hombre,1434.0,2022-12-27,2022,False,1
CO1.PCCNTR.662906,Cerrado,2018-12-05,2018-11-28,2018-12-31,Prestación de servicios,Contratación directa,No definido,0,13315433.0,10985232.0,2330201.0,Si,No,No definido,33.0,2018-12-05,2018,False,1
CO1.PCCNTR.5266928,Cerrado,2023-08-11,2023-08-11,2025-08-01,Prestación de servicios,Contratación directa,2 Año(s),0,809820.0,809820.0,0.0,No,No,Hombre,721.0,2023-08-11,2023,False,1
CO1.PCCNTR.7639412,En ejecución,2025-03-14,2025-03-19,2025-11-18,Prestación de servicios,Contratación directa,8 Mes(es),0,101712000.0,101712000.0,0.0,No,No,Hombre,244.0,2025-03-14,2025,False,1
CO1.PCCNTR.5378233,Cerrado,2023-09-15,2023-09-15,2024-06-30,Prestación de servicios,Contratación directa,291 Dia(s),0,45971037.0,45058249.0,912788.0,No,No,No definido,289.0,2023-09-15,2023,False,1
CO1.PCCNTR.7674260,En ejecución,2025-03-20,2025-03-27,2025-11-26,Prestación de servicios,Contratación directa,8 Mes(es),0,36193936.0,36193936.0,0.0,No,No,Mujer,244.0,2025-03-20,2025,False,1
CO1.PCCNTR.4718817,Cerrado,2023-03-02,2023-03-02,2023-07-02,Prestación de servicios,Contratación directa,4 Mes(es),0,17073860.0,14512781.0,2561079.0,No,No,Mujer,122.0,2023-03-02,2023,False,1
CO1.PCCNTR.3748240,Cerrado,2022-06-30,2022-08-18,2023-08-18,Prestación de servicios,Mínima cuantía,1 Año(s),0,15690000.0,15690000.0,0.0,Si,No,Mujer,365.0,2022-06-30,2022,False,0
CO1.PCCNTR.7446243,Terminado,2025-02-12,2025-02-14,2025-10-13,Prestación de servicios,Contratación directa,8 Mes(es),0,107304000.0,76454100.0,30849900.0,No,No,No definido,241.0,2025-02-12,2025,False,1
CO1.PCCNTR.4210066,Cerrado,2022-11-25,2022-11-25,2023-08-31,Prestación de servicios,Contratación directa,294 Dia(s),0,35760000.0,34920000.0,840000.0,No,No,No definido,279.0,2022-11-25,2022,False,1
CO1.PCCNTR.4875956,En ejecución,2023-04-25,2023-04-25,2023-10-31,Prestación de servicios,Contratación directa,196 Dia(s),0,70189350.0,34091008.0,36098341.0,No,No,No definido,189.0,2023-04-25,2023,False,1
CO1.PCCNTR.3149012,Cerrado,2021-12-30,2021-12-30,2022-11-15,Prestación de servicios,Contratación directa,216 Dia(s),0,76946500.0,75336500.0,1610000.0,No,No,No definido,320.0,2021-12-30,2021,False,1
CO1.PCCNTR.6860125,Cerrado,2024-10-07,2024-10-15,2024-12-20,Consultoría,Mínima cuantía,75 Dia(s),0,48162100.0,48162100.0,0.0,Si,No,Mujer,66.0,2024-10-07,2024,False,0
CO1.PCCNTR.143806,Cerrado,2017-07-25,2017-05-02,2018-09-14,Prestación de servicios,Contratación directa (con ofertas),No definido,0,91060583.0,86993800.0,4066783.0,No,No,No definido,500.0,2017-07-25,2017,False,1
CO1.PCCNTR.5988562,Modificado,2024-02-23,2024-02-29,2024-12-31,Prestación de servicios,Contratación directa,300 Dia(s),69,105700000.0,105350000.0,350000.0,No,No,Mujer,306.0,2024-02-23,2024,False,1
CO1.PCCNTR.1350013,Cerrado,2020-02-26,2020-02-05,2020-12-31,Prestación de servicios,Contratación directa,Dia(s),0,103550000.0,102916667.0,633333.0,No,No,No definido,330.0,2020-02-26,2020,False,1
CO1.PCCNTR.2257822,Cerrado,2021-02-25,2021-02-25,2021-12-31,Prestación de servicios,Contratación directa,323 Dia(s),0,35732173.0,34748719.0,983454.0,No,No,No definido,309.0,2021-02-25,2021,False,1
CO1.PCCNTR.836837,Cerrado,2019-04-15,2019-02-13,2020-03-31,Prestación de servicios,Contratación directa,Dia(s),0,87988910.0,86288642.0,1700268.0,No,No,No definido,412.0,2019-04-15,2019,False,1
CO1.PCCNTR.3074925,Cerrado,2021-12-15,2021-12-15,2022-12-30,Prestación de servicios,Mínima cuantía,12 Mes(es),0,28544700.0,28544700.0,0.0,No,No,Hombre,380.0,2021-12-15,2021,False,0
CO1.PCCNTR.8190807,Modificado,2025-08-22,2025-10-01,2026-11-30,Prestación de servicios,Selección abreviada subasta inversa,15 Mes(es),122,2898369000.0,1318196200.0,1580172800.0,Si,No,Hombre,425.0,2025-08-22,2025,False,0
CO1.PCCNTR.1202933,Cerrado,2019-12-27,2019-12-20,2020-12-31,Compraventa,Selección abreviada subasta inversa,Dia(s),0,435656000.0,435656000.0,0.0,Si,Si,Hombre,377.0,2019-12-27,2019,False,0
CO1.PCCNTR.3088130,Cerrado,2021-12-13,2021-12-13,2022-10-14,Prestación de servicios,Contratación directa,211 Dia(s),0,56069431.0,55213461.0,855970.0,No,No,No definido,305.0,2021-12-13,2021,False,1
CO1.PCCNTR.1338083,Cerrado,2020-02-17,2020-02-03,2020-12-31,Prestación de servicios,Contratación directa,Dia(s),0,146012688.0,140018032.0,5994656.0,No,No,No definido,332.0,2020-02-17,2020,False,1
CO1.PCCNTR.9183679,Terminado,2026-01-29,2026-02-03,2026-07-31,Prestación de servicios,Contratación directa,183 Dia(s),0,22047767.0,3578434.0,18469333.0,No,No,Hombre,178.0,2026-01-29,2026,False,1
CO1.PCCNTR.1594565,Cerrado,2020-06-08,2020-06-08,2021-04-20,Prestación de servicios,Contratación directa,219 Dia(s),0,83460900.0,81455834.0,2005066.0,No,No,Hombre,316.0,2020-06-08,2020,False,1
CO1.PCCNTR.1367993,Cerrado,2020-02-26,2020-02-10,2020-12-31,Prestación de servicios,Contratación directa,No definido,0,86666667.0,85333333.0,1333334.0,No,No,Mujer,325.0,2020-02-26,2020,False,1
CO1.PCCNTR.5880646,Cerrado,2024-02-05,2024-02-09,2024-12-31,Prestación de servicios,Contratación directa,322 Dia(s),0,46159881.0,46016527.0,143354.0,No,No,Mujer,326.0,2024-02-05,2024,False,1
CO1.PCCNTR.7023587,En ejecución,2024-11-29,2024-11-29,2024-12-16,Prestación de servicios,Selección abreviada subasta inversa,30 Dia(s),0,503096420.0,503096420.0,0.0,No,Si,No definido,17.0,2024-11-29,2024,False,0
CO1.PCCNTR.108032,Cerrado,2017-02-15,2017-02-02,2017-12-01,Prestación de servicios,Contratación directa (con ofertas),No definido,0,36388328.0,35422266.0,966062.0,No,No,Hombre,302.0,2017-02-15,2017,False,1
CO1.PCCNTR.2516005,Cerrado,2021-05-27,2021-05-27,2021-12-15,Prestación de servicios,Contratación directa,201 Dia(s),0,113311551.0,109706183.0,3605368.0,No,No,Mujer,202.0,2021-05-27,2021,False,1
CO1.PCCNTR.2506231,Cerrado,2021-05-21,2021-05-21,2021-12-15,Prestación de servicios,Contratación directa,203 Dia(s),0,40333333.0,39416667.0,916666.0,No,No,No definido,208.0,2021-05-21,2021,False,1
CO1.PCCNTR.9012743,En ejecución,2026-01-22,2026-01-30,2026-12-31,Prestación de servicios,Contratación directa,341 Dia(s),0,134698620.0,58446815.0,76251805.0,No,No,No definido,335.0,2026-01-22,2026,False,1
CO1.PCCNTR.467473,Cerrado,2018-09-17,2018-07-10,2018-11-30,Prestación de servicios,Mínima cuantía,No definido,0,30000000.0,29999752.0,248.0,Si,No,Hombre,143.0,2018-09-17,2018,False,0
CO1.PCCNTR.4651875,Cerrado,2023-02-21,2023-02-21,2023-06-17,Prestación de servicios,Contratación directa,4 Mes(es),0,34003296.0,33436574.0,566722.0,No,No,No definido,116.0,2023-02-21,2023,False,1
CO1.PCCNTR.1717486,Cerrado,2020-08-12,2020-08-12,2020-08-31,Compraventa,Mínima cuantía,1 Mes(es),0,8800000.0,8800000.0,0.0,Si,No,Mujer,19.0,2020-08-12,2020,False,0
CO1.PCCNTR.151605,Cerrado,2017-08-01,2017-05-23,2017-12-31,Prestación de servicios,Contratación directa (con ofertas),No definido,0,26419400.0,25484200.0,935200.0,No,No,No definido,222.0,2017-08-01,2017,False,1
CO1.PCCNTR.1367387,Cerrado,2020-02-26,2020-02-10,2020-12-31,Prestación de servicios,Contratación directa,No definido,0,85674789.0,84097952.0,1576837.0,No,No,Hombre,325.0,2020-02-26,2020,False,1
CO1.PCCNTR.841363,Cerrado,2019-03-12,2019-02-15,2019-12-31,Prestación de servicios,Contratación directa,No definido,0,34967264.0,26116175.0,8851089.0,No,No,No definido,319.0,2019-03-12,2019,False,1
CO1.PCCNTR.108958,Cerrado,2017-02-15,2017-02-01,2018-06-15,Prestación de servicios,Contratación directa (con ofertas),No definido,0,111074975.0,109308375.0,1766600.0,No,No,No definido,499.0,2017-02-15,2017,False,1
CO1.PCCNTR.685304,Cerrado,2018-12-26,2018-12-10,2019-11-28,Prestación de servicios,Contratación directa,No definido,0,107480662.0,105408832.0,2071830.0,No,No,No definido,353.0,2018-12-26,2018,False,1
CO1.PCCNTR.1547889,Cerrado,2020-06-08,2020-06-08,2021-04-30,Prestación de servicios,Contratación directa,240 Dia(s),0,89832045.0,87857715.0,1974330.0,No,No,No definido,326.0,2020-06-08,2020,False,1
CO1.PCCNTR.2594398,Cerrado,2021-07-09,2021-07-09,2022-11-11,Prestación de servicios,Contratación directa,365 Dia(s),0,1117200.0,1117200.0,0.0,No,No,Hombre,490.0,2021-07-09,2021,False,1
CO1.PCCNTR.1316659,Cerrado,2020-02-26,2020-01-24,2020-12-31,Prestación de servicios,Contratación directa,No definido,0,80247768.0,80010349.0,237419.0,No,No,No definido,342.0,2020-02-26,2020,False,1
CO1.PCCNTR.891720,Cerrado,2019-04-16,2019-03-22,2019-12-31,Prestación de servicios,Mínima cuantía,Dia(s),0,38500000.0,28783500.0,9716500.0,No,No,No definido,284.0,2019-04-16,2019,False,0
CO1.PCCNTR.212936,Cerrado,2017-12-12,2017-10-26,2017-11-30,Prestación de servicios,Selección abreviada de menor cuantía,Dia(s),0,598866216.0,485254129.0,113612086.0,No,No,Mujer,35.0,2017-12-12,2017,False,0
CO1.PCCNTR.8241321,Modificado,2025-09-03,2025-09-12,2026-11-30,Prestación de servicios,Mínima cuantía,444 Dia(s),122,67498206.0,10719439.0,56778766.0,Si,No,Hombre,444.0,2025-09-03,2025,False,0
CO1.PCCNTR.5219592,Cerrado,2023-07-18,2023-07-18,2023-12-31,Prestación de servicios,Contratación directa,170 Dia(s),0,38652432.0,11733774.0,26918658.0,No,No,Mujer,166.0,2023-07-18,2023,False,1
CO1.PCCNTR.1414221,Cerrado,2020-03-11,2020-03-05,2020-12-31,Prestación de servicios,Mínima cuantía,No definido,0,39655000.0,0.0,39655000.0,No,No,No definido,301.0,2020-03-11,2020,False,0
CO1.PCCNTR.3426902,Cerrado,2022-02-02,2022-02-02,2022-12-31,Prestación de servicios,Contratación directa,340 Dia(s),0,78962008.0,35997386.0,42964622.0,No,No,No definido,332.0,2022-02-02,2022,False,1
CO1.PCCNTR.8690486,Modificado,2025-12-14,2025-12-23,2026-12-24,Prestación de servicios,Contratación directa,375 Dia(s),145,102179090.0,50110233.0,52068857.0,No,No,Mujer,366.0,2025-12-14,2025,False,1
CO1.PCCNTR.677149,Cerrado,2019-01-24,2018-12-11,2019-11-30,Otro,Contratación directa (con ofertas),No definido,0,1970256292.0,1939551603.0,30704689.0,No,No,No definido,354.0,2019-01-24,2019,False,1
CO1.PCCNTR.7311997,Cerrado,2025-01-24,2025-02-04,2025-11-03,Prestación de servicios,Contratación directa,9 Mes(es),0,62712000.0,62241467.0,470533.0,Si,No,No definido,272.0,2025-01-24,2025,False,1
CO1.PCCNTR.87703,Cerrado,2016-12-14,2016-12-12,2018-11-30,Prestación de servicios,Contratación directa (con ofertas),No definido,0,324252429.0,0.0,324252429.0,No,No,No definido,718.0,2016-12-14,2016,False,1
CO1.PCCNTR.143505,Cerrado,2017-05-31,2017-05-02,2018-09-14,Prestación de servicios,Contratación directa (con ofertas),No definido,0,84287372.0,80523081.0,3764291.0,No,No,No definido,500.0,2017-05-31,2017,False,1
CO1.PCCNTR.1852566,Cerrado,2020-10-14,2020-10-14,2021-06-19,Prestación de servicios,Contratación directa,275 Dia(s),0,46202063.0,45047011.0,1155052.0,No,No,No definido,248.0,2020-10-14,2020,False,1
CO1.PCCNTR.1349586,Cerrado,2020-03-03,2020-02-05,2020-12-31,Prestación de servicios,Contratación directa,Dia(s),0,69038976.0,68616719.0,422257.0,No,No,No definido,330.0,2020-03-03,2020,False,1
CO1.PCCNTR.9139777,Modificado,2026-01-27,2026-02-03,2026-12-31,Prestación de servicios,Contratación directa,334 Dia(s),92,77402997.0,33834843.0,43568154.0,No,No,Mujer,331.0,2026-01-27,2026,False,1
CO1.PCCNTR.2345040,Cerrado,2021-03-26,2021-03-26,2021-12-15,Prestación de servicios,Contratación directa,234 Dia(s),0,90759609.0,88821682.0,1937927.0,No,No,Mujer,264.0,2021-03-26,2021,False,1
CO1.PCCNTR.2213139,Cerrado,2021-02-20,2021-02-20,2021-12-15,Prestación de servicios,Contratación directa,332 Dia(s),0,40849216.0,39952838.0,896378.0,No,No,No definido,298.0,2021-02-20,2021,False,1
CO1.PCCNTR.8501754,Modificado,2025-10-31,2025-11-05,2026-12-31,Prestación de servicios,Mínima cuantía,421 Dia(s),153,101390560.0,46454809.0,54935750.0,Si,No,Hombre,421.0,2025-10-31,2025,False,0
CO1.PCCNTR.134902,Cerrado,2017-04-24,2017-04-10,2018-05-31,Prestación de servicios,Contratación directa (con ofertas),No definido,0,112884567.0,109183433.0,3701134.0,No,No,No definido,416.0,2017-04-24,2017,False,1
CO1.PCCNTR.478135,Cerrado,2018-07-19,2018-07-09,2018-12-31,Prestación de servicios,Contratación directa,No definido,0,44896529.0,40011414.0,4885115.0,No,No,No definido,175.0,2018-07-19,2018,False,1
CO1.PCCNTR.392014,Cerrado,2018-04-23,2018-04-12,2018-12-31,Suministros,Mínima cuantía,No definido,0,78000000.0,43699549.0,34300451.0,Si,No,Hombre,263.0,2018-04-23,2018,False,0
CO1.PCCNTR.6126051,Cerrado,2024-03-21,2024-04-02,2024-12-31,Prestación de servicios,Contratación directa,269 Dia(s),0,132282651.0,132282651.0,0.0,No,No,Hombre,273.0,2024-03-21,2024,False,1
CO1.PCCNTR.811450,Cerrado,2019-04-03,2019-02-04,2019-07-31,Prestación de servicios,Contratación directa,No definido,0,78627798.0,75603652.0,3024146.0,No,No,No definido,177.0,2019-04-03,2019,False,1
CO1.PCCNTR.2183815,Cerrado,2021-02-20,2021-02-20,2021-12-15,Prestación de servicios,Contratación directa,338 Dia(s),0,89409960.0,87759314.0,1650646.0,No,No,No definido,298.0,2021-02-20,2021,False,1
CO1.PCCNTR.7702081,Cerrado,2025-03-27,2025-04-01,2025-11-30,Prestación de servicios,Contratación directa,8 Mes(es),2,24961152.0,24961152.0,0.0,No,No,Hombre,243.0,2025-03-27,2025,False,1
CO1.PCCNTR.8696697,Modificado,2025-12-13,2025-12-17,2026-10-31,Prestación de servicios,Contratación directa,321 Dia(s),92,100800000.0,60900000.0,39900000.0,No,No,Hombre,318.0,2025-12-13,2025,False,1
CO1.PCCNTR.136214,Cerrado,2017-05-02,2017-04-19,2017-12-31,Prestación de servicios,Contratación directa (con ofertas),Dia(s),0,31329200.0,29458800.0,1870400.0,No,No,No definido,256.0,2017-05-02,2017,False,1
CO1.PCCNTR.1778503,Modificado,2020-09-07,2020-09-07,2023-12-31,Prestación de servicios,Selección abreviada subasta inversa,39 Mes(es),230,2740965156.91,1823106949.0,917858207.0,No,No,Hombre,1210.0,2020-09-07,2020,False,0
CO1.PCCNTR.6945908,Cerrado,2024-11-01,2024-11-08,2024-12-31,Prestación de servicios,Contratación directa,66 Dia(s),0,14820782.0,11723902.0,3096880.0,No,No,Mujer,53.0,2024-11-01,2024,False,1
CO1.PCCNTR.115027,Cerrado,2017-03-14,2017-02-20,2017-12-31,Prestación de servicios,Contratación directa (con ofertas),Dia(s),0,61441533.0,60282258.0,1159275.0,No,No,No definido,314.0,2017-03-14,2017,False,1
CO1.PCCNTR.5005107,Cerrado,2023-05-31,2023-05-31,2023-12-31,Prestación de servicios,Contratación directa,220 Dia(s),0,267002216.0,150281725.0,116720490.0,Si,No,Hombre,214.0,2023-05-31,2023,False,1
CO1.PCCNTR.705714,Cerrado,2019-01-31,2018-12-28,2019-12-27,Compraventa,Mínima cuantía,Dia(s),0,65677000.0,0.0,65677000.0,Si,No,Mujer,364.0,2019-01-31,2019,False,0
CO1.PCCNTR.4245441,Cerrado,2022-12-07,2022-12-15,2023-12-30,Prestación de servicios,Selección abreviada subasta inversa,12 Mes(es),0,86174513.85,86174513.0,0.0,Si,No,Mujer,380.0,2022-12-07,2022,False,0
CO1.PCCNTR.2178717,Cerrado,2021-02-11,2021-02-11,2021-12-31,Prestación de servicios,Contratación directa,339 Dia(s),0,84964700.0,53886167.0,31078533.0,No,No,No definido,323.0,2021-02-11,2021,False,1
CO1.PCCNTR.803897,Cerrado,2019-03-01,2019-02-01,2020-03-31,Prestación de servicios,Contratación directa,Dia(s),0,54807098.0,53782666.0,1024432.0,No,No,Hombre,424.0,2019-03-01,2019,False,1
CO1.PCCNTR.8716109,Modificado,2025-12-19,2025-12-23,2026-10-30,Prestación de servicios,Contratación directa,311 Dia(s),91,98467200.0,59332800.0,39134400.0,No,No,No definido,311.0,2025-12-19,2025,False,1
CO1.PCCNTR.3346711,Cerrado,2022-01-31,2022-01-31,2022-12-31,Prestación de servicios,Contratación directa,344 Dia(s),0,43576899.0,43070191.0,506708.0,No,No,No definido,334.0,2022-01-31,2022,False,1
CO1.PCCNTR.8519126,En ejecución,2025-11-06,2025-11-07,2026-07-31,Prestación de servicios,Contratación directa,268 Dia(s),0,39945033.0,35105400.0,4839633.0,No,No,No definido,266.0,2025-11-06,2025,False,1
CO1.PCCNTR.4754792,Cerrado,2023-03-16,2023-03-16,2023-07-08,Prestación de servicios,Contratación directa,4 Mes(es),0,20537692.0,20537692.0,0.0,No,No,Mujer,114.0,2023-03-16,2023,False,1
CO1.PCCNTR.7574751,En ejecución,2025-02-28,2025-03-05,2025-12-04,Prestación de servicios,Contratación directa,9 Mes(es),0,120132081.0,120132081.0,0.0,No,No,Mujer,274.0,2025-02-28,2025,False,1
CO1.PCCNTR.3101897,Cerrado,2021-12-22,2021-12-22,2022-11-30,Prestación de servicios,Contratación directa,236 Dia(s),0,178412345.0,178412345.0,0.0,Si,No,Mujer,343.0,2021-12-22,2021,False,1
CO1.PCCNTR.5527234,En ejecución,2023-11-21,2023-11-29,2024-11-22,Prestación de servicios,Mínima cuantía,1 Año(s),0,16545733.0,16545732.0,0.0,Si,No,Mujer,359.0,2023-11-21,2023,False,0
CO1.PCCNTR.5174251,Cerrado,2023-06-30,2023-06-30,2024-02-29,Prestación de servicios,Contratación directa,185 Dia(s),0,214245000.0,201020000.0,13225000.0,No,No,No definido,244.0,2023-06-30,2023,False,1
CO1.PCCNTR.6115561,Cerrado,2024-03-20,2024-03-27,2024-12-31,Prestación de servicios,Contratación directa,279 Dia(s),0,110390033.0,107569850.0,2820183.0,No,No,Hombre,279.0,2024-03-20,2024,False,1
CO1.PCCNTR.2340862,Cerrado,2021-03-26,2021-03-26,2021-12-15,Prestación de servicios,Contratación directa,236 Dia(s),0,123930939.0,122166807.0,1764132.0,No,No,No definido,264.0,2021-03-26,2021,False,1
CO1.PCCNTR.3151163,Cerrado,2021-12-31,2021-12-31,2022-11-06,Prestación de servicios,Contratación directa,210 Dia(s),0,47724602.0,47724602.0,0.0,No,No,No definido,310.0,2021-12-31,2021,False,1
CO1.PCCNTR.6128180,Cerrado,2024-03-21,2024-03-26,2024-11-21,Prestación de servicios,Contratación directa,8 Mes(es),0,80000000.0,80000000.0,0.0,No,No,No definido,240.0,2024-03-21,2024,False,1
CO1.PCCNTR.1650823,Cerrado,2020-07-23,2020-07-23,2021-06-18,Prestación de servicios,Contratación directa,1 Año(s),0,729800.0,729800.0,0.0,No,No,Hombre,330.0,2020-07-23,2020,False,1
CO1.PCCNTR.1309135,Cerrado,2020-03-03,2020-01-22,2020-12-31,Prestación de servicios,Contratación directa,Dia(s),0,98890000.0,98310000.0,580000.0,No,No,No definido,344.0,2020-03-03,2020,False,1
CO1.PCCNTR.1063642,Cerrado,2019-09-12,2019-08-15,2019-09-15,Compraventa,Mínima cuantía,No definido,0,3084500.0,3084500.0,0.0,Si,No,No definido,31.0,2019-09-12,2019,False,0
CO1.PCCNTR.9131503,En ejecución,2026-01-25,2026-01-27,2026-12-26,Prestación de servicios,Contratación directa,330 Dia(s),0,115500000.0,53900000.0,61600000.0,No,No,No definido,333.0,2026-01-25,2026,False,1
CO1.PCCNTR.6201910,Cerrado,2024-04-12,2024-04-17,2025-04-16,Prestación de servicios,Contratación directa,289 Dia(s),0,55917755.6,55917755.0,0.0,No,No,Hombre,364.0,2024-04-12,2024,False,1
CO1.PCCNTR.3788821,Cerrado,2022-07-21,2022-08-01,2022-12-31,Prestación de servicios,Selección abreviada de menor cuantía,7 Mes(es),0,395810898.0,384297769.0,11513128.0,Si,No,Hombre,152.0,2022-07-21,2022,False,0
CO1.PCCNTR.4712037,Cerrado,2023-03-02,2023-03-02,2023-07-01,Prestación de servicios,Contratación directa,4 Mes(es),0,30900000.0,30900000.0,0.0,No,No,No definido,121.0,2023-03-02,2023,False,1
CO1.PCCNTR.4670275,Cerrado,2023-02-24,2023-02-24,2023-06-21,Prestación de servicios,Contratación directa,4 Mes(es),0,22660000.0,22282333.0,377667.0,No,No,No definido,117.0,2023-02-24,2023,False,1
CO1.PCCNTR.510833,Cerrado,2018-09-24,2018-09-14,2018-12-31,Compraventa,Selección abreviada subasta inversa,No definido,0,2055803831.0,2055803831.0,0.0,No,Si,No definido,108.0,2018-09-24,2018,False,0
CO1.PCCNTR.8688895,Modificado,2025-12-11,2025-12-16,2026-10-31,Prestación de servicios,Contratación directa,319 Dia(s),92,55521200.0,33714320.0,21806880.0,No,No,Hombre,319.0,2025-12-11,2025,False,1
CO1.PCCNTR.2479763,Cerrado,2021-05-14,2021-05-14,2022-10-07,Prestación de servicios,Contratación directa,350 Dia(s),0,53766000.0,52736000.0,1030000.0,No,No,Hombre,511.0,2021-05-14,2021,False,1
CO1.PCCNTR.131108,Cerrado,2017-04-10,2017-03-30,2018-04-30,Prestación de servicios,Contratación directa (con ofertas),No definido,0,111107763.0,108899938.0,2207825.0,No,No,No definido,396.0,2017-04-10,2017,False,1
CO1.PCCNTR.5200274,Cerrado,2023-07-14,2023-07-14,2024-02-29,Prestación de servicios,Contratación directa,177 Dia(s),0,40532893.0,39506744.0,1026149.0,No,No,Hombre,230.0,2023-07-14,2023,False,1
CO1.PCCNTR.5185394,Cerrado,2023-07-06,2023-07-06,2024-02-29,Prestación de servicios,Contratación directa,180 Dia(s),0,121074573.0,115239654.0,5834919.0,No,No,No definido,238.0,2023-07-06,2023,False,1
CO1.PCCNTR.1998805,Cerrado,2020-12-07,2020-12-17,2022-07-31,Prestación de servicios,Contratación directa,626 Dia(s),0,57658100.0,0.0,57658100.0,No,No,No definido,591.0,2020-12-07,2020,False,1
CO1.PCCNTR.3537139,Cerrado,2022-02-03,2022-02-03,2022-12-31,Prestación de servicios,Contratación directa,338 Dia(s),0,68200000.0,66800000.0,1400000.0,No,No,Mujer,331.0,2022-02-03,2022,False,1
CO1.PCCNTR.1245608,Cerrado,2019-12-31,2019-12-30,2022-07-30,Prestación de servicios,Selección abreviada subasta inversa,Dia(s),0,134520254.0,50406866.0,84113387.0,Si,No,No definido,943.0,2019-12-31,2019,False,0
CO1.PCCNTR.1443911,Cerrado,2020-04-08,2020-03-12,2020-10-31,Prestación de servicios,Contratación directa,No definido,0,23600000.0,22900000.0,700000.0,No,No,No definido,233.0,2020-04-08,2020,False,1
CO1.PCCNTR.108874,Cerrado,2017-02-15,2017-02-02,2017-12-31,Prestación de servicios,Contratación directa (con ofertas),No definido,0,75480282.0,73476381.0,2003901.0,No,No,No definido,332.0,2017-02-15,2017,False,1
CO1.PCCNTR.6782295,Cerrado,2024-09-20,2024-09-25,2024-12-31,Prestación de servicios,Contratación directa,104 Dia(s),0,41899867.0,38676800.0,3223067.0,No,No,No definido,97.0,2024-09-20,2024,False,1
CO1.PCCNTR.5849681,Cerrado,2024-02-01,2024-02-05,2024-12-31,Prestación de servicios,Contratación directa,326 Dia(s),0,64700133.0,64501667.0,198466.0,No,No,Mujer,330.0,2024-02-01,2024,False,1
CO1.PCCNTR.185918,Cerrado,2017-11-01,2017-08-16,2018-09-28,Prestación de servicios,Contratación directa (con ofertas),No definido,0,58100291.0,57532072.0,568219.0,No,No,No definido,408.0,2017-11-01,2017,False,1
CO1.PCCNTR.6086020,Cerrado,2024-03-13,2024-03-19,2024-07-12,Prestación de servicios,Contratación directa,4 Mes(es),0,25600000.0,25600000.0,0.0,No,No,No definido,115.0,2024-03-13,2024,False,1
CO1.PCCNTR.1800702,Cerrado,2020-09-18,2020-09-18,2021-07-31,Prestación de servicios,Contratación directa,341 Dia(s),0,59528506.0,58830225.0,698281.0,No,No,No definido,316.0,2020-09-18,2020,False,1
CO1.PCCNTR.5592521,Cerrado,2023-11-29,2023-11-29,2024-04-30,Prestación de servicios,Contratación directa,158 Dia(s),0,31776771.0,30469238.0,1307533.0,No,No,No definido,153.0,2023-11-29,2023,False,1
CO1.PCCNTR.6560333,Cerrado,2024-07-23,2024-07-26,2024-12-31,Prestación de servicios,Contratación directa,157 Dia(s),0,30159393.0,29586746.0,572647.0,No,No,Hombre,158.0,2024-07-23,2024,False,1
CO1.PCCNTR.9780227,Aprobado,2026-08-06,,2026-12-31,Prestación de servicios,Contratación directa,143 Dia(s),0,21389700.0,0.0,21389700.0,No,No,Mujer,,2026-08-06,2026,False,1
CO1.PCCNTR.3537389,Cerrado,2022-02-03,2022-02-03,2022-12-31,Prestación de servicios,Contratación directa,338 Dia(s),0,107427889.0,107107209.0,320680.0,No,No,Mujer,331.0,2022-02-03,2022,False,1
CO1.PCCNTR.3543446,Cerrado,2022-02-03,2022-02-03,2022-12-31,Prestación de servicios,Contratación directa,337 Dia(s),0,86005000.0,85747500.0,257500.0,No,No,No definido,331.0,2022-02-03,2022,False,1
CO1.PCCNTR.1375248,Cerrado,2020-02-26,2020-02-11,2020-12-31,Prestación de servicios,Contratación directa,No definido,0,81297667.0,79594333.0,1703334.0,No,No,No definido,324.0,2020-02-26,2020,False,1
CO1.PCCNTR.357938,Cerrado,2018-03-02,2018-02-22,2018-06-01,Compraventa,Mínima cuantía,No definido,0,9499990.0,9499990.0,0.0,Si,No,No definido,99.0,2018-03-02,2018,False,0
CO1.PCCNTR.8487445,Modificado,2025-11-04,2025-11-18,2026-10-31,Prestación de servicios,Contratación directa,345 Dia(s),92,86542011.0,56083091.0,30458920.0,No,No,No definido,347.0,2025-11-04,2025,False,1
CO1.PCCNTR.110207,Cerrado,2017-02-15,2017-02-03,2018-05-31,Prestación de servicios,Contratación directa (con ofertas),No definido,0,110214328.0,107504139.0,2710189.0,No,No,No definido,482.0,2017-02-15,2017,False,1
CO1.PCCNTR.7573043,En ejecución,2025-02-28,2025-03-05,2025-12-04,Prestación de servicios,Contratación directa,9 Mes(es),0,58062816.0,58062816.0,0.0,No,No,No definido,274.0,2025-02-28,2025,False,1
CO1.PCCNTR.3154102,Cerrado,2021-12-31,2021-12-31,2022-11-05,Prestación de servicios,Contratación directa,206 Dia(s),0,96900835.0,95658517.0,1242318.0,No,No,No definido,309.0,2021-12-31,2021,False,1
CO1.PCCNTR.6568655,En ejecución,2024-08-12,2024-08-15,2024-11-30,Compraventa,Selección abreviada subasta inversa,150 Dia(s),0,2199282710.0,2199282710.0,0.0,No,Si,No definido,107.0,2024-08-12,2024,False,0
CO1.PCCNTR.6059822,En ejecución,2024-03-13,2024-03-15,2024-04-01,Compraventa,Selección abreviada subasta inversa,20 Dia(s),0,249200000.0,249200000.0,0.0,No,No,Hombre,17.0,2024-03-13,2024,False,0
CO1.PCCNTR.1445176,Cerrado,2020-04-08,2020-03-12,2021-02-28,Prestación de servicios,Contratación directa,Dia(s),0,141659733.0,139265484.0,2394249.0,No,No,No definido,353.0,2020-04-08,2020,False,1
CO1.PCCNTR.5967727,Cerrado,2024-02-21,2024-02-27,2024-12-31,Prestación de servicios,Contratación directa,310 Dia(s),0,116705449.0,111200475.0,5504974.0,No,No,No definido,308.0,2024-02-21,2024,False,1
CO1.PCCNTR.299583,Cerrado,2018-02-02,2018-01-18,2018-12-31,Prestación de servicios,Contratación directa,No definido,0,94520891.0,93701346.0,819545.0,No,No,Mujer,347.0,2018-02-02,2018,False,1
CO1.PCCNTR.87405,Cerrado,2016-12-07,2016-11-28,2017-10-31,Prestación de servicios,Contratación directa (con ofertas),No definido,0,56224423.0,0.0,56224423.0,No,No,No definido,337.0,2016-12-07,2016,False,1
CO1.PCCNTR.85705,Cerrado,2017-01-17,2016-11-24,2017-12-31,Prestación de servicios,Contratación directa (con ofertas),No definido,0,83587185.0,0.0,83587185.0,No,No,No definido,402.0,2017-01-17,2017,False,1
CO1.PCCNTR.3426929,Cerrado,2022-02-01,2022-02-01,2022-12-31,Prestación de servicios,Contratación directa,340 Dia(s),0,87771793.0,86739184.0,1032609.0,No,No,No definido,333.0,2022-02-01,2022,False,1
CO1.PCCNTR.2141389,Cerrado,2021-01-21,2021-01-22,2021-02-19,Prestación de servicios,Contratación directa,35 Dia(s),0,25000000.0,25000000.0,0.0,No,No,No definido,28.0,2021-01-21,2021,False,1
CO1.PCCNTR.8678408,Modificado,2025-12-18,2025-12-26,2026-10-31,Prestación de servicios,Contratación directa,321 Dia(s),92,85478400.0,49353600.0,36124800.0,No,No,Hombre,309.0,2025-12-18,2025,False,1
CO1.PCCNTR.148719,Cerrado,2017-08-08,2017-05-11,2018-10-12,Prestación de servicios,Contratación directa (con ofertas),No definido,0,83960043.0,83632713.0,327330.0,No,No,No definido,519.0,2017-08-08,2017,False,1
CO1.PCCNTR.9130808,En ejecución,2026-01-25,2026-01-26,2026-12-25,Prestación de servicios,Contratación directa,330 Dia(s),0,57750000.0,27125000.0,30625000.0,No,No,Mujer,333.0,2026-01-25,2026,False,1
CO1.PCCNTR.7524173,En ejecución,2025-02-20,2025-02-25,2025-11-24,Prestación de servicios,Contratación directa,9 Mes(es),0,114444000.0,113596267.0,847733.0,No,No,No definido,272.0,2025-02-20,2025,False,1
CO1.PCCNTR.1992354,Cerrado,2020-11-27,2020-11-27,2020-12-15,Prestación de servicios,Mínima cuantía,23 Dia(s),0,8000000.0,3290583.0,4709417.0,Si,No,Mujer,18.0,2020-11-27,2020,False,0
CO1.PCCNTR.94204,Cerrado,2017-01-13,2016-12-22,2017-12-31,Prestación de servicios,Contratación directa (con ofertas),No definido,0,78000440.0,0.0,78000440.0,No,No,No definido,374.0,2017-01-13,2017,False,1
CO1.PCCNTR.2729290,Cerrado,2021-08-19,2021-08-19,2021-12-31,Prestación de servicios,Contratación directa,150 Dia(s),0,19544184.0,18905485.0,638699.0,No,No,Hombre,134.0,2021-08-19,2021,False,1
CO1.PCCNTR.1614308,Cerrado,2020-06-16,2020-06-16,2021-04-30,Prestación de servicios,Contratación directa,331 Dia(s),0,57354005.0,56506575.0,847430.0,No,No,Hombre,318.0,2020-06-16,2020,False,1
CO1.PCCNTR.63204,Borrador,,2016-09-07,2016-12-31,Prestación de servicios,Contratación directa (con ofertas),No definido,0,27422720.0,0.0,27422720.0,No,No,No definido,115.0,2016-09-07,2016,False,1
CO1.PCCNTR.7054767,Modificado,2024-11-28,2024-12-10,2026-11-30,Prestación de servicios,Contratación directa,724 Dia(s),122,627654790.0,410106984.0,217547805.0,No,No,Hombre,720.0,2024-11-28,2024,False,1
CO1.PCCNTR.5614078,En ejecución,2023-12-13,2023-12-19,2023-12-22,Compraventa,Selección abreviada subasta inversa,10 Dia(s),0,287140000.0,287139997.0,3.0,Si,No,Hombre,3.0,2023-12-13,2023,False,0
CO1.PCCNTR.7426394,Cedido,2025-02-10,2025-02-12,2025-12-11,Prestación de servicios,Contratación directa,10 Mes(es),0,81160000.0,79536800.0,1623200.0,No,No,Hombre,302.0,2025-02-10,2025,False,1
CO1.PCCNTR.108963,Cerrado,2017-02-15,2017-02-01,2018-06-15,Prestación de servicios,Contratación directa (con ofertas),No definido,0,111074975.0,109308375.0,1766600.0,No,No,No definido,499.0,2017-02-15,2017,False,1
CO1.PCCNTR.7676253,En ejecución,2025-03-20,2025-03-26,2025-11-25,Prestación de servicios,Contratación directa,8 Mes(es),0,63475512.0,63475512.0,0.0,No,No,Mujer,244.0,2025-03-20,2025,False,1
CO1.PCCNTR.1463824,Cerrado,2020-04-08,2020-03-19,2021-04-30,Prestación de servicios,Contratación directa,Dia(s),0,101255867.0,101005233.0,250634.0,No,No,No definido,407.0,2020-04-08,2020,False,1
CO1.PCCNTR.1933943,Cerrado,2020-11-04,2020-11-04,2021-09-30,Prestación de servicios,Contratación directa,344 Dia(s),0,59997983.0,59150553.0,847430.0,No,No,Mujer,330.0,2020-11-04,2020,False,1
CO1.PCCNTR.6701712,Cerrado,2024-08-30,2024-09-04,2024-12-31,Prestación de servicios,Contratación directa,121 Dia(s),0,31631500.0,30088500.0,1543000.0,No,No,No definido,118.0,2024-08-30,2024,False,1
CO1.PCCNTR.5219580,Cerrado,2023-07-18,2023-07-18,2023-12-31,Prestación de servicios,Contratación directa,170 Dia(s),0,64895205.0,63749996.0,1145209.0,No,No,Hombre,166.0,2023-07-18,2023,False,1
CO1.PCCNTR.136107,Cerrado,2017-05-02,2017-04-19,2017-11-30,Prestación de servicios,Contratación directa (con ofertas),No definido,0,65682185.0,61266576.0,4415609.0,No,No,No definido,225.0,2017-05-02,2017,False,1
CO1.PCCNTR.85704,Cerrado,2016-12-19,2016-11-24,2017-12-31,Prestación de servicios,Contratación directa (con ofertas),No definido,0,83587185.0,0.0,83587185.0,No,No,No definido,402.0,2016-12-19,2016,False,1
CO1.PCCNTR.2685811,Cerrado,2021-11-24,2021-11-25,2021-12-31,Consultoría,Concurso de méritos abierto,206 Dia(s),0,738700000.0,738700000.0,0.0,Si,No,Hombre,36.0,2021-11-24,2021,False,0
CO1.PCCNTR.1515340,Cerrado,2020-05-11,2020-04-29,2020-12-15,Prestación de servicios,Mínima cuantía,Dia(s),0,23825148.0,21253490.0,2571658.0,Si,No,No definido,230.0,2020-05-11,2020,False,0
CO1.PCCNTR.3423002,Cerrado,2022-02-02,2022-02-02,2022-12-31,Prestación de servicios,Contratación directa,309 Dia(s),0,79008292.0,77170890.0,1837402.0,No,No,Mujer,332.0,2022-02-02,2022,False,1
CO1.PCCNTR.1552528,Cerrado,2020-05-19,2020-05-19,2021-04-30,Prestación de servicios,Contratación directa,358 Dia(s),0,45459158.0,45331104.0,128054.0,No,No,No definido,346.0,2020-05-19,2020,False,1
CO1.PCCNTR.3153333,Cerrado,2022-01-06,2022-01-06,2022-12-14,Compraventa,Selección abreviada subasta inversa,1 Año(s),0,324200284.94,324200284.0,0.0,Si,No,Mujer,342.0,2022-01-06,2022,False,0
CO1.PCCNTR.8614222,Modificado,2025-11-21,2025-12-01,2026-10-31,Prestación de servicios,Contratación directa,334 Dia(s),91,150872800.0,92812200.0,58060600.0,No,No,No definido,334.0,2025-11-21,2025,False,1
CO1.PCCNTR.685023,Cerrado,2018-12-26,2018-12-07,2019-11-30,Prestación de servicios,Contratación directa,No definido,0,113181486.0,111944868.0,1236618.0,No,No,Hombre,358.0,2018-12-26,2018,False,1
CO1.PCCNTR.143424,Cerrado,2017-07-07,2017-04-28,2018-08-31,Prestación de servicios,Contratación directa (con ofertas),No definido,0,63920890.0,63414191.0,506699.0,No,No,Mujer,490.0,2017-07-07,2017,False,1
CO1.PCCNTR.307121,Cerrado,2018-01-28,2018-01-22,2018-12-31,Prestación de servicios,Contratación directa,No definido,0,64743958.0,63995473.0,748485.0,Si,No,No definido,343.0,2018-01-28,2018,False,1
CO1.PCCNTR.5079697,Modificado,2023-07-24,2023-08-01,2026-11-30,Prestación de servicios,Licitación pública,36 Mes(es),122,21830634036.0,18192195030.0,3638439006.0,No,Si,No definido,1217.0,2023-07-24,2023,False,0
CO1.PCCNTR.5137280,Cerrado,2023-06-29,2023-06-29,2023-12-31,Prestación de servicios,Contratación directa,188 Dia(s),0,82848246.0,80231986.0,2616260.0,No,No,No definido,185.0,2023-06-29,2023,False,1
CO1.PCCNTR.9266839,En ejecución,2026-01-30,2026-01-30,2026-12-29,Prestación de servicios,Contratación directa,11 Mes(es),0,110000000.0,40333333.0,69666667.0,No,No,No definido,333.0,2026-01-30,2026,False,1
CO1.PCCNTR.1501709,Cerrado,2020-04-30,2020-04-08,2021-03-31,Prestación de servicios,Contratación directa,Dia(s),0,94818630.0,94284441.0,534189.0,No,No,No definido,357.0,2020-04-30,2020,False,1
CO1.PCCNTR.1317360,Cerrado,2020-03-03,2020-01-24,2020-12-31,Prestación de servicios,Contratación directa,No definido,0,85442096.0,85189309.0,252787.0,No,No,No definido,342.0,2020-03-03,2020,False,1
CO1.PCCNTR.3050190,Cerrado,2021-12-06,2021-12-06,2022-12-15,Prestación de servicios,Contratación directa,254 Dia(s),0,99598183.0,97323097.0,2275086.0,No,No,Hombre,374.0,2021-12-06,2021,False,1
CO1.PCCNTR.156311,Cerrado,2017-07-27,2017-06-01,2017-12-31,Prestación de servicios,Contratación directa (con ofertas),No definido,0,23770472.0,23107361.0,663111.0,No,No,No definido,213.0,2017-07-27,2017,False,1
CO1.PCCNTR.144412,Cerrado,2017-05-31,2017-05-02,2018-09-14,Prestación de servicios,Contratación directa (con ofertas),No definido,0,64026980.0,61167523.0,2859457.0,No,No,No definido,500.0,2017-05-31,2017,False,1
CO1.PCCNTR.7083787,Aprobado,2024-12-02,,2025-11-30,Prestación de servicios,Contratación directa,12 Mes(es),0,64714416.0,0.0,64714416.0,No,Si,No definido,,2024-12-02,2024,False,1
CO1.PCCNTR.298739,Cerrado,2018-01-28,2018-01-18,2018-12-31,Prestación de servicios,Contratación directa,No definido,0,83526568.0,82802349.0,724219.0,No,No,No definido,347.0,2018-01-28,2018,False,1
CO1.PCCNTR.246362,Cerrado,2017-12-15,2017-12-07,2018-07-31,Prestación de servicios,Contratación directa (con ofertas),No definido,0,54587944.0,52313446.0,2274498.0,No,No,No definido,236.0,2017-12-15,2017,False,1
CO1.PCCNTR.7458160,Modificado,2025-02-13,2025-02-18,2025-12-31,Prestación de servicios,Contratación directa,316 Dia(s),76,108924000.0,108228000.0,696000.0,No,No,Hombre,316.0,2025-02-13,2025,False,1
CO1.PCCNTR.5473395,Cerrado,2023-10-24,2023-10-25,2025-10-31,Prestación de servicios,Selección abreviada subasta inversa,3 Año(s),0,194499113.0,183316755.0,11182357.0,No,No,No definido,737.0,2023-10-24,2023,False,0
CO1.PCCNTR.1889015,Cerrado,2020-11-02,2020-11-03,2021-12-31,Prestación de servicios,Contratación directa,455 Dia(s),0,8578730.0,8578729.0,0.0,Si,No,No definido,423.0,2020-11-02,2020,False,1
CO1.PCCNTR.6785293,Cerrado,2024-09-18,2024-09-25,2025-02-21,Prestación de servicios,Contratación directa,161 Dia(s),52,32366667.0,31850000.0,516667.0,No,No,Hombre,149.0,2024-09-18,2024,False,1
CO1.PCCNTR.9259746,En ejecución,2026-01-29,2026-02-05,2026-12-31,Prestación de servicios,Contratación directa,330 Dia(s),0,124500321.0,54327413.0,70172908.0,No,No,No definido,329.0,2026-01-29,2026,False,1
CO1.PCCNTR.2056316,Cerrado,2020-12-18,2020-12-18,2020-12-31,Prestación de servicios,Contratación directa,20 Dia(s),0,9000000.0,6666667.0,2333333.0,No,No,Hombre,13.0,2020-12-18,2020,False,1
CO1.PCCNTR.683966,Cerrado,2018-12-26,2018-12-07,2019-10-23,Prestación de servicios,Contratación directa,No definido,0,53500000.0,52833333.0,666667.0,No,No,No definido,320.0,2018-12-26,2018,False,1
CO1.PCCNTR.1670127,Cerrado,2020-07-30,2020-07-30,2022-10-31,Prestación de servicios,Mínima cuantía,12 Mes(es),0,35000000.0,981544.0,34018456.0,Si,No,No definido,823.0,2020-07-30,2020,False,0
CO1.PCCNTR.532407,Cerrado,2018-09-03,2018-08-17,2019-03-08,Prestación de servicios,Contratación directa,No definido,0,28604887.0,28186278.0,418609.0,No,No,No definido,203.0,2018-09-03,2018,False,1
CO1.PCCNTR.5185891,Cerrado,2023-07-06,2023-07-06,2023-12-31,Prestación de servicios,Contratación directa,180 Dia(s),0,19626650.0,18777930.0,848720.0,No,No,Hombre,178.0,2023-07-06,2023,False,1
CO1.PCCNTR.3137747,Cerrado,2021-12-24,2021-12-24,2022-11-22,Prestación de servicios,Contratación directa,221 Dia(s),0,104365935.0,102812870.0,1553065.0,No,No,Hombre,333.0,2021-12-24,2021,False,1
CO1.PCCNTR.9116612,En ejecución,2026-01-29,2026-01-30,2026-12-31,Prestación de servicios,Contratación directa,338 Dia(s),0,1555330.0,151130.0,1404200.0,No,No,Mujer,335.0,2026-01-29,2026,False,1
CO1.PCCNTR.6114335,Cerrado,2024-03-19,2024-03-21,2024-12-31,Prestación de servicios,Contratación directa,285 Dia(s),0,63466667.0,63466667.0,0.0,No,No,No definido,285.0,2024-03-19,2024,False,1
CO1.PCCNTR.2207881,Cerrado,2021-02-25,2021-02-25,2021-10-29,Prestación de servicios,Contratación directa,333 Dia(s),0,31829666.0,31248833.0,580833.0,No,No,No definido,246.0,2021-02-25,2021,False,1
CO1.PCCNTR.2208107,Cerrado,2021-02-11,2021-02-11,2021-11-30,Prestación de servicios,Contratación directa,333 Dia(s),0,91364671.0,90460070.0,904601.0,No,No,No definido,292.0,2021-02-11,2021,False,1
CO1.PCCNTR.122326,Cerrado,2017-04-03,2017-03-08,2017-12-31,Prestación de servicios,Contratación directa (con ofertas),No definido,0,95534226.0,86783220.0,8751006.0,No,No,No definido,298.0,2017-04-03,2017,False,1
CO1.PCCNTR.239143,Cerrado,2017-12-15,2017-11-29,2017-12-31,Prestación de servicios,Contratación directa (con ofertas),No definido,0,5529906.0,3647385.0,1882521.0,No,No,No definido,32.0,2017-12-15,2017,False,1
CO1.PCCNTR.300158,Cerrado,2018-01-28,2018-01-19,2018-12-31,Prestación de servicios,Contratación directa,No definido,0,105000000.0,104123935.0,876065.0,No,No,No definido,346.0,2018-01-28,2018,False,1
CO1.PCCNTR.6499997,En ejecución,2024-07-09,2024-07-19,2026-07-31,Prestación de servicios,Mínima cuantía,25 Mes(es),0,38600000.0,13696658.0,24903341.0,Si,No,Hombre,742.0,2024-07-09,2024,False,0
CO1.PCCNTR.4175839,Cerrado,2022-11-08,2022-11-09,2022-11-30,Prestación de servicios,Mínima cuantía,26 Dia(s),0,9500900.0,9500900.0,0.0,Si,No,Mujer,21.0,2022-11-08,2022,False,0
CO1.PCCNTR.8730112,Modificado,2025-12-24,2025-12-29,2026-10-31,Prestación de servicios,Contratación directa,307 Dia(s),92,68104800.0,40148200.0,27956600.0,No,No,Hombre,306.0,2025-12-24,2025,False,1
CO1.PCCNTR.7574963,En ejecución,2025-02-28,2025-03-04,2025-08-31,Prestación de servicios,Contratación directa,182 Dia(s),0,61000000.0,59000000.0,2000000.0,No,No,Hombre,180.0,2025-02-28,2025,False,1
CO1.PCCNTR.8707392,Modificado,2025-12-19,2025-12-26,2026-10-31,Prestación de servicios,Contratación directa,309 Dia(s),92,46518267.0,26726333.0,19791934.0,No,No,Mujer,309.0,2025-12-19,2025,False,1
CO1.PCCNTR.5230885,Cerrado,2023-07-21,2023-07-21,2023-12-31,Prestación de servicios,Contratación directa,166 Dia(s),0,24860995.0,22143947.0,2717048.0,No,No,Mujer,163.0,2023-07-21,2023,False,1
CO1.PCCNTR.5213416,Cerrado,2023-07-14,2023-07-14,2023-12-31,Prestación de servicios,Contratación directa,172 Dia(s),0,23733148.0,18822841.0,4910307.0,No,No,Mujer,170.0,2023-07-14,2023,False,1
CO1.PCCNTR.5979838,Cerrado,2024-02-21,2024-02-29,2024-12-31,Prestación de servicios,Contratación directa,302 Dia(s),0,41776667.0,41638333.0,138334.0,No,No,Hombre,306.0,2024-02-21,2024,False,1
CO1.PCCNTR.6069247,Cerrado,2024-03-11,2024-03-14,2024-12-31,Prestación de servicios,Contratación directa,287 Dia(s),0,28373930.0,28373930.0,0.0,No,No,Mujer,292.0,2024-03-11,2024,False,1
CO1.PCCNTR.8586592,Modificado,2025-11-18,2025-11-24,2026-10-31,Prestación de servicios,Contratación directa,341 Dia(s),91,109120000.0,66293333.0,42826667.0,No,No,No definido,341.0,2025-11-18,2025,False,1
CO1.PCCNTR.5044171,Cerrado,2023-06-07,2023-06-07,2024-03-31,Prestación de servicios,Contratación directa,209 Dia(s),0,39143200.0,38490813.0,652387.0,No,No,No definido,298.0,2023-06-07,2023,False,1
CO1.PCCNTR.631005,Cerrado,2018-12-04,2018-11-08,2019-12-31,Otro,Contratación directa (con ofertas),Dia(s),0,6291046339.0,6291046338.0,1.0,No,No,Hombre,418.0,2018-12-04,2018,False,1
CO1.PCCNTR.140702,Cerrado,2017-06-22,2017-04-27,2017-05-31,Compraventa,Mínima cuantía,No definido,0,29744050.0,29744050.0,0.0,No,No,Mujer,34.0,2017-06-22,2017,False,0
CO1.PCCNTR.299865,Cerrado,2018-02-02,2018-01-19,2018-12-31,Prestación de servicios,Contratación directa,No definido,0,46718477.0,46178379.0,540098.0,No,No,No definido,346.0,2018-02-02,2018,False,1
CO1.PCCNTR.145704,Cerrado,2017-07-25,2017-05-09,2018-10-12,Prestación de servicios,Contratación directa (con ofertas),No definido,0,234757761.0,234757761.0,0.0,No,No,No definido,521.0,2017-07-25,2017,False,1
CO1.PCCNTR.3398117,Cerrado,2022-02-02,2022-02-02,2022-12-31,Prestación de servicios,Contratación directa,341 Dia(s),0,32170731.0,31700399.0,470332.0,No,No,No definido,332.0,2022-02-02,2022,False,1
CO1.PCCNTR.8521616,Modificado,2025-10-31,2025-11-05,2026-10-31,Prestación de servicios,Contratación directa,362 Dia(s),91,1327917038.0,1256714275.0,71202763.0,Si,No,Hombre,360.0,2025-10-31,2025,False,1
CO1.PCCNTR.1992706,Cerrado,2020-12-02,2020-12-02,2021-12-31,Prestación de servicios,Contratación directa,353 Dia(s),0,103750000.0,102250000.0,1500000.0,No,No,No definido,394.0,2020-12-02,2020,False,1
CO1.PCCNTR.5502960,Cerrado,2023-11-07,2023-11-07,2023-12-31,Prestación de servicios,Contratación directa,61 Dia(s),0,7532390.0,6365400.0,1166990.0,No,No,Mujer,54.0,2023-11-07,2023,False,1
CO1.PCCNTR.1612587,Cerrado,2020-07-03,2020-07-03,2021-04-17,Prestación de servicios,Contratación directa,211 Dia(s),0,47666873.0,46630636.0,1036237.0,No,No,No definido,288.0,2020-07-03,2020,False,1
CO1.PCCNTR.6634223,Cerrado,2024-08-14,2024-08-16,2024-12-31,Prestación de servicios,Contratación directa,137 Dia(s),0,19638667.0,18540000.0,1098667.0,No,No,Mujer,137.0,2024-08-14,2024,False,1
CO1.PCCNTR.73102,Cerrado,2016-10-25,2016-10-19,2016-10-28,Prestación de servicios,Contratación directa (con ofertas),Dia(s),0,5257348.0,5257348.0,0.0,No,No,No definido,9.0,2016-10-25,2016,False,1
CO1.PCCNTR.5891486,Cerrado,2024-02-06,2024-02-13,2024-12-31,Prestación de servicios,Contratación directa,318 Dia(s),0,97545408.0,97238662.0,306746.0,No,No,No definido,322.0,2024-02-06,2024,False,1
CO1.PCCNTR.4663814,Cerrado,2023-02-23,2023-02-23,2023-06-20,Prestación de servicios,Contratación directa,120 Dia(s),0,38000000.0,37366666.0,633333.0,No,No,No definido,117.0,2023-02-23,2023,False,1
CO1.PCCNTR.110220,Cerrado,2017-02-11,2017-02-03,2018-06-18,Prestación de servicios,Contratación directa (con ofertas),No definido,0,68548765.0,66923103.0,1625662.0,No,No,No definido,500.0,2017-02-11,2017,False,1
CO1.PCCNTR.266945,Cerrado,2018-01-23,2017-12-28,2018-11-30,Prestación de servicios,Contratación directa,No definido,0,110900218.0,110257431.0,642786.0,No,No,No definido,337.0,2018-01-23,2018,False,1
CO1.PCCNTR.7382838,En ejecución,2025-02-06,2025-02-10,2025-10-09,Prestación de servicios,Contratación directa,8 Mes(es),0,101712000.0,100864400.0,847600.0,No,No,Hombre,241.0,2025-02-06,2025,False,1
CO1.PCCNTR.4788536,Cerrado,2023-03-22,2023-03-22,2023-12-31,Prestación de servicios,Contratación directa,289 Dia(s),0,77958797.0,75793274.0,2165522.0,No,No,Hombre,284.0,2023-03-22,2023,False,1
CO1.PCCNTR.109519,Cerrado,2017-02-11,2017-02-06,2017-12-31,Prestación de servicios,Contratación directa (con ofertas),No definido,0,26933505.0,23278811.0,3654694.0,No,No,No definido,328.0,2017-02-11,2017,False,1
CO1.PCCNTR.1317412,Cerrado,2020-03-03,2020-01-24,2020-12-31,Prestación de servicios,Contratación directa,No definido,0,65795835.0,65601173.0,194662.0,No,No,No definido,342.0,2020-03-03,2020,False,1
CO1.PCCNTR.3400027,Cerrado,2022-02-03,2022-02-03,2022-12-31,Prestación de servicios,Contratación directa,310 Dia(s),0,142968326.0,140059087.0,2909239.0,No,No,Mujer,331.0,2022-02-03,2022,False,1
CO1.PCCNTR.5827531,Cerrado,2024-01-29,2024-02-01,2024-12-31,Prestación de servicios,Contratación directa,10 Mes(es),0,93885000.0,93885000.0,0.0,No,No,Hombre,334.0,2024-01-29,2024,False,1
CO1.PCCNTR.210714,Cerrado,2017-10-18,2017-10-04,2018-10-31,Prestación de servicios,Contratación directa (con ofertas),No definido,0,52274079.0,52005318.0,268761.0,No,No,No definido,392.0,2017-10-18,2017,False,1
CO1.PCCNTR.7603724,En ejecución,2025-03-06,2025-03-11,2025-11-10,Prestación de servicios,Contratación directa,8 Mes(es),0,34672000.0,34672000.0,0.0,No,No,Hombre,244.0,2025-03-06,2025,False,1
CO1.PCCNTR.1317428,Cerrado,2020-03-12,2020-01-24,2020-12-31,Prestación de servicios,Contratación directa,Dia(s),0,67440734.0,67241206.0,199528.0,No,No,No definido,342.0,2020-03-12,2020,False,1
CO1.PCCNTR.2163352,Cerrado,2021-02-05,2021-02-05,2021-12-31,Prestación de servicios,Contratación directa,343 Dia(s),0,39922800.0,24630733.0,15292067.0,No,No,No definido,329.0,2021-02-05,2021,False,1
CO1.PCCNTR.1092534,Cancelado,,2019-10-01,2022-07-31,Prestación de servicios,Licitación pública,No definido,0,15675285625.05,0.0,15675285625.0,No,Si,No definido,1034.0,2019-10-01,2019,False,0
CO1.PCCNTR.4140436,Cerrado,2022-11-08,2022-11-08,2022-12-31,Prestación de servicios,Contratación directa,78 Dia(s),0,24383333.0,22800000.0,1583333.0,No,No,No definido,53.0,2022-11-08,2022,False,1
CO1.PCCNTR.5269711,Cerrado,2023-08-11,2023-08-11,2024-02-29,Prestación de servicios,Contratación directa,151 Dia(s),0,46569880.0,45695328.0,874552.0,No,No,No definido,202.0,2023-08-11,2023,False,1
CO1.PCCNTR.328826,Terminado,2018-02-06,2018-01-26,2018-12-31,Prestación de servicios,Contratación directa,Dia(s),0,154365900.0,0.0,154365900.0,No,No,No definido,339.0,2018-02-06,2018,False,1
CO1.PCCNTR.8671518,Modificado,2025-12-05,2025-12-12,2026-10-31,Prestación de servicios,Contratación directa,330 Dia(s),92,90717086.0,55012111.0,35704975.0,No,No,Mujer,323.0,2025-12-05,2025,False,1
CO1.PCCNTR.8695530,En ejecución,2025-12-19,2025-12-24,2026-07-31,Prestación de servicios,Contratación directa,231 Dia(s),0,35328256.0,30169980.0,5158276.0,No,No,Mujer,219.0,2025-12-19,2025,False,1
CO1.PCCNTR.3553701,Modificado,2022-02-07,2022-02-07,2022-02-15,Otro,Contratación directa,347 Dia(s),0,3432068939.0,0.0,3432068939.0,No,No,No definido,8.0,2022-02-07,2022,False,1
CO1.PCCNTR.7162238,Modificado,2024-12-20,2024-12-24,2026-07-31,Otro,Contratación directa,581 Dia(s),228,18000000000.0,13280028751.0,4719971249.0,No,No,No definido,584.0,2024-12-20,2024,False,1
CO1.PCCNTR.3539655,Cerrado,2022-02-03,2022-02-03,2022-12-31,Prestación de servicios,Contratación directa,338 Dia(s),0,180371394.0,37665790.0,142705603.0,No,No,No definido,331.0,2022-02-03,2022,False,1
CO1.PCCNTR.7301304,Cerrado,2025-01-24,2025-01-30,2025-10-29,Prestación de servicios,Contratación directa,9 Mes(es),0,72864000.0,72864000.0,0.0,No,No,Hombre,272.0,2025-01-24,2025,False,1
CO1.PCCNTR.7710129,Cerrado,2025-03-28,2025-04-04,2025-12-03,Prestación de servicios,Contratación directa,8 Mes(es),0,34673920.0,34673920.0,0.0,No,No,Mujer,243.0,2025-03-28,2025,False,1
CO1.PCCNTR.642253,Cerrado,2018-12-12,2018-11-29,2018-12-31,Compraventa,Mínima cuantía,No definido,0,30000000.0,0.0,30000000.0,Si,No,No definido,32.0,2018-12-12,2018,False,0
CO1.PCCNTR.626602,Cerrado,2018-11-08,2018-10-30,2018-12-31,Prestación de servicios,Contratación directa,No definido,0,8328764.0,6865603.0,1463161.0,No,No,No definido,62.0,2018-11-08,2018,False,1
CO1.PCCNTR.8339814,En ejecución,2025-09-19,2025-09-23,2025-12-31,Prestación de servicios,Contratación directa,103 Dia(s),0,32693200.0,28864267.0,3828933.0,No,No,Hombre,99.0,2025-09-19,2025,False,1
CO1.PCCNTR.4712823,Cerrado,2023-03-02,2023-03-02,2023-07-01,Prestación de servicios,Contratación directa,4 Mes(es),0,22624324.0,22624324.0,0.0,No,No,No definido,121.0,2023-03-02,2023,False,1
CO1.PCCNTR.2208317,Cerrado,2021-02-17,2021-02-17,2021-10-29,Prestación de servicios,Contratación directa,333 Dia(s),0,54670891.0,53673247.0,997644.0,No,No,Mujer,254.0,2021-02-17,2021,False,1
CO1.PCCNTR.1611331,Cerrado,2020-06-16,2020-06-16,2020-12-31,Prestación de servicios,Contratación directa,212 Dia(s),0,29680000.0,29260000.0,420000.0,No,No,No definido,198.0,2020-06-16,2020,False,1
CO1.PCCNTR.8710710,Modificado,2025-12-19,2025-12-23,2026-10-31,Prestación de servicios,Contratación directa,312 Dia(s),91,83798000.0,50024867.0,33773133.0,No,No,Hombre,312.0,2025-12-19,2025,False,1
CO1.PCCNTR.2341103,Cerrado,2021-03-26,2021-03-26,2021-12-15,Prestación de servicios,Contratación directa,235 Dia(s),0,120321306.0,118180358.0,2140948.0,No,No,No definido,264.0,2021-03-26,2021,False,1
CO1.PCCNTR.2207297,Cerrado,2021-02-17,2021-02-17,2021-10-31,Prestación de servicios,Contratación directa,333 Dia(s),0,82629066.0,81422802.0,1206264.0,No,No,No definido,256.0,2021-02-17,2021,False,1
CO1.PCCNTR.4778985,Cerrado,2023-03-21,2023-03-21,2023-12-31,Prestación de servicios,Contratación directa,290 Dia(s),0,41136667.0,20640000.0,20496667.0,No,No,Mujer,285.0,2023-03-21,2023,False,1
CO1.PCCNTR.2064899,Cerrado,2021-01-12,2021-01-12,2021-04-30,Prestación de servicios,Contratación directa,312 Dia(s),0,14100000.0,13500000.0,600000.0,No,No,No definido,108.0,2021-01-12,2021,False,1
CO1.PCCNTR.7533035,En ejecución,2025-02-21,2025-02-26,2025-11-25,Prestación de servicios,Contratación directa,9 Mes(es),0,114444000.0,113596266.0,847733.0,Si,No,No definido,272.0,2025-02-21,2025,False,1
CO1.PCCNTR.8652357,En ejecución,2025-12-05,2025-12-05,2025-12-15,Compraventa,Selección abreviada subasta inversa,12 Dia(s),0,615396000.0,615396000.0,0.0,No,Si,No definido,10.0,2025-12-05,2025,False,0
CO1.PCCNTR.3485061,Cerrado,2022-02-03,2022-02-03,2022-11-30,Prestación de servicios,Contratación directa,306 Dia(s),0,124659008.0,121166072.0,3492936.0,No,No,Hombre,300.0,2022-02-03,2022,False,1
CO1.PCCNTR.138112,Cerrado,2017-05-17,2017-04-17,2017-10-16,Consultoría,Concurso de méritos abierto,No definido,0,232353900.0,232353900.0,0.0,Si,No,Hombre,182.0,2017-05-17,2017,False,0
CO1.PCCNTR.3056441,Cerrado,2021-12-02,2021-12-02,2022-12-15,Prestación de servicios,Contratación directa,251 Dia(s),0,40067000.0,39552000.0,515000.0,No,No,Mujer,378.0,2021-12-02,2021,False,1
CO1.PCCNTR.2213461,Cerrado,2021-02-11,2021-02-11,2022-06-15,Prestación de servicios,Contratación directa,332 Dia(s),0,86878500.0,85858500.0,1020000.0,No,No,No definido,489.0,2021-02-11,2021,False,1
CO1.PCCNTR.146515,Cerrado,2017-07-25,2017-05-09,2018-10-12,Prestación de servicios,Contratación directa (con ofertas),No definido,0,234757761.0,234757761.0,0.0,No,No,No definido,521.0,2017-07-25,2017,False,1
CO1.PCCNTR.4512234,Cerrado,2023-01-30,2023-01-30,2023-05-30,Prestación de servicios,Contratación directa,4 Mes(es),0,21159568.0,21159568.0,0.0,No,No,Mujer,120.0,2023-01-30,2023,False,1
CO1.PCCNTR.3553042,Cerrado,2022-02-03,2022-02-03,2022-10-31,Prestación de servicios,Contratación directa,273 Dia(s),0,763491213.0,683153352.0,80337860.0,Si,No,Hombre,270.0,2022-02-03,2022,False,1
CO1.PCCNTR.7611581,Terminado,2025-03-11,2025-03-14,2025-11-13,Prestación de servicios,Contratación directa,8 Mes(es),0,34672000.0,11990733.0,22681267.0,No,No,Mujer,244.0,2025-03-11,2025,False,1
CO1.PCCNTR.9780342,Aprobado,2026-08-06,,2026-12-31,Prestación de servicios,Contratación directa,143 Dia(s),0,34387080.0,0.0,34387080.0,No,No,Mujer,,2026-08-06,2026,False,1
CO1.PCCNTR.8630192,Modificado,2025-11-27,2025-12-03,2026-12-29,Prestación de servicios,Contratación directa,395 Dia(s),151,236003093.0,124620200.0,111382893.0,No,No,No definido,391.0,2025-11-27,2025,False,1
CO1.PCCNTR.829949,Cerrado,2019-02-26,2019-02-12,2019-12-31,Prestación de servicios,Contratación directa,No definido,0,52845808.0,51126741.0,1719067.0,No,No,Hombre,322.0,2019-02-26,2019,False,1
CO1.PCCNTR.911903,Cerrado,2019-08-01,2019-04-15,2019-12-31,Suministros,Mínima cuantía,Dia(s),0,70000000.0,68805035.0,1194965.0,Si,No,Hombre,260.0,2019-08-01,2019,False,0
CO1.PCCNTR.95501,Cerrado,2016-12-30,2016-12-26,2017-09-27,Prestación de servicios,Contratación directa (con ofertas),No definido,0,91492797.0,0.0,91492797.0,No,No,No definido,275.0,2016-12-30,2016,False,1
CO1.PCCNTR.5914622,Cerrado,2024-02-09,2024-02-14,2024-12-31,Prestación de servicios,Contratación directa,321 Dia(s),0,92891567.0,92598533.0,293034.0,No,No,No definido,321.0,2024-02-09,2024,False,1
CO1.PCCNTR.2163365,Cerrado,2021-02-20,2021-02-20,2021-06-30,Prestación de servicios,Contratación directa,159 Dia(s),0,27733412.0,27219785.0,513627.0,No,No,No definido,130.0,2021-02-20,2021,False,1
CO1.PCCNTR.2038815,Cerrado,2021-01-14,2021-01-14,2021-01-14,Prestación de servicios,Contratación directa,28 Dia(s),14,5111107.0,3867865.0,1243242.0,No,No,Hombre,0.0,2021-01-14,2021,False,1
CO1.PCCNTR.111724,Cerrado,2017-02-22,2017-02-13,2017-12-31,Prestación de servicios,Contratación directa (con ofertas),No definido,0,80834824.0,78385280.0,2449544.0,No,No,No definido,321.0,2017-02-22,2017,False,1
CO1.PCCNTR.1988350,Cerrado,2020-12-02,2020-12-02,2021-04-30,Prestación de servicios,Contratación directa,354 Dia(s),0,55546736.0,53662731.0,1884005.0,No,No,No definido,149.0,2020-12-02,2020,False,1
CO1.PCCNTR.8614992,En ejecución,2025-11-21,2025-12-01,2026-07-31,Prestación de servicios,Contratación directa,240 Dia(s),0,53869389.0,47095394.0,6773995.0,No,No,No definido,242.0,2025-11-21,2025,False,1
CO1.PCCNTR.5556168,Cerrado,2023-11-30,2023-12-04,2024-11-23,Prestación de servicios,Mínima cuantía,12 Mes(es),0,7934929.0,7934929.0,0.0,No,No,No definido,355.0,2023-11-30,2023,False,0
CO1.PCCNTR.9219866,En ejecución,2026-01-28,2026-02-01,2026-11-30,Operaciones de crédito público,Contratación directa,10 Mes(es),0,1577003441.0,0.0,1577003441.0,No,No,No definido,302.0,2026-01-28,2026,False,1
CO1.PCCNTR.2428325,Cerrado,2021-05-03,2021-05-03,2021-12-15,Prestación de servicios,Contratación directa,231 Dia(s),0,109817807.0,107171595.0,2646212.0,No,No,Hombre,226.0,2021-05-03,2021,False,1
CO1.PCCNTR.109744,Cerrado,2017-02-09,2017-02-06,2018-06-15,Prestación de servicios,Contratación directa (con ofertas),No definido,0,111074975.0,107762600.0,3312375.0,No,No,Hombre,494.0,2017-02-09,2017,False,1
CO1.PCCNTR.7549652,Terminado,2025-02-26,2025-03-03,2025-11-02,Prestación de servicios,Contratación directa,8 Mes(es),0,84160000.0,23494667.0,60665333.0,No,No,No definido,244.0,2025-02-26,2025,False,1
CO1.PCCNTR.77603,Cerrado,2016-11-01,2016-10-20,2017-06-20,Prestación de servicios,Contratación directa (con ofertas),Dia(s),0,108522507.0,0.0,108522507.0,No,No,No definido,243.0,2016-11-01,2016,False,1
CO1.PCCNTR.6198174,Cerrado,2024-04-12,2024-04-17,2024-12-31,Prestación de servicios,Contratación directa,254 Dia(s),0,145868805.0,145868805.0,0.0,No,No,No definido,258.0,2024-04-12,2024,False,1
CO1.PCCNTR.6692503,Cerrado,2024-08-29,2024-09-04,2024-12-31,Prestación de servicios,Contratación directa,123 Dia(s),0,16375400.0,15576600.0,798800.0,No,No,Mujer,118.0,2024-08-29,2024,False,1
CO1.PCCNTR.269635,Cerrado,2018-01-11,2017-12-29,2018-11-16,Prestación de servicios,Contratación directa,No definido,0,65504384.0,64892193.0,612191.0,No,No,No definido,322.0,2018-01-11,2018,False,1
CO1.PCCNTR.7992231,En ejecución,2025-06-18,2025-06-20,2025-12-15,Prestación de servicios,Contratación directa,176 Dia(s),0,70800000.0,70400000.0,400000.0,No,No,No definido,178.0,2025-06-18,2025,False,1
CO1.PCCNTR.3424079,Cerrado,2022-02-03,2022-02-03,2022-12-31,Prestación de servicios,Contratación directa,340 Dia(s),0,42061691.0,41446754.0,614937.0,No,No,No definido,331.0,2022-02-03,2022,False,1
CO1.PCCNTR.139104,Cerrado,2017-05-02,2017-04-19,2018-03-28,Prestación de servicios,Contratación directa (con ofertas),No definido,0,44414230.0,30041863.0,14372367.0,No,No,No definido,343.0,2017-05-02,2017,False,1
CO1.PCCNTR.7609875,En ejecución,2025-03-06,2025-03-12,2025-11-11,Prestación de servicios,Contratación directa,8 Mes(es),0,34672000.0,34672000.0,0.0,No,No,Mujer,244.0,2025-03-06,2025,False,1
CO1.PCCNTR.2227754,Cerrado,2021-02-20,2021-02-20,2022-11-21,Prestación de servicios,Contratación directa,330 Dia(s),0,84398593.0,83713817.0,684776.0,No,No,Mujer,639.0,2021-02-20,2021,False,1
CO1.PCCNTR.4357299,Cerrado,2023-01-11,2023-01-11,2023-12-31,Prestación de servicios,Contratación directa,246 Dia(s),0,76291205.0,75873171.0,418034.0,No,No,Hombre,354.0,2023-01-11,2023,False,1
CO1.PCCNTR.337616,Cerrado,2018-02-16,2018-02-07,2019-02-28,Prestación de servicios,Mínima cuantía,No definido,0,54140000.0,54140000.0,0.0,Si,No,Mujer,386.0,2018-02-16,2018,False,0
CO1.PCCNTR.797203,Cerrado,2019-03-01,2019-01-30,2019-12-31,Prestación de servicios,Contratación directa,No definido,0,66185159.0,64433199.0,1751960.0,No,No,No definido,335.0,2019-03-01,2019,False,1
CO1.PCCNTR.8493110,Modificado,2025-10-25,2025-10-31,2026-10-31,Prestación de servicios,Contratación directa,360 Dia(s),92,83649090.0,54956790.0,28692300.0,No,No,No definido,365.0,2025-10-25,2025,False,1
CO1.PCCNTR.134901,Cerrado,2017-05-02,2017-04-05,2018-03-26,Prestación de servicios,Contratación directa (con ofertas),Dia(s),0,48384000.0,20238667.0,28145333.0,No,No,Hombre,355.0,2017-05-02,2017,False,1
CO1.PCCNTR.453102,Cerrado,2018-06-29,2018-06-20,2019-03-29,Prestación de servicios,Contratación directa,No definido,0,45445979.0,45286222.0,159757.0,No,No,Hombre,282.0,2018-06-29,2018,False,1
CO1.PCCNTR.4176600,Cerrado,2022-11-02,2022-11-02,2023-10-31,Prestación de servicios,Mínima cuantía,1 Año(s),0,5375267.0,843716.0,4531551.0,Si,No,Hombre,363.0,2022-11-02,2022,False,0
CO1.PCCNTR.8717216,Modificado,2025-12-19,2025-12-23,2026-10-31,Prestación de servicios,Contratación directa,312 Dia(s),92,121874200.0,72535400.0,49338800.0,No,No,Mujer,312.0,2025-12-19,2025,False,1
CO1.PCCNTR.520432,Cerrado,2018-08-17,2018-08-09,2019-03-15,Prestación de servicios,Contratación directa,No definido,0,57409103.0,55367889.0,2041214.0,No,No,No definido,218.0,2018-08-17,2018,False,1
CO1.PCCNTR.5270860,Cerrado,2023-08-11,2023-08-11,2024-03-13,Prestación de servicios,Contratación directa,153 Dia(s),0,76412014.87,75047514.0,1364500.0,No,No,No definido,215.0,2023-08-11,2023,False,1
CO1.PCCNTR.7775428,Cerrado,2025-04-22,2025-04-29,2025-11-28,Prestación de servicios,Contratación directa,7 Mes(es),4,30338000.0,30338000.0,0.0,No,No,Mujer,213.0,2025-04-22,2025,False,1
CO1.PCCNTR.5137935,Cerrado,2023-06-30,2023-06-30,2023-12-31,Prestación de servicios,Contratación directa,188 Dia(s),0,36954683.0,35787693.0,1166990.0,No,No,No definido,184.0,2023-06-30,2023,False,1
CO1.PCCNTR.5074390,Cerrado,2023-06-15,2023-06-15,2023-12-31,Prestación de servicios,Contratación directa,201 Dia(s),0,35618606.0,31563022.0,4055584.0,No,No,Mujer,199.0,2023-06-15,2023,False,1
CO1.PCCNTR.5748989,Cerrado,2024-01-16,2024-01-16,2025-12-31,Prestación de servicios,Contratación directa,710 Dia(s),0,1404200.0,996030.0,408170.0,No,No,Mujer,715.0,2024-01-16,2024,False,1
CO1.PCCNTR.6782495,Cerrado,2024-09-18,2024-09-24,2024-12-31,Prestación de servicios,Contratación directa,104 Dia(s),0,41899867.0,39079683.0,2820184.0,No,No,Hombre,98.0,2024-09-18,2024,False,1
CO1.PCCNTR.245318,Cerrado,2017-12-13,2017-12-06,2018-11-30,Prestación de servicios,Contratación directa (con ofertas),No definido,0,50626560.0,49923413.0,703147.0,No,No,Hombre,359.0,2017-12-13,2017,False,1
CO1.PCCNTR.179702,Cerrado,2017-08-31,2017-07-26,2017-08-31,Prestación de servicios,Mínima cuantía,No definido,0,6395000.0,6395000.0,0.0,Si,No,Mujer,36.0,2017-08-31,2017,False,0
CO1.PCCNTR.3550759,Cerrado,2022-02-07,2022-02-07,2022-12-31,Prestación de servicios,Contratación directa,337 Dia(s),0,45646429.0,45238871.0,407558.0,No,No,No definido,327.0,2022-02-07,2022,False,1
CO1.PCCNTR.8589747,Modificado,2025-11-20,2025-11-25,2026-10-31,Prestación de servicios,Contratación directa,340 Dia(s),91,155110800.0,95355000.0,59755800.0,No,No,No definido,340.0,2025-11-20,2025,False,1
CO1.PCCNTR.139505,Cerrado,2017-05-17,2017-04-20,2018-08-15,Prestación de servicios,Contratación directa (con ofertas),No definido,0,91223077.0,89658099.0,1564978.0,No,No,No definido,482.0,2017-05-17,2017,False,1
CO1.PCCNTR.3490106,Cerrado,2022-02-02,2022-02-02,2022-12-31,Prestación de servicios,Contratación directa,304 Dia(s),0,28945593.0,27940869.0,1004724.0,No,No,Mujer,332.0,2022-02-02,2022,False,1
CO1.PCCNTR.7018397,Modificado,2024-11-20,2024-12-16,2026-10-15,Seguros,Licitación pública,653 Dia(s),152,60645820930.0,60645820929.0,0.0,No,No,Hombre,668.0,2024-11-20,2024,False,0
CO1.PCCNTR.6498835,Cerrado,2024-07-05,2024-07-10,2024-12-31,Prestación de servicios,Contratación directa,175 Dia(s),0,46750000.0,42750000.0,4000000.0,No,No,Mujer,174.0,2024-07-05,2024,False,1
CO1.PCCNTR.5162320,Cerrado,2023-07-06,2023-07-06,2024-02-29,Prestación de servicios,Contratación directa,186 Dia(s),0,116505714.0,113230453.0,3275261.0,No,No,Hombre,238.0,2023-07-06,2023,False,1
CO1.PCCNTR.3825644,Cerrado,2022-07-22,2022-07-22,2024-07-17,Otro,Contratación régimen especial (con ofertas),2 Año(s),0,0.0,0.0,0.0,No,No,Hombre,726.0,2022-07-22,2022,True,0
CO1.PCCNTR.4321444,Cerrado,2022-12-19,2022-12-20,2024-09-30,Suministros,Selección abreviada subasta inversa,589 Dia(s),0,1869275942.0,1290065285.0,579210656.0,Si,No,Hombre,650.0,2022-12-19,2022,False,0
CO1.PCCNTR.2415658,Cerrado,2021-05-03,2021-05-03,2021-12-15,Prestación de servicios,Contratación directa,237 Dia(s),0,128248073.0,128248073.0,0.0,No,No,Mujer,226.0,2021-05-03,2021,False,1
CO1.PCCNTR.3551179,Cerrado,2022-02-07,2022-02-07,2022-12-31,Prestación de servicios,Contratación directa,337 Dia(s),0,62881500.0,62881500.0,0.0,No,No,No definido,327.0,2022-02-07,2022,False,1
CO1.PCCNTR.475956,Cerrado,2018-07-25,2018-07-17,2018-10-25,Prestación de servicios,Mínima cuantía,No definido,0,21028150.0,21028150.0,0.0,Si,No,No definido,100.0,2018-07-25,2018,False,0
CO1.PCCNTR.1688904,Cerrado,2020-08-05,2020-08-05,2021-04-30,Prestación de servicios,Contratación directa,296 Dia(s),0,39293884.0,38249529.0,1044355.0,No,No,No definido,268.0,2020-08-05,2020,False,1
CO1.PCCNTR.6085216,Cerrado,2024-03-13,2024-03-19,2024-12-31,Prestación de servicios,Contratación directa,282 Dia(s),0,70897075.0,70897075.0,0.0,No,No,Mujer,287.0,2024-03-13,2024,False,1
CO1.PCCNTR.6141799,Cerrado,2024-03-22,2024-04-02,2024-12-31,Prestación de servicios,Contratación directa,273 Dia(s),0,108375617.0,108375617.0,0.0,No,No,No definido,273.0,2024-03-22,2024,False,1
CO1.PCCNTR.3687905,Cerrado,2022-07-06,2022-07-06,2023-07-29,Seguros,Selección abreviada de menor cuantía,1 Año(s),0,547945118.0,547945118.0,0.0,No,Si,No definido,388.0,2022-07-06,2022,False,0
CO1.PCCNTR.1991802,Cerrado,2020-12-10,2020-12-10,2020-12-28,Consultoría,Concurso de méritos abierto,1 Mes(es),0,367477736.0,367477728.0,7.0,Si,Si,Hombre,18.0,2020-12-10,2020,False,0
CO1.PCCNTR.693621,Cerrado,2018-12-26,2018-12-14,2019-07-12,Prestación de servicios,Contratación directa,No definido,0,43523729.0,15972009.0,27551720.0,No,No,No definido,210.0,2018-12-26,2018,False,1
CO1.PCCNTR.1948055,Cerrado,2020-11-13,2020-11-13,2020-12-31,Prestación de servicios,Contratación directa,66 Dia(s),0,9614000.0,9056667.0,557333.0,No,No,Mujer,48.0,2020-11-13,2020,False,1
CO1.PCCNTR.5243563,Cerrado,2023-07-28,2023-07-28,2023-12-31,Prestación de servicios,Contratación directa,160 Dia(s),0,64789762.0,62007379.0,2782383.0,No,No,No definido,156.0,2023-07-28,2023,False,1
CO1.PCCNTR.4568270,Cerrado,2023-02-07,2023-02-07,2023-06-06,Prestación de servicios,Contratación directa,4 Mes(es),0,30334472.0,29828897.0,505575.0,No,No,No definido,119.0,2023-02-07,2023,False,1
CO1.PCCNTR.658143,Cerrado,2018-12-12,2018-12-03,2021-06-22,Prestación de servicios,Selección abreviada subasta inversa,Dia(s),0,791355045.0,778721418.0,12633626.0,No,No,No definido,932.0,2018-12-12,2018,False,0
CO1.PCCNTR.4201668,Cerrado,2022-11-24,2022-11-24,2023-08-31,Prestación de servicios,Contratación directa,295 Dia(s),0,55476729.0,54542777.0,933952.0,No,No,No definido,280.0,2022-11-24,2022,False,1
CO1.PCCNTR.4340212,Cerrado,2022-12-28,2022-12-28,2023-08-31,Prestación de servicios,Contratación directa,252 Dia(s),0,87737557.0,83624860.0,4112697.0,No,No,Hombre,246.0,2022-12-28,2022,False,1
CO1.PCCNTR.9021100,En ejecución,2026-01-22,2026-01-26,2026-12-18,Prestación de servicios,Contratación directa,330 Dia(s),0,67757715.0,32019652.0,35738063.0,No,No,Hombre,326.0,2026-01-22,2026,False,1
CO1.PCCNTR.4322372,Cerrado,2022-12-28,2022-12-29,2023-12-31,Consultoría,Concurso de méritos abierto,12 Mes(es),0,850359042.0,850359042.0,0.0,Si,No,Hombre,367.0,2022-12-28,2022,False,0
CO1.PCCNTR.8554274,Modificado,2025-11-11,2025-11-19,2026-10-31,Prestación de servicios,Contratación directa,342 Dia(s),92,70618000.0,37871750.0,32746250.0,No,No,Mujer,346.0,2025-11-11,2025,False,1
CO1.PCCNTR.4615906,Cerrado,2023-02-24,2023-02-24,2023-06-13,Prestación de servicios,Contratación directa,4 Mes(es),0,23359468.0,22970142.0,389326.0,No,No,No definido,109.0,2023-02-24,2023,False,1
CO1.PCCNTR.883028,Cerrado,2019-04-09,2019-03-07,2020-04-30,Prestación de servicios,Contratación directa,Dia(s),0,113980000.0,113160000.0,820000.0,No,No,No definido,420.0,2019-04-09,2019,False,1
CO1.PCCNTR.8391400,Modificado,2025-10-03,2025-10-03,2026-12-31,Otro,Contratación directa,289 Dia(s),184,1650000000.0,0.0,1650000000.0,No,No,No definido,454.0,2025-10-03,2025,False,1
CO1.PCCNTR.684063,Cerrado,2019-01-02,2018-12-18,2021-12-09,Prestación de servicios,Selección abreviada subasta inversa,Dia(s),0,694836763.0,694836762.0,0.0,Si,No,Mujer,1087.0,2019-01-02,2019,False,0
CO1.PCCNTR.4355122,Cerrado,2023-01-11,2023-01-11,2023-12-31,Prestación de servicios,Contratación directa,246 Dia(s),0,111616526.0,111004928.0,611598.0,No,No,No definido,354.0,2023-01-11,2023,False,1
CO1.PCCNTR.678023,Cerrado,2019-01-18,2018-12-04,2018-12-06,Prestación de servicios,Contratación directa,No definido,0,33270380.0,18449939.0,14820441.0,No,No,No definido,2.0,2019-01-18,2019,False,1
CO1.PCCNTR.5897431,Cerrado,2024-02-07,2024-02-13,2024-12-31,Prestación de servicios,Contratación directa,318 Dia(s),0,65004839.0,64800421.0,204418.0,No,No,No definido,322.0,2024-02-07,2024,False,1
CO1.PCCNTR.4568350,Cerrado,2023-02-07,2023-02-07,2023-08-06,Prestación de servicios,Contratación directa,4 Mes(es),0,27117564.0,26816258.0,301306.0,No,No,Hombre,180.0,2023-02-07,2023,False,1
CO1.PCCNTR.635887,Cerrado,2018-11-28,2018-11-22,2020-11-22,Compraventa,Selección abreviada subasta inversa,No definido,0,507669400.0,507669400.0,0.0,Si,No,Mujer,731.0,2018-11-28,2018,False,0
CO1.PCCNTR.8671581,En ejecución,2025-12-09,2025-12-12,2026-07-31,Prestación de servicios,Contratación directa,240 Dia(s),0,113882975.0,95322570.0,18560405.0,No,No,No definido,231.0,2025-12-09,2025,False,1
CO1.PCCNTR.2559206,Cerrado,2021-07-09,2021-07-09,2022-04-25,Prestación de servicios,Contratación directa,328 Dia(s),0,49039885.0,24743528.0,24296357.0,No,No,No definido,290.0,2021-07-09,2021,False,1
CO1.PCCNTR.301195,Cerrado,2018-01-28,2018-01-18,2018-12-31,Prestación de servicios,Contratación directa,No definido,0,103500000.0,102900000.0,600000.0,No,No,No definido,347.0,2018-01-28,2018,False,1
CO1.PCCNTR.1485585,Cerrado,2020-04-21,2020-04-16,2020-12-31,Prestación de servicios,Selección abreviada subasta inversa,Dia(s),0,246508500.0,225093260.0,21415240.0,Si,No,No definido,259.0,2020-04-21,2020,False,0
CO1.PCCNTR.6140671,Cerrado,2024-03-22,2024-04-03,2025-03-31,Prestación de servicios,Contratación directa,362 Dia(s),0,177467462.0,177467461.0,0.0,No,No,Mujer,362.0,2024-03-22,2024,False,1
CO1.PCCNTR.5059501,Cerrado,2023-06-15,2023-06-15,2023-12-31,Prestación de servicios,Contratación directa,206 Dia(s),0,19848024.0,18625160.0,1222864.0,No,No,Hombre,199.0,2023-06-15,2023,False,1
CO1.PCCNTR.108733,Cerrado,2017-02-11,2017-02-06,2017-12-31,Prestación de servicios,Contratación directa (con ofertas),No definido,0,34250000.0,32750000.0,1500000.0,No,No,No definido,328.0,2017-02-11,2017,False,1
CO1.PCCNTR.8637861,Modificado,2025-11-28,2025-12-03,2026-10-31,Prestación de servicios,Contratación directa,332 Dia(s),91,150872800.0,91964600.0,58908200.0,No,No,No definido,332.0,2025-11-28,2025,False,1
CO1.PCCNTR.6546242,Cerrado,2024-07-23,2024-07-26,2024-12-31,Prestación de servicios,Contratación directa,162 Dia(s),0,41146667.0,39860833.0,1285834.0,No,No,Mujer,158.0,2024-07-23,2024,False,1
CO1.PCCNTR.3552855,Cerrado,2022-02-09,2022-02-09,2022-12-31,Prestación de servicios,Contratación directa,337 Dia(s),0,39489443.0,39371211.0,118232.0,No,No,Hombre,325.0,2022-02-09,2022,False,1
CO1.PCCNTR.6103415,Cerrado,2024-03-18,2024-03-22,2024-12-31,Prestación de servicios,Contratación directa,8 Mes(es),0,30699400.0,30289864.0,409536.0,No,No,No definido,284.0,2024-03-18,2024,False,1
CO1.PCCNTR.96902,Cerrado,2017-01-13,2016-12-29,2017-12-12,Prestación de servicios,Contratación directa (con ofertas),No definido,0,71451313.0,0.0,71451313.0,No,No,No definido,348.0,2017-01-13,2017,False,1
CO1.PCCNTR.864308,Cerrado,2019-03-27,2019-02-25,2019-11-30,Prestación de servicios,Contratación directa,No definido,0,78960942.0,75384314.0,3576628.0,No,No,No definido,278.0,2019-03-27,2019,False,1
CO1.PCCNTR.8671430,Modificado,2025-12-11,2025-12-17,2026-12-21,Prestación de servicios,Contratación directa,375 Dia(s),143,160978124.0,83887971.0,77090153.0,No,No,No definido,369.0,2025-12-11,2025,False,1
CO1.PCCNTR.75801,Cerrado,2016-11-04,2016-10-24,2017-03-31,Prestación de servicios,Contratación directa (con ofertas),No definido,0,55522281.0,0.0,55522281.0,No,No,No definido,158.0,2016-11-04,2016,False,1
CO1.PCCNTR.8667736,Modificado,2025-12-11,2025-12-16,2026-10-31,Prestación de servicios,Contratación directa,324 Dia(s),92,50671509.0,30764845.0,19906664.0,No,No,Mujer,319.0,2025-12-11,2025,False,1
CO1.PCCNTR.1924470,Cerrado,2020-11-13,2020-11-13,2021-09-30,Prestación de servicios,Contratación directa,346 Dia(s),0,60415044.0,58532422.0,1882622.0,No,No,No definido,321.0,2020-11-13,2020,False,1
CO1.PCCNTR.229542,Cerrado,2017-12-18,2017-11-20,2018-11-30,Prestación de servicios,Contratación directa (con ofertas),No definido,0,68775590.0,66447250.0,2328340.0,No,No,No definido,375.0,2017-12-18,2017,False,1
CO1.PCCNTR.8616329,Terminado,2025-11-21,2025-11-26,2026-07-31,Prestación de servicios,Contratación directa,245 Dia(s),0,122291213.0,33573857.0,88717356.0,No,No,No definido,247.0,2025-11-21,2025,False,1
CO1.PCCNTR.8549214,Modificado,2025-11-18,2025-11-25,2026-12-31,Prestación de servicios,Contratación directa,390 Dia(s),152,237754667.0,129214493.0,108540174.0,No,No,No definido,401.0,2025-11-18,2025,False,1
CO1.PCCNTR.701509,Cerrado,2019-01-16,2018-12-28,2019-11-30,Otro,Contratación directa (con ofertas),Dia(s),0,168563874.0,37548896.0,131014978.0,No,No,Hombre,337.0,2019-01-16,2019,False,1
CO1.PCCNTR.7607618,En ejecución,2025-03-06,2025-03-11,2025-11-10,Prestación de servicios,Contratación directa,8 Mes(es),0,34672000.0,34672000.0,0.0,No,No,Mujer,244.0,2025-03-06,2025,False,1
CO1.PCCNTR.5978229,Cerrado,2024-02-20,2024-02-28,2024-12-31,Prestación de servicios,Contratación directa,303 Dia(s),0,45897319.0,45745843.0,151476.0,No,No,Hombre,307.0,2024-02-20,2024,False,1
CO1.PCCNTR.2628378,Cerrado,2021-07-16,2021-07-16,2022-12-18,Prestación de servicios,Contratación directa,356 Dia(s),0,123717531.0,123251552.0,465979.0,No,No,Hombre,520.0,2021-07-16,2021,False,1
CO1.PCCNTR.1549148,En ejecución,2020-06-04,2020-06-04,2020-12-31,Operaciones de crédito público,Contratación directa,245 Dia(s),0,246000000.0,0.0,246000000.0,No,No,No definido,210.0,2020-06-04,2020,False,1
CO1.PCCNTR.684284,Cerrado,2018-12-26,2018-12-07,2019-11-30,Prestación de servicios,Contratación directa,No definido,0,77404625.0,76330569.0,1074056.0,No,No,No definido,358.0,2018-12-26,2018,False,1
CO1.PCCNTR.2008407,Cerrado,2020-12-02,2020-12-02,2021-04-30,Prestación de servicios,Contratación directa,345 Dia(s),0,25954767.0,23188717.0,2766050.0,No,No,No definido,149.0,2020-12-02,2020,False,1
CO1.PCCNTR.89002,Cerrado,2017-01-23,2016-12-01,2017-11-30,Prestación de servicios,Contratación directa (con ofertas),No definido,0,207702576.0,0.0,207702576.0,No,No,Hombre,364.0,2017-01-23,2017,False,1
CO1.PCCNTR.3870620,Cerrado,2022-08-22,2022-08-22,2022-09-15,Prestación de servicios,Contratación directa,45 Dia(s),0,5880000.0,5400000.0,480000.0,No,No,No definido,24.0,2022-08-22,2022,False,1
CO1.PCCNTR.817742,Cerrado,2019-04-03,2019-02-06,2019-12-31,Prestación de servicios,Contratación directa,No definido,0,29980267.0,12596000.0,17384267.0,Si,No,No definido,328.0,2019-04-03,2019,False,1
CO1.PCCNTR.3544007,Cerrado,2022-02-03,2022-02-03,2022-12-31,Prestación de servicios,Contratación directa,337 Dia(s),0,44229839.0,44097414.0,132425.0,No,No,No definido,331.0,2022-02-03,2022,False,1
CO1.PCCNTR.693690,Cerrado,2019-01-25,2018-12-14,2019-11-30,Prestación de servicios,Contratación directa,No definido,0,32454001.0,32089758.0,364243.0,No,No,No definido,351.0,2019-01-25,2019,False,1
CO1.PCCNTR.508309,Cerrado,2018-08-06,2018-07-31,2018-08-30,Otro,Contratación directa,No definido,0,0.0,0.0,0.0,No,No,No definido,30.0,2018-08-06,2018,True,1
CO1.PCCNTR.1443901,Cerrado,2020-04-16,2020-03-11,2020-12-31,Prestación de servicios,Contratación directa,Dia(s),0,49640000.0,49300000.0,340000.0,No,No,No definido,295.0,2020-04-16,2020,False,1
CO1.PCCNTR.6717954,Cerrado,2024-09-03,2024-09-06,2024-12-31,Prestación de servicios,Contratación directa,118 Dia(s),0,16205333.0,15793333.0,412000.0,No,No,Hombre,116.0,2024-09-03,2024,False,1
CO1.PCCNTR.115025,Cerrado,2017-03-14,2017-03-06,2017-08-15,Prestación de servicios,Contratación directa (con ofertas),Dia(s),0,7293361.0,7130380.0,162981.0,No,No,No definido,162.0,2017-03-14,2017,False,1
CO1.PCCNTR.5213187,Cerrado,2023-07-14,2023-07-14,2023-12-31,Prestación de servicios,Contratación directa,172 Dia(s),0,35965067.0,34526464.0,1438603.0,No,No,No definido,170.0,2023-07-14,2023,False,1
CO1.PCCNTR.6203205,Modificado,2024-04-11,2024-04-17,2025-04-16,Prestación de servicios,Contratación directa,364 Dia(s),106,64800000.0,64800000.0,0.0,No,No,Mujer,364.0,2024-04-11,2024,False,1
CO1.PCCNTR.871846,Cerrado,2019-04-25,2019-03-01,2019-12-31,Prestación de servicios,Contratación directa,No definido,0,123970800.0,121540000.0,2430800.0,No,No,No definido,305.0,2019-04-25,2019,False,1
CO1.PCCNTR.5992689,Cerrado,2024-02-23,2024-03-01,2024-12-31,Prestación de servicios,Contratación directa,10 Mes(es),0,41200000.0,40650667.0,549333.0,No,No,Hombre,305.0,2024-02-23,2024,False,1
CO1.PCCNTR.3453327,Cerrado,2022-01-28,2022-01-28,2022-12-31,Prestación de servicios,Contratación directa,340 Dia(s),0,50331481.0,45298333.0,5033148.0,No,No,Hombre,337.0,2022-01-28,2022,False,1
CO1.PCCNTR.302569,Cerrado,2018-02-02,2018-01-19,2018-12-31,Prestación de servicios,Contratación directa,No definido,0,48120031.0,47563730.0,556301.0,No,No,No definido,346.0,2018-02-02,2018,False,1
CO1.PCCNTR.2516330,Cerrado,2021-05-27,2021-05-27,2021-11-30,Prestación de servicios,Contratación directa,201 Dia(s),0,51129200.0,49625400.0,1503800.0,No,No,No definido,187.0,2021-05-27,2021,False,1
CO1.PCCNTR.2800926,Cerrado,2021-09-15,2021-09-15,2021-12-31,Prestación de servicios,Contratación directa,126 Dia(s),0,745147950.0,646143420.0,99004530.0,No,No,No definido,107.0,2021-09-15,2021,False,1
CO1.PCCNTR.5826934,Cerrado,2024-01-29,2024-02-01,2024-12-31,Prestación de servicios,Contratación directa,10 Mes(es),0,59554000.0,59554000.0,0.0,No,No,Hombre,334.0,2024-01-29,2024,False,1
CO1.PCCNTR.5917113,Cerrado,2024-02-12,2024-02-15,2024-12-31,Prestación de servicios,Contratación directa,316 Dia(s),0,64596004.0,64391586.0,204418.0,No,No,No definido,320.0,2024-02-12,2024,False,1
CO1.PCCNTR.5117311,Cerrado,2023-06-29,2023-06-29,2023-12-31,Prestación de servicios,Contratación directa,192 Dia(s),0,27285967.0,25326974.0,1958993.0,No,No,Mujer,185.0,2023-06-29,2023,False,1
CO1.PCCNTR.4302645,Cerrado,2022-12-27,2022-12-27,2023-08-31,Prestación de servicios,Contratación directa,265 Dia(s),0,76500000.0,74233333.0,2266667.0,No,No,Mujer,247.0,2022-12-27,2022,False,1
CO1.PCCNTR.5805199,Cerrado,2024-01-24,2024-01-29,2024-12-31,Prestación de servicios,Contratación directa,332 Dia(s),0,79931240.0,79931240.0,0.0,No,No,No definido,337.0,2024-01-24,2024,False,1
CO1.PCCNTR.616969,Cerrado,2018-11-23,2018-10-22,2018-12-31,Prestación de servicios,Contratación directa,No definido,0,31038390.0,28941201.0,2097189.0,No,No,No definido,70.0,2018-11-23,2018,False,1
CO1.PCCNTR.5024391,Cerrado,2023-06-05,2023-06-05,2023-12-31,Prestación de servicios,Contratación directa,214 Dia(s),0,36257272.0,35915222.0,342050.0,No,No,No definido,209.0,2023-06-05,2023,False,1
CO1.PCCNTR.830621,Cerrado,2019-04-02,2019-02-12,2019-12-31,Prestación de servicios,Contratación directa,No definido,0,57626059.0,46280928.0,11345131.0,No,No,No definido,322.0,2019-04-02,2019,False,1
CO1.PCCNTR.149312,Cerrado,2017-07-25,2017-05-22,2018-08-10,Prestación de servicios,Contratación directa (con ofertas),No definido,0,73328310.0,46808703.0,26519606.0,No,No,Mujer,445.0,2017-07-25,2017,False,1
CO1.PCCNTR.7150871,Cerrado,2024-12-18,2024-12-23,2025-06-30,Prestación de servicios,Contratación directa,192 Dia(s),0,40530000.0,37800000.0,2730000.0,No,No,Mujer,189.0,2024-12-18,2024,False,1
CO1.PCCNTR.1326649,Cerrado,2020-02-11,2020-01-29,2020-12-31,Prestación de servicios,Contratación directa,Dia(s),0,48847398.0,47560170.0,1287228.0,No,No,No definido,337.0,2020-02-11,2020,False,1
CO1.PCCNTR.830024,Cerrado,2019-02-27,2019-02-12,2019-12-31,Prestación de servicios,Contratación directa,No definido,0,91699602.0,88716626.0,2982976.0,No,No,Hombre,322.0,2019-02-27,2019,False,1
CO1.PCCNTR.300890,Cerrado,2018-01-29,2018-01-18,2018-12-31,Prestación de servicios,Contratación directa,No definido,0,25300000.0,21780000.0,3520000.0,No,No,No definido,347.0,2018-01-29,2018,False,1
CO1.PCCNTR.4487344,Cerrado,2023-01-27,2023-01-27,2023-05-26,Prestación de servicios,Contratación directa,4 Mes(es),0,63660492.0,63660492.0,0.0,No,No,Hombre,119.0,2023-01-27,2023,False,1
CO1.PCCNTR.1167017,Cerrado,2019-12-06,2019-10-31,2021-05-28,Seguros,Selección abreviada de menor cuantía,Dia(s),0,657555003.0,657555003.0,0.0,No,No,Mujer,575.0,2019-12-06,2019,False,0
CO1.PCCNTR.539988,Cerrado,2018-10-11,2018-09-01,2019-08-31,Otro,Contratación directa (con ofertas),Dia(s),0,218700.0,215966.0,2733.0,No,No,No definido,364.0,2018-10-11,2018,False,1
CO1.PCCNTR.9034579,En ejecución,2026-01-23,2026-01-27,2026-08-31,Otro,Contratación directa,220 Dia(s),0,743234615.0,254647728.0,488586887.0,No,No,No definido,216.0,2026-01-23,2026,False,1
CO1.PCCNTR.327440,Cerrado,2018-02-16,2018-01-25,2018-12-31,Prestación de servicios,Contratación directa,No definido,0,94170132.0,85003128.0,9167004.0,No,No,No definido,340.0,2018-02-16,2018,False,1
CO1.PCCNTR.2090219,Cerrado,2021-01-21,2021-01-21,2021-09-30,Prestación de servicios,Contratación directa,280 Dia(s),0,82239066.0,82239066.0,0.0,No,No,No definido,252.0,2021-01-21,2021,False,1
CO1.PCCNTR.3140903,Cerrado,2021-12-31,2021-12-31,2022-08-31,Prestación de servicios,Contratación directa,189 Dia(s),0,133411025.0,133411025.0,0.0,No,No,Mujer,243.0,2021-12-31,2021,False,1
CO1.PCCNTR.2581116,Cerrado,2021-06-25,2021-06-25,2022-10-31,Prestación de servicios,Contratación directa,356 Dia(s),0,83576775.0,82135136.0,1441639.0,No,No,Mujer,493.0,2021-06-25,2021,False,1
CO1.PCCNTR.135917,Cerrado,2017-05-02,2017-04-19,2017-12-31,Prestación de servicios,Contratación directa (con ofertas),Dia(s),0,41986667.0,39480000.0,2506667.0,No,No,No definido,256.0,2017-05-02,2017,False,1
CO1.PCCNTR.151202,Cerrado,2017-07-25,2017-05-19,2017-11-30,Prestación de servicios,Contratación directa (con ofertas),Dia(s),0,19140628.0,10351564.0,8789064.0,No,No,No definido,195.0,2017-07-25,2017,False,1
CO1.PCCNTR.2178664,Cerrado,2021-02-17,2021-02-17,2021-12-15,Prestación de servicios,Contratación directa,339 Dia(s),0,39970905.0,39355968.0,614937.0,No,No,No definido,301.0,2021-02-17,2021,False,1
CO1.PCCNTR.7156365,En ejecución,2024-12-23,2024-12-23,2024-12-31,Prestación de servicios,Contratación directa,10 Dia(s),0,649913606.0,649913606.0,0.0,No,No,Hombre,8.0,2024-12-23,2024,False,1
CO1.PCCNTR.7735413,Modificado,2025-04-02,2025-04-07,2025-12-06,Prestación de servicios,Contratación directa,8 Mes(es),0,77447376.0,73897705.0,3549671.0,Si,No,No definido,243.0,2025-04-02,2025,False,1
CO1.PCCNTR.3091293,Cerrado,2021-12-20,2021-12-20,2022-12-03,Prestación de servicios,Contratación directa,365 Dia(s),0,41491135.0,41491135.0,0.0,No,No,No definido,348.0,2021-12-20,2021,False,1
CO1.PCCNTR.8714102,Modificado,2025-12-23,2025-12-30,2026-10-31,Prestación de servicios,Contratación directa,315 Dia(s),92,73055010.0,42155610.0,30899400.0,No,No,No definido,305.0,2025-12-23,2025,False,1
CO1.PCCNTR.5857799,Cerrado,2024-02-01,2024-02-05,2024-10-04,Prestación de servicios,Contratación directa,8 Mes(es),0,50448000.0,42670600.0,7777400.0,No,No,Mujer,242.0,2024-02-01,2024,False,1
CO1.PCCNTR.5178691,Cerrado,2023-07-06,2023-07-06,2023-12-31,Prestación de servicios,Contratación directa,184 Dia(s),0,44253560.0,42339893.0,1913667.0,No,No,Mujer,178.0,2023-07-06,2023,False,1
CO1.PCCNTR.7413680,En ejecución,2025-02-07,2025-02-10,2025-12-09,Prestación de servicios,Contratación directa,10 Mes(es),0,81160000.0,80618933.0,541067.0,No,No,Mujer,302.0,2025-02-07,2025,False,1
CO1.PCCNTR.7378430,En ejecución,2025-02-06,2025-02-12,2025-10-11,Prestación de servicios,Contratación directa,8 Mes(es),0,101712000.0,100864400.0,847600.0,No,No,Hombre,241.0,2025-02-06,2025,False,1
CO1.PCCNTR.1611237,Cerrado,2020-06-16,2020-06-16,2020-12-31,Prestación de servicios,Contratación directa,212 Dia(s),0,29680000.0,29260000.0,420000.0,No,No,No definido,198.0,2020-06-16,2020,False,1
CO1.PCCNTR.2025428,Cerrado,2020-12-17,2020-12-17,2021-12-31,Prestación de servicios,Contratación directa,339 Dia(s),0,114901310.0,114339033.0,562277.0,No,No,No definido,379.0,2020-12-17,2020,False,1
CO1.PCCNTR.4787666,Cerrado,2023-03-23,2023-03-23,2024-02-29,Prestación de servicios,Contratación directa,289 Dia(s),0,559687638.0,553511584.0,6176053.0,No,No,Hombre,343.0,2023-03-23,2023,False,1
CO1.PCCNTR.3148756,Cerrado,2021-12-30,2021-12-30,2022-11-22,Prestación de servicios,Contratación directa,216 Dia(s),0,51231522.0,49706774.0,1524748.0,No,No,Mujer,327.0,2021-12-30,2021,False,1
CO1.PCCNTR.796255,Cerrado,2019-02-26,2019-01-30,2020-02-29,Prestación de servicios,Contratación directa,No definido,0,160636714.0,157811445.0,2825269.0,No,No,No definido,395.0,2019-02-26,2019,False,1
CO1.PCCNTR.1859010,Modificado,2020-11-04,2020-11-04,2020-12-15,Compraventa,Selección abreviada subasta inversa,70 Dia(s),0,296619513.0,296619513.0,0.0,Si,No,Hombre,41.0,2020-11-04,2020,False,0
CO1.PCCNTR.4794717,Cerrado,2023-03-24,2023-03-24,2023-12-31,Prestación de servicios,Contratación directa,284 Dia(s),0,89456515.0,86350386.0,3106129.0,No,No,No definido,282.0,2023-03-24,2023,False,1
CO1.PCCNTR.2558947,Cerrado,2021-06-25,2021-06-25,2021-11-30,Prestación de servicios,Contratación directa,182 Dia(s),0,36875805.0,36271284.0,604521.0,No,No,No definido,158.0,2021-06-25,2021,False,1
CO1.PCCNTR.80702,Cerrado,2016-11-09,2016-11-01,2016-12-23,Prestación de servicios,Contratación directa (con ofertas),Dia(s),0,8908800.0,0.0,8908800.0,No,No,No definido,52.0,2016-11-09,2016,False,1
CO1.PCCNTR.7608854,Terminado,2025-03-11,2025-03-13,2025-11-12,Prestación de servicios,Contratación directa,8 Mes(es),0,34672000.0,11268400.0,23403600.0,No,No,Mujer,244.0,2025-03-11,2025,False,1
CO1.PCCNTR.4738246,Cerrado,2023-03-17,2023-03-17,2023-12-31,Prestación de servicios,Contratación directa,299 Dia(s),0,33765260.0,33089952.0,675308.0,No,No,No definido,289.0,2023-03-17,2023,False,1
CO1.PCCNTR.5125373,Cerrado,2023-06-30,2023-06-30,2023-12-31,Prestación de servicios,Contratación directa,191 Dia(s),0,71452492.0,67788261.0,3664231.0,No,No,No definido,184.0,2023-06-30,2023,False,1
CO1.PCCNTR.8508631,En ejecución,2025-10-31,2025-11-10,2025-12-31,Prestación de servicios,Contratación directa,2 Mes(es),0,8956933.0,7367800.0,1589133.0,No,No,Mujer,51.0,2025-10-31,2025,False,1
CO1.PCCNTR.4571035,Cerrado,2023-02-24,2023-02-24,2024-12-16,Seguros,Licitación pública,638 Dia(s),0,32881081081.0,32881081081.0,0.0,No,No,Hombre,661.0,2023-02-24,2023,False,0
CO1.PCCNTR.9227310,En ejecución,2026-01-30,2026-02-03,2026-12-31,Prestación de servicios,Contratación directa,330 Dia(s),0,127029000.0,53757200.0,73271800.0,No,No,Mujer,331.0,2026-01-30,2026,False,1
CO1.PCCNTR.9134852,En ejecución,2026-01-26,2026-02-02,2026-12-15,Prestación de servicios,Contratación directa,322 Dia(s),0,80480400.0,35850360.0,44630040.0,No,No,No definido,316.0,2026-01-26,2026,False,1
CO1.PCCNTR.9045003,En ejecución,2026-01-25,2026-01-26,2026-12-31,Prestación de servicios,Contratación directa,338 Dia(s),0,125478360.0,45071250.0,80407110.0,No,No,No definido,339.0,2026-01-25,2026,False,1
CO1.PCCNTR.255166,Cerrado,2017-12-19,2017-12-13,2017-12-20,Prestación de servicios,Mínima cuantía,No definido,0,5943795.0,5943795.0,0.0,No,No,Hombre,7.0,2017-12-19,2017,False,0
CO1.PCCNTR.7138656,En ejecución,2024-12-17,2024-12-20,2027-02-28,Seguros,Selección abreviada de menor cuantía,800 Dia(s),0,1284026301.0,1284026300.0,0.0,No,No,Hombre,800.0,2024-12-17,2024,False,0
CO1.PCCNTR.6573137,Cerrado,2024-07-29,2024-08-01,2025-03-15,Prestación de servicios,Contratación directa,225 Dia(s),0,69000000.0,66000000.0,3000000.0,No,No,No definido,226.0,2024-07-29,2024,False,1
CO1.PCCNTR.6176094,Cerrado,2024-04-05,2024-04-11,2024-12-31,Prestación de servicios,Contratación directa,260 Dia(s),0,127856837.0,127856837.0,0.0,No,No,No definido,264.0,2024-04-05,2024,False,1
CO1.PCCNTR.5369661,Cerrado,2023-09-13,2023-09-13,2024-12-31,Prestación de servicios,Contratación directa,474 Dia(s),0,133829264.0,130762343.0,3066921.0,No,No,No definido,475.0,2023-09-13,2023,False,1
CO1.PCCNTR.8631916,Modificado,2025-11-27,2025-12-04,2026-10-31,Prestación de servicios,Contratación directa,331 Dia(s),91,51430133.0,31204800.0,20225333.0,No,No,Hombre,331.0,2025-11-27,2025,False,1
CO1.PCCNTR.4298292,Cerrado,2022-12-16,2022-12-16,2023-11-30,Prestación de servicios,Contratación directa,358 Dia(s),0,196146419.0,196146419.0,0.0,Si,No,Mujer,349.0,2022-12-16,2022,False,1
CO1.PCCNTR.1924925,Cerrado,2020-11-05,2020-11-05,2021-10-28,Prestación de servicios,Mínima cuantía,12 Mes(es),0,28485300.0,28485300.0,0.0,Si,No,Hombre,357.0,2020-11-05,2020,False,0
CO1.PCCNTR.1608461,Cerrado,2020-06-08,2020-06-08,2021-05-21,Prestación de servicios,Contratación directa,358 Dia(s),0,435000.0,435000.0,0.0,No,No,Hombre,347.0,2020-06-08,2020,False,1
CO1.PCCNTR.811358,Cerrado,2019-02-26,2019-02-05,2019-12-31,Prestación de servicios,Contratación directa,No definido,0,69114927.0,67246956.0,1867971.0,No,No,Hombre,329.0,2019-02-26,2019,False,1
CO1.PCCNTR.5372255,Cerrado,2023-09-15,2023-09-15,2024-12-31,Prestación de servicios,Contratación directa,474 Dia(s),0,149094192.0,145056224.0,4037968.0,No,No,Hombre,473.0,2023-09-15,2023,False,1
CO1.PCCNTR.6692309,Cerrado,2024-08-29,2024-09-02,2024-12-31,Prestación de servicios,Contratación directa,123 Dia(s),0,16375400.0,15842867.0,532533.0,No,No,Mujer,120.0,2024-08-29,2024,False,1
CO1.PCCNTR.5879802,Cerrado,2024-02-05,2024-02-07,2024-12-31,Prestación de servicios,Contratación directa,8 Mes(es),0,71670647.0,71449441.0,221206.0,No,No,Mujer,328.0,2024-02-05,2024,False,1
CO1.PCCNTR.8712886,Modificado,2025-12-24,2025-12-29,2026-10-31,Prestación de servicios,Contratación directa,315 Dia(s),92,154000000.0,89133333.0,64866667.0,No,No,Mujer,306.0,2025-12-24,2025,False,1
CO1.PCCNTR.811091,Cerrado,2019-02-26,2019-02-04,2020-06-15,Prestación de servicios,Contratación directa,No definido,0,72607571.0,71972680.0,634891.0,No,No,No definido,497.0,2019-02-26,2019,False,1
CO1.PCCNTR.306879,Cerrado,2018-01-25,2018-01-19,2018-12-31,Prestación de servicios,Contratación directa,No definido,0,34226897.0,33831210.0,395687.0,No,No,No definido,346.0,2018-01-25,2018,False,1
CO1.PCCNTR.108257,Cerrado,2017-02-15,2017-02-02,2017-12-01,Prestación de servicios,Contratación directa (con ofertas),No definido,0,120628845.0,117426309.0,3202536.0,No,No,No definido,302.0,2017-02-15,2017,False,1
CO1.PCCNTR.1338092,Cerrado,2020-03-03,2020-02-03,2021-05-31,Prestación de servicios,Contratación directa,Dia(s),0,77035000.0,75330000.0,1705000.0,No,No,Mujer,483.0,2020-03-03,2020,False,1
CO1.PCCNTR.84607,Cerrado,2016-11-30,2016-11-21,2017-10-31,Prestación de servicios,Contratación directa (con ofertas),No definido,0,87743505.0,0.0,87743505.0,No,No,No definido,344.0,2016-11-30,2016,False,1
CO1.PCCNTR.135914,Cerrado,2017-05-02,2017-04-20,2018-04-30,Prestación de servicios,Contratación directa (con ofertas),No definido,0,107520081.0,103380447.0,4139634.0,No,No,Mujer,375.0,2017-05-02,2017,False,1
CO1.PCCNTR.96907,Cerrado,2017-01-13,2016-12-29,2017-12-12,Prestación de servicios,Contratación directa (con ofertas),No definido,0,73594855.0,0.0,73594855.0,No,No,No definido,348.0,2017-01-13,2017,False,1
CO1.PCCNTR.7356015,Cerrado,2025-01-29,2025-02-03,2025-12-02,Prestación de servicios,Contratación directa,10 Mes(es),0,50200000.0,49196000.0,1004000.0,No,No,Hombre,302.0,2025-01-29,2025,False,1
CO1.PCCNTR.7676501,En ejecución,2025-03-20,2025-03-26,2025-11-25,Prestación de servicios,Contratación directa,8 Mes(es),0,116800000.0,116800000.0,0.0,No,No,No definido,244.0,2025-03-20,2025,False,1
CO1.PCCNTR.6958167,Cerrado,2024-10-29,2024-11-05,2024-12-31,Prestación de servicios,Contratación directa,63 Dia(s),0,10816533.0,8907733.0,1908800.0,No,No,Hombre,56.0,2024-10-29,2024,False,1
CO1.PCCNTR.222635,Cerrado,2018-03-12,2017-11-20,2017-12-29,Compraventa,Selección abreviada subasta inversa,No definido,0,1126161363.81,1126161363.0,0.0,No,No,Mujer,39.0,2018-03-12,2018,False,0
CO1.PCCNTR.1148101,Cerrado,2019-11-19,2019-10-01,2023-07-31,Prestación de servicios,Licitación pública,Dia(s),0,20299270598.43,19098024866.0,1201245731.0,No,Si,No definido,1399.0,2019-11-19,2019,False,0
CO1.PCCNTR.5700321,Terminado,2023-12-29,2023-12-29,2024-12-31,Prestación de servicios,Contratación directa,331 Dia(s),0,121666667.0,119333333.0,2333334.0,No,No,Hombre,368.0,2023-12-29,2023,False,1
CO1.PCCNTR.300234,Cerrado,2018-01-28,2018-01-18,2018-12-31,Prestación de servicios,Contratación directa,No definido,0,66686275.0,66108071.0,578204.0,No,No,No definido,347.0,2018-01-28,2018,False,1
CO1.PCCNTR.7082414,Modificado,2024-11-28,2024-12-06,2027-08-30,Prestación de servicios,Mínima cuantía,32 Mes(es),392,22727800.0,13731800.0,8996000.0,No,No,No definido,997.0,2024-11-28,2024,False,0
CO1.PCCNTR.8128809,En ejecución,2025-07-29,2025-07-30,2027-01-31,Seguros,Licitación pública,550 Dia(s),0,3170039255.0,3170039255.0,0.0,No,Si,No definido,550.0,2025-07-29,2025,False,0
CO1.PCCNTR.2550119,Cerrado,2021-07-09,2021-07-09,2022-10-21,Prestación de servicios,Contratación directa,340 Dia(s),0,127321733.0,126569826.0,751906.0,No,No,No definido,469.0,2021-07-09,2021,False,1
CO1.PCCNTR.8465934,Modificado,2025-10-23,2025-10-28,2026-10-31,Prestación de servicios,Contratación directa,369 Dia(s),92,78004807.0,57739851.0,20264956.0,No,No,Hombre,368.0,2025-10-23,2025,False,1
CO1.PCCNTR.94802,Cerrado,2016-12-30,2016-12-15,2016-12-30,Prestación de servicios,Mínima cuantía,No definido,0,50820588.0,0.0,50820588.0,Si,No,Mujer,15.0,2016-12-30,2016,False,0
CO1.PCCNTR.1594385,Cerrado,2020-06-08,2020-06-08,2020-12-31,Prestación de servicios,Contratación directa,219 Dia(s),0,55891233.0,53886167.0,2005066.0,No,No,No definido,206.0,2020-06-08,2020,False,1
CO1.PCCNTR.8693237,En ejecución,2025-12-14,2025-12-19,2026-07-31,Prestación de servicios,Contratación directa,230 Dia(s),0,57002050.0,40007650.0,16994400.0,No,No,Hombre,224.0,2025-12-14,2025,False,1
CO1.PCCNTR.2505891,Cerrado,2021-05-27,2021-05-27,2021-12-15,Prestación de servicios,Contratación directa,203 Dia(s),0,113311551.0,110736288.0,2575263.0,No,No,No definido,202.0,2021-05-27,2021,False,1
CO1.PCCNTR.879042,Cerrado,2019-04-03,2019-03-29,2019-12-09,Prestación de servicios,Mínima cuantía,Dia(s),0,111377618.0,110842689.0,534929.0,No,No,Hombre,255.0,2019-04-03,2019,False,0
CO1.PCCNTR.3399035,Cerrado,2022-02-02,2022-02-02,2022-12-31,Prestación de servicios,Contratación directa,344 Dia(s),0,59661077.0,58978301.0,682776.0,No,No,Mujer,332.0,2022-02-02,2022,False,1
CO1.PCCNTR.122116,Cerrado,2017-04-03,2017-03-08,2017-12-31,Prestación de servicios,Contratación directa (con ofertas),No definido,0,135454770.0,133166683.0,2288087.0,No,No,No definido,298.0,2017-04-03,2017,False,1
CO1.PCCNTR.201013,Cerrado,2017-09-26,2017-09-18,2017-11-18,Prestación de servicios,Mínima cuantía,No definido,0,53823075.0,53823075.0,0.0,Si,No,Hombre,61.0,2017-09-26,2017,False,0
CO1.PCCNTR.5654503,En ejecución,2023-12-18,2023-12-19,2024-05-31,Compraventa,Selección abreviada subasta inversa,163 Dia(s),0,134659800.0,134659800.0,0.0,Si,No,Mujer,164.0,2023-12-18,2023,False,0
CO1.PCCNTR.6875614,Modificado,2024-10-18,2024-10-28,2025-01-31,Obra,Selección abreviada de menor cuantía,105 Dia(s),42,1231102409.1,1231102409.0,0.0,Si,Si,Hombre,95.0,2024-10-18,2024,False,0
CO1.PCCNTR.3399191,Cerrado,2022-02-01,2022-02-01,2022-12-31,Prestación de servicios,Contratación directa,341 Dia(s),0,87771793.0,86997336.0,774457.0,No,No,Hombre,333.0,2022-02-01,2022,False,1
CO1.PCCNTR.1463971,Cerrado,2020-04-16,2020-03-19,2020-12-31,Prestación de servicios,Contratación directa,No definido,0,100299150.0,100299150.0,0.0,No,No,No definido,287.0,2020-04-16,2020,False,1
CO1.PCCNTR.2415760,Cerrado,2021-05-03,2021-05-03,2021-12-15,Prestación de servicios,Contratación directa,237 Dia(s),0,37840845.0,37840845.0,0.0,No,No,No definido,226.0,2021-05-03,2021,False,1
CO1.PCCNTR.2915909,Cerrado,2021-11-10,2021-11-10,2022-10-31,Prestación de servicios,Contratación directa,296 Dia(s),0,33464329.0,33118444.0,345885.0,No,No,Mujer,355.0,2021-11-10,2021,False,1
CO1.PCCNTR.406588,Cerrado,2018-05-15,2018-06-13,2019-06-12,Prestación de servicios,Mínima cuantía,No definido,0,27162167.0,0.0,27162167.0,Si,No,Mujer,364.0,2018-05-15,2018,False,0
CO1.PCCNTR.813790,Cerrado,2019-03-12,2019-02-06,2019-07-31,Prestación de servicios,Contratación directa,No definido,0,78648242.0,74758954.0,3889288.0,No,No,No definido,175.0,2019-03-12,2019,False,1
CO1.PCCNTR.7330456,En ejecución,2025-01-27,2025-02-05,2025-11-04,Prestación de servicios,Contratación directa,9 Mes(es),0,62712000.0,62247467.0,464533.0,No,No,No definido,272.0,2025-01-27,2025,False,1
CO1.PCCNTR.5185748,Cerrado,2023-07-14,2023-07-14,2023-12-31,Prestación de servicios,Contratación directa,180 Dia(s),0,65876378.0,61321097.0,4555281.0,No,No,No definido,170.0,2023-07-14,2023,False,1
CO1.PCCNTR.7628087,Cerrado,2025-03-11,2025-03-14,2025-11-13,Prestación de servicios,Contratación directa,8 Mes(es),1,137828792.0,137828792.0,0.0,No,No,No definido,244.0,2025-03-11,2025,False,1
CO1.PCCNTR.689137,Cerrado,2018-12-21,2018-12-12,2019-10-31,Prestación de servicios,Contratación directa,No definido,0,62212492.0,61098238.0,1114254.0,No,No,No definido,323.0,2018-12-21,2018,False,1
CO1.PCCNTR.5448087,Cerrado,2023-10-12,2023-10-12,2024-08-31,Prestación de servicios,Contratación directa,326 Dia(s),0,41158800.0,39675600.0,1483200.0,No,No,No definido,324.0,2023-10-12,2023,False,1
CO1.PCCNTR.819293,Cerrado,2019-03-20,2019-02-08,2020-03-31,Prestación de servicios,Contratación directa,Dia(s),0,174601616.0,170860153.0,3741463.0,No,No,Hombre,417.0,2019-03-20,2019,False,1
CO1.PCCNTR.7472810,En ejecución,2025-02-13,2025-02-17,2025-11-16,Prestación de servicios,Contratación directa,9 Mes(es),0,155057391.0,153908818.0,1148573.0,No,No,No definido,272.0,2025-02-13,2025,False,1
CO1.PCCNTR.451584,Cerrado,2018-07-25,2018-07-11,2019-08-31,Prestación de servicios,Selección abreviada subasta inversa,No definido,0,495588020.0,437392905.0,58195115.0,Si,No,Mujer,416.0,2018-07-25,2018,False,0
CO1.PCCNTR.1730604,Cerrado,2020-09-18,2020-09-18,2021-06-30,Prestación de servicios,Contratación directa,338 Dia(s),0,162446667.0,159646667.0,2800000.0,No,No,No definido,285.0,2020-09-18,2020,False,1
CO1.PCCNTR.828124,Cerrado,2019-03-12,2019-02-12,2019-12-31,Prestación de servicios,Contratación directa,No definido,0,120000000.0,92735049.0,27264951.0,No,No,No definido,322.0,2019-03-12,2019,False,1
CO1.PCCNTR.457309,Cerrado,2018-07-12,2018-06-25,2019-04-05,Prestación de servicios,Contratación directa,No definido,0,67470700.0,65596514.0,1874186.0,No,No,No definido,284.0,2018-07-12,2018,False,1
CO1.PCCNTR.7815952,En ejecución,2025-04-29,2025-04-30,2025-05-30,Compraventa,Mínima cuantía,30 Dia(s),0,123800000.0,123800000.0,0.0,Si,No,Mujer,30.0,2025-04-29,2025,False,0
CO1.PCCNTR.7791468,En ejecución,2025-04-22,2025-04-24,2025-11-23,Prestación de servicios,Contratación directa,7 Mes(es),0,30338000.0,30338000.0,0.0,No,No,Mujer,213.0,2025-04-22,2025,False,1
CO1.PCCNTR.6116274,Cerrado,2024-03-20,2024-03-26,2025-02-28,Prestación de servicios,Contratación directa,339 Dia(s),0,192401667.0,192401666.0,1.0,No,No,Hombre,339.0,2024-03-20,2024,False,1
CO1.PCCNTR.9136035,En ejecución,2026-01-27,2026-02-05,2026-12-31,Prestación de servicios,Contratación directa,335 Dia(s),0,52636900.0,21844800.0,30792100.0,No,No,No definido,329.0,2026-01-27,2026,False,1
CO1.PCCNTR.8693290,En ejecución,2025-12-19,2025-12-23,2025-12-31,Compraventa,Mínima cuantía,10 Dia(s),0,99989999.98,99989999.0,0.0,Si,No,No definido,8.0,2025-12-19,2025,False,0
CO1.PCCNTR.8312963,En ejecución,2025-09-11,2025-09-23,2025-12-31,Prestación de servicios,Contratación directa,110 Dia(s),0,16324733.0,14157733.0,2167000.0,No,No,Hombre,99.0,2025-09-11,2025,False,1
CO1.PCCNTR.813941,Cerrado,2019-03-21,2019-02-05,2020-02-29,Prestación de servicios,Contratación directa,No definido,0,190310656.0,186426765.0,3883891.0,No,No,No definido,389.0,2019-03-21,2019,False,1
CO1.PCCNTR.4633513,Cerrado,2023-02-19,2023-02-19,2023-06-15,Prestación de servicios,Contratación directa,4 Mes(es),0,11882080.0,11684046.0,198034.0,No,No,Mujer,116.0,2023-02-19,2023,False,1
CO1.PCCNTR.2224562,Cerrado,2021-02-11,2021-02-11,2022-06-16,Prestación de servicios,Contratación directa,330 Dia(s),0,124815400.0,123060966.0,1754434.0,No,No,No definido,490.0,2021-02-11,2021,False,1
CO1.PCCNTR.4632316,Cerrado,2023-02-21,2023-02-21,2023-06-15,Prestación de servicios,Contratación directa,4 Mes(es),0,15890960.0,15626110.0,264850.0,No,No,No definido,114.0,2023-02-21,2023,False,1
CO1.PCCNTR.978601,Cerrado,2019-06-07,2019-05-29,2020-08-31,Prestación de servicios,Mínima cuantía,No definido,0,105920000.0,103272001.0,2647998.0,Si,No,Hombre,460.0,2019-06-07,2019,False,0
CO1.PCCNTR.454815,Cerrado,2018-07-12,2018-06-21,2019-04-04,Prestación de servicios,Contratación directa,No definido,0,65278083.0,64368284.0,909799.0,No,No,No definido,287.0,2018-07-12,2018,False,1
CO1.PCCNTR.665012,Cerrado,2018-12-17,2018-11-28,2018-12-31,Prestación de servicios,Contratación directa,No definido,0,2880000.0,2040000.0,840000.0,No,No,No definido,33.0,2018-12-17,2018,False,1
CO1.PCCNTR.808033,Cerrado,2019-03-01,2019-02-01,2020-05-21,Prestación de servicios,Contratación directa,Dia(s),0,134736792.0,133884027.0,852765.0,No,No,No definido,475.0,2019-03-01,2019,False,1
CO1.PCCNTR.8453556,Modificado,2025-10-15,2025-10-20,2026-12-31,Prestación de servicios,Contratación directa,436 Dia(s),152,163060000.0,91173333.0,71886667.0,No,No,Mujer,437.0,2025-10-15,2025,False,1
CO1.PCCNTR.70604,Cerrado,2016-10-10,2016-10-06,2016-12-31,Prestación de servicios,Contratación directa (con ofertas),No definido,0,23150031.0,0.0,23150031.0,No,No,No definido,86.0,2016-10-10,2016,False,1
CO1.PCCNTR.6141649,Cerrado,2024-03-22,2024-04-01,2024-08-21,Prestación de servicios,Contratación directa,5 Mes(es),0,20000000.0,20000000.0,0.0,No,No,Hombre,142.0,2024-03-22,2024,False,1
CO1.PCCNTR.7827849,Modificado,2025-05-02,2025-05-23,2026-08-06,Compraventa,Licitación pública,231 Dia(s),230,11319718530.0,10919742893.0,399975636.0,No,Si,Hombre,440.0,2025-05-02,2025,False,0
CO1.PCCNTR.108959,Cerrado,2017-02-15,2017-02-01,2018-06-18,Prestación de servicios,Contratación directa (con ofertas),No definido,0,167175966.0,163219139.0,3956827.0,No,No,No definido,502.0,2017-02-15,2017,False,1
CO1.PCCNTR.3076974,Cerrado,2021-12-13,2021-12-13,2022-09-30,Prestación de servicios,Contratación directa,213 Dia(s),0,194360460.0,184505700.0,9854760.0,No,No,Mujer,291.0,2021-12-13,2021,False,1
CO1.PCCNTR.7381871,En ejecución,2025-02-06,2025-02-11,2025-10-10,Prestación de servicios,Contratación directa,8 Mes(es),82,107304000.0,106409800.0,894200.0,No,No,Mujer,241.0,2025-02-06,2025,False,1
CO1.PCCNTR.4534820,Cerrado,2023-02-06,2023-02-06,2024-01-31,Otro,Contratación directa,730 Dia(s),0,3750614260.0,3750614245.0,15.0,No,No,No definido,359.0,2023-02-06,2023,False,1
CO1.PCCNTR.1170902,Modificado,2019-11-15,2019-11-06,2023-12-27,Consultoría,Concurso de méritos abierto,Dia(s),10,7449611568.0,7424729766.0,24881802.0,No,No,Hombre,1512.0,2019-11-15,2019,False,0
CO1.PCCNTR.109789,Cerrado,2017-02-10,2017-02-06,2017-12-31,Prestación de servicios,Contratación directa (con ofertas),No definido,0,93279742.0,89968035.0,3311707.0,No,No,No definido,328.0,2017-02-10,2017,False,1
CO1.PCCNTR.5903351,Cerrado,2024-02-09,2024-02-15,2024-12-31,Prestación de servicios,Contratación directa,316 Dia(s),0,126780801.0,126379596.0,401205.0,No,No,Hombre,320.0,2024-02-09,2024,False,1
CO1.PCCNTR.6223552,En ejecución,2024-04-17,2024-04-23,2024-11-22,Prestación de servicios,Contratación directa,7 Mes(es),0,49000000.0,48999999.0,0.0,No,No,No definido,213.0,2024-04-17,2024,False,1
CO1.PCCNTR.1805747,Cerrado,2020-09-11,2020-09-11,2021-03-02,Prestación de servicios,Contratación directa,126 Dia(s),60,54400000.0,52133333.0,2266667.0,No,No,No definido,172.0,2020-09-11,2020,False,1
CO1.PCCNTR.4308180,Cerrado,2022-12-27,2022-12-27,2023-08-31,Prestación de servicios,Contratación directa,262 Dia(s),0,32154621.0,31308447.0,846174.0,No,No,Mujer,247.0,2022-12-27,2022,False,1
CO1.PCCNTR.3554205,Cerrado,2022-02-09,2022-02-09,2022-12-31,Prestación de servicios,Contratación directa,336 Dia(s),0,36228350.0,36228350.0,0.0,Si,No,Mujer,325.0,2022-02-09,2022,False,1
CO1.PCCNTR.617087,Cerrado,2018-11-08,2018-10-22,2018-12-31,Prestación de servicios,Contratación directa,No definido,0,34879604.0,32522874.0,2356730.0,No,No,No definido,70.0,2018-11-08,2018,False,1
CO1.PCCNTR.827743,Cerrado,2019-02-26,2019-02-11,2019-12-31,Prestación de servicios,Contratación directa,No definido,0,33784000.0,32754000.0,1030000.0,No,No,No definido,323.0,2019-02-26,2019,False,1
CO1.PCCNTR.2526860,Cerrado,2021-05-27,2021-05-27,2022-04-26,Prestación de servicios,Contratación directa,341 Dia(s),0,45231047.0,28850327.0,16380720.0,No,No,No definido,334.0,2021-05-27,2021,False,1
CO1.PCCNTR.88802,Enviado proveedor,,2016-12-15,2016-12-30,Compraventa,Mínima cuantía,No definido,0,45143385.0,0.0,45143385.0,Si,No,Mujer,15.0,2016-12-15,2016,False,0
CO1.PCCNTR.9045000,En ejecución,2026-01-25,2026-01-28,2026-12-31,Prestación de servicios,Contratación directa,339 Dia(s),0,129241980.0,56821905.0,72420075.0,No,No,No definido,337.0,2026-01-25,2026,False,1
CO1.PCCNTR.3398141,Cerrado,2022-02-02,2022-02-02,2022-12-31,Prestación de servicios,Contratación directa,344 Dia(s),0,121666682.0,120955181.0,711501.0,No,No,No definido,332.0,2022-02-02,2022,False,1
CO1.PCCNTR.7177368,En ejecución,2024-12-27,2024-12-31,2025-07-31,Prestación de servicios,Contratación directa,214 Dia(s),0,32550000.0,31500000.0,1050000.0,No,No,Mujer,212.0,2024-12-27,2024,False,1
CO1.PCCNTR.2053436,Cerrado,2021-01-14,2022-01-14,2022-08-08,Arrendamiento de inmuebles,Contratación directa,606 Dia(s),0,10300000.0,0.0,10300000.0,No,No,Hombre,206.0,2021-01-14,2021,False,1
CO1.PCCNTR.2224811,Cerrado,2021-03-05,2021-03-05,2022-01-31,Otro,Contratación directa,696 Dia(s),0,3750614259.0,3750614245.0,14.0,No,No,No definido,332.0,2021-03-05,2021,False,1
CO1.PCCNTR.4682590,Cerrado,2023-02-24,2023-02-24,2023-06-23,Prestación de servicios,Contratación directa,4 Mes(es),0,22915440.0,22533516.0,381924.0,No,No,No definido,119.0,2023-02-24,2023,False,1
CO1.PCCNTR.626243,Cerrado,2018-11-13,2018-10-24,2018-12-31,Prestación de servicios,Contratación directa,No definido,0,29867128.0,27041859.0,2825269.0,No,No,No definido,68.0,2018-11-13,2018,False,1
CO1.PCCNTR.2543518,Cerrado,2021-06-11,2021-06-11,2022-12-31,Prestación de servicios,Selección abreviada subasta inversa,19 Mes(es),0,328101000.0,308870000.0,19231000.0,Si,No,No definido,568.0,2021-06-11,2021,False,0
CO1.PCCNTR.5984554,Cerrado,2024-02-21,2024-02-28,2024-08-21,Prestación de servicios,Contratación directa,6 Mes(es),0,55560000.0,32718666.0,22841333.0,No,No,Mujer,175.0,2024-02-21,2024,False,1
CO1.PCCNTR.1393129,Cerrado,2020-03-02,2020-02-17,2020-11-30,Prestación de servicios,Contratación directa,Dia(s),0,62565889.0,61266944.0,1298945.0,No,No,Hombre,287.0,2020-03-02,2020,False,1
CO1.PCCNTR.2509909,Cerrado,2021-05-27,2021-05-27,2021-12-15,Prestación de servicios,Contratación directa,203 Dia(s),0,28284880.0,27642042.0,642838.0,No,No,No definido,202.0,2021-05-27,2021,False,1
CO1.PCCNTR.2424902,Cerrado,2021-05-03,2021-05-03,2021-12-15,Prestación de servicios,Contratación directa,235 Dia(s),0,33827264.0,33555559.0,271705.0,No,No,Hombre,226.0,2021-05-03,2021,False,1
CO1.PCCNTR.4650969,Cerrado,2023-02-24,2023-02-24,2023-06-17,Prestación de servicios,Contratación directa,4 Mes(es),0,21576900.0,21217285.0,359615.0,No,No,No definido,113.0,2023-02-24,2023,False,1
CO1.PCCNTR.2607765,Cerrado,2021-07-02,2021-07-02,2023-03-31,Prestación de servicios,Selección abreviada subasta inversa,403 Dia(s),0,249761681.0,240465802.0,9295878.0,No,No,No definido,637.0,2021-07-02,2021,False,0
CO1.PCCNTR.2768383,En ejecución,2021-09-07,2021-09-07,2021-12-31,Compraventa,Selección abreviada subasta inversa,120 Dia(s),0,396751275.86,396751275.0,0.0,Si,No,Hombre,115.0,2021-09-07,2021,False,0
CO1.PCCNTR.6523741,Cerrado,2024-07-17,2024-07-22,2024-12-31,Prestación de servicios,Contratación directa,168 Dia(s),0,54494760.0,48952920.0,5541840.0,No,No,Hombre,162.0,2024-07-17,2024,False,1
CO1.PCCNTR.626974,Cerrado,2018-11-13,2018-11-02,2019-10-31,Compraventa,Mínima cuantía,No definido,0,6280000.0,6280000.0,0.0,No,No,No definido,363.0,2018-11-13,2018,False,0
CO1.PCCNTR.145603,Cerrado,2017-07-25,2017-05-09,2018-04-30,Prestación de servicios,Contratación directa (con ofertas),Dia(s),0,45793202.0,27552455.0,18240747.0,No,No,No definido,356.0,2017-07-25,2017,False,1
CO1.PCCNTR.5971820,Cerrado,2024-02-21,2024-03-06,2024-12-31,Prestación de servicios,Contratación directa,295 Dia(s),0,42289332.0,41572563.0,716769.0,No,No,Hombre,300.0,2024-02-21,2024,False,1
CO1.PCCNTR.3104817,Cerrado,2021-12-24,2021-12-24,2021-12-31,Compraventa,Selección abreviada subasta inversa,30 Dia(s),0,223695000.0,223695000.0,0.0,Si,No,Hombre,7.0,2021-12-24,2021,False,0
CO1.PCCNTR.9293452,En ejecución,2026-01-30,2026-02-03,2026-12-31,Prestación de servicios,Contratación directa,330 Dia(s),0,51190800.0,21476600.0,29714200.0,No,No,Hombre,331.0,2026-01-30,2026,False,1
CO1.PCCNTR.7838793,En ejecución,2025-05-05,2025-05-07,2029-05-06,Otro,Contratación directa,4 Año(s),0,253000000.0,0.0,253000000.0,No,No,No definido,1460.0,2025-05-05,2025,False,1
CO1.PCCNTR.4238661,Cerrado,2022-11-25,2022-11-25,2023-08-31,Prestación de servicios,Contratación directa,283 Dia(s),0,51699880.0,50641901.0,1057979.0,No,No,Hombre,279.0,2022-11-25,2022,False,1
CO1.PCCNTR.145901,Cerrado,2017-07-25,2017-05-09,2018-04-30,Prestación de servicios,Contratación directa (con ofertas),Dia(s),0,55490582.0,26586017.0,28904565.0,No,No,No definido,356.0,2017-07-25,2017,False,1
CO1.PCCNTR.3549211,Cerrado,2022-02-07,2022-02-07,2022-12-31,Prestación de servicios,Contratación directa,333 Dia(s),0,62881500.0,62881500.0,0.0,No,No,No definido,327.0,2022-02-07,2022,False,1
CO1.PCCNTR.7428841,En ejecución,2025-02-10,2025-02-12,2025-10-11,Prestación de servicios,Contratación directa,8 Mes(es),0,101712000.0,100864400.0,847600.0,No,No,Mujer,241.0,2025-02-10,2025,False,1
CO1.PCCNTR.5517931,Cerrado,2023-11-22,2023-11-29,2023-12-15,Prestación de servicios,Mínima cuantía,1 Mes(es),0,9653280.0,9653280.0,0.0,No,No,Mujer,16.0,2023-11-22,2023,False,0
CO1.PCCNTR.836394,Cerrado,2019-04-16,2019-02-13,2019-12-31,Prestación de servicios,Contratación directa,No definido,0,46412190.0,45266210.0,1145980.0,No,No,Mujer,321.0,2019-04-16,2019,False,1
CO1.PCCNTR.328712,Cerrado,2018-02-02,2018-01-26,2018-12-31,Prestación de servicios,Contratación directa,No definido,0,66122211.0,66122211.0,0.0,No,No,No definido,339.0,2018-02-02,2018,False,1
CO1.PCCNTR.8712894,Modificado,2025-12-24,2025-12-30,2026-11-30,Prestación de servicios,Mínima cuantía,7 Mes(es),122,15279600.0,7140000.0,8139600.0,Si,No,Hombre,335.0,2025-12-24,2025,False,0
CO1.PCCNTR.813925,Cerrado,2019-03-22,2019-02-05,2020-03-31,Prestación de servicios,Contratación directa,Dia(s),0,175433052.0,172107307.0,3325745.0,No,No,No definido,420.0,2019-03-22,2019,False,1
CO1.PCCNTR.316905,Cerrado,2018-02-02,2018-01-23,2018-12-31,Prestación de servicios,Contratación directa,No definido,0,91690000.0,89570000.0,2120000.0,No,No,No definido,342.0,2018-02-02,2018,False,1
CO1.PCCNTR.1230610,Cerrado,2020-01-14,2019-12-30,2022-09-30,Prestación de servicios,Mínima cuantía,Dia(s),0,49571726.0,22418676.0,27153050.0,Si,No,Hombre,1005.0,2020-01-14,2020,False,0
CO1.PCCNTR.8127033,En ejecución,2025-07-25,2025-07-29,2025-11-30,Prestación de servicios,Contratación directa,125 Dia(s),0,32000000.0,30500000.0,1500000.0,No,No,Hombre,124.0,2025-07-25,2025,False,1
CO1.PCCNTR.600005,Cerrado,2018-10-18,2018-10-03,2018-12-31,Prestación de servicios,Contratación directa,No definido,0,24420953.0,22155091.0,2265862.0,No,No,No definido,89.0,2018-10-18,2018,False,1
CO1.PCCNTR.8587917,Modificado,2025-11-20,2025-11-24,2026-10-31,Prestación de servicios,Contratación directa,341 Dia(s),103,83151467.0,37859467.0,45292000.0,No,No,Hombre,341.0,2025-11-20,2025,False,1
CO1.PCCNTR.7544915,Cedido,2025-02-26,2025-03-03,2025-11-02,Prestación de servicios,Contratación directa,8 Mes(es),0,75744000.0,74481600.0,1262400.0,No,No,Hombre,244.0,2025-02-26,2025,False,1
CO1.PCCNTR.3425884,Cerrado,2022-02-02,2022-02-02,2022-12-31,Prestación de servicios,Contratación directa,340 Dia(s),0,154450587.0,152633522.0,1817065.0,No,No,No definido,332.0,2022-02-02,2022,False,1
CO1.PCCNTR.2506319,Cerrado,2021-05-21,2021-05-21,2021-12-15,Prestación de servicios,Contratación directa,203 Dia(s),0,30784168.0,30084528.0,699640.0,No,No,No definido,208.0,2021-05-21,2021,False,1
CO1.PCCNTR.6585885,Cerrado,2024-08-01,2024-08-06,2024-12-31,Prestación de servicios,Contratación directa,5 Mes(es),0,27070000.0,26167667.0,902333.0,No,No,Mujer,147.0,2024-08-01,2024,False,1
CO1.PCCNTR.265962,Cerrado,2018-01-10,2017-12-26,2018-07-31,Prestación de servicios,Contratación directa,No definido,0,29733333.0,16666667.0,13066666.0,No,No,No definido,217.0,2018-01-10,2018,False,1
CO1.PCCNTR.1423787,Cerrado,2020-03-04,2020-03-02,2023-06-30,Otro,Contratación directa,Dia(s),0,524268400.0,467768700.0,56499700.0,No,No,Hombre,1215.0,2020-03-04,2020,False,1
CO1.PCCNTR.3543380,Cerrado,2022-02-03,2022-02-03,2022-12-31,Prestación de servicios,Contratación directa,333 Dia(s),0,115786667.0,115440000.0,346667.0,No,No,No definido,331.0,2022-02-03,2022,False,1
CO1.PCCNTR.4350710,Cerrado,2022-12-29,2022-12-30,2024-06-28,Prestación de servicios,Mínima cuantía,18 Mes(es),0,17047921.0,10030694.0,7017227.0,Si,No,Mujer,546.0,2022-12-29,2022,False,0
CO1.PCCNTR.1747010,Cerrado,2020-09-02,2020-09-02,2021-07-09,Prestación de servicios,Contratación directa,340 Dia(s),0,66483257.0,40302738.0,26180519.0,No,No,No definido,310.0,2020-09-02,2020,False,1
CO1.PCCNTR.1185609,Cerrado,2019-11-19,2019-11-14,2021-12-22,Prestación de servicios,Mínima cuantía,Dia(s),0,77549618.0,77549618.0,0.0,Si,No,Hombre,769.0,2019-11-19,2019,False,0
CO1.PCCNTR.7709899,En ejecución,2025-03-28,2025-04-03,2025-12-02,Prestación de servicios,Contratación directa,8 Mes(es),0,48192000.0,48192000.0,0.0,No,No,Mujer,243.0,2025-03-28,2025,False,1
CO1.PCCNTR.8314516,En ejecución,2025-09-15,2025-09-17,2026-08-31,Prestación de servicios,Contratación directa,346 Dia(s),0,75082000.0,61628000.0,13454000.0,No,No,No definido,348.0,2025-09-15,2025,False,1
CO1.PCCNTR.7611766,En ejecución,2025-03-07,2025-03-12,2025-09-21,Prestación de servicios,Contratación directa,190 Dia(s),0,49970000.0,49970000.0,0.0,No,No,Mujer,193.0,2025-03-07,2025,False,1
CO1.PCCNTR.6287416,Cerrado,2024-05-06,2024-05-10,2024-12-31,Prestación de servicios,Contratación directa,239 Dia(s),0,46384000.0,42711933.0,3672067.0,No,No,Hombre,235.0,2024-05-06,2024,False,1
CO1.PCCNTR.984118,Cerrado,2019-07-16,2019-06-17,2019-12-31,Prestación de servicios,Selección abreviada subasta inversa,Dia(s),0,120171571.0,107567998.0,12603573.0,Si,No,Hombre,197.0,2019-07-16,2019,False,0
CO1.PCCNTR.872240,Cerrado,2019-04-09,2019-03-01,2020-04-30,Prestación de servicios,Contratación directa,Dia(s),0,55923734.0,55396152.0,527582.0,No,No,No definido,426.0,2019-04-09,2019,False,1
CO1.PCCNTR.1367805,Cerrado,2020-03-03,2020-02-07,2020-12-31,Prestación de servicios,Contratación directa,No definido,0,95447084.0,94568737.0,878347.0,No,No,No definido,328.0,2020-03-03,2020,False,1
CO1.PCCNTR.1988635,Cerrado,2020-12-02,2020-12-02,2021-04-30,Prestación de servicios,Contratación directa,353 Dia(s),0,39869978.0,38284240.0,1585737.0,No,No,No definido,149.0,2020-12-02,2020,False,1
CO1.PCCNTR.807933,Cerrado,2019-04-03,2019-02-01,2020-02-29,Prestación de servicios,Contratación directa,No definido,0,74106667.0,72800000.0,1306667.0,No,No,No definido,393.0,2019-04-03,2019,False,1
CO1.PCCNTR.6563276,Cerrado,2024-07-25,2024-08-01,2024-12-31,Prestación de servicios,Contratación directa,156 Dia(s),0,24973467.0,23860000.0,1113467.0,No,No,Hombre,152.0,2024-07-25,2024,False,1
CO1.PCCNTR.817756,Cerrado,2019-04-03,2019-02-06,2019-12-31,Prestación de servicios,Contratación directa,No definido,0,108086628.0,105156569.0,2930059.0,No,No,No definido,328.0,2019-04-03,2019,False,1
CO1.PCCNTR.1861409,Cerrado,2020-10-14,2020-10-14,2021-07-28,Prestación de servicios,Contratación directa,309 Dia(s),0,63452862.0,60411989.0,3040873.0,No,No,Hombre,287.0,2020-10-14,2020,False,1
CO1.PCCNTR.9780398,Aprobado,2026-08-06,,2026-12-31,Prestación de servicios,Contratación directa,141 Dia(s),0,33901000.0,0.0,33901000.0,No,No,Mujer,,2026-08-06,2026,False,1
CO1.PCCNTR.246458,Cerrado,2017-12-13,2017-12-06,2018-07-31,Prestación de servicios,Contratación directa (con ofertas),No definido,0,54587944.0,53223245.0,1364699.0,No,No,No definido,237.0,2017-12-13,2017,False,1
CO1.PCCNTR.75205,Cerrado,2016-11-08,2016-10-25,2016-12-31,Prestación de servicios,Contratación directa (con ofertas),Dia(s),0,13023737.0,0.0,13023737.0,No,No,No definido,67.0,2016-11-08,2016,False,1
CO1.PCCNTR.7375335,En ejecución,2025-02-11,2025-02-14,2025-10-13,Prestación de servicios,Contratación directa,8 Mes(es),0,78424000.0,77770467.0,653533.0,No,No,No definido,241.0,2025-02-11,2025,False,1
CO1.PCCNTR.5946530,Cerrado,2024-02-14,2024-02-19,2024-11-18,Prestación de servicios,Contratación directa,9 Mes(es),0,27920115.0,27816706.0,103409.0,No,No,Mujer,273.0,2024-02-14,2024,False,1
CO1.PCCNTR.818035,Cerrado,2019-04-15,2019-02-06,2019-12-31,Prestación de servicios,Contratación directa,No definido,0,41275645.0,40156727.0,1118918.0,No,No,No definido,328.0,2019-04-15,2019,False,1
CO1.PCCNTR.3144118,Cerrado,2021-12-31,2021-12-31,2021-12-31,Prestación de servicios,Mínima cuantía,6 Dia(s),0,5520871.0,2507679.0,3013192.0,Si,No,Hombre,0.0,2021-12-31,2021,False,0
CO1.PCCNTR.5700620,Cerrado,2024-01-02,2024-01-02,2024-08-31,Prestación de servicios,Contratación directa,247 Dia(s),0,44907897.0,27052950.0,17854947.0,No,No,Mujer,242.0,2024-01-02,2024,False,1
CO1.PCCNTR.684064,Cerrado,2019-01-04,2018-12-28,2021-10-31,Prestación de servicios,Selección abreviada subasta inversa,Dia(s),0,1617125799.0,1617125798.0,1.0,No,Si,No definido,1038.0,2019-01-04,2019,False,0
CO1.PCCNTR.242508,Cerrado,2017-12-05,2017-11-30,2018-11-30,Prestación de servicios,Contratación directa (con ofertas),No definido,0,111685839.0,110785389.0,900450.0,No,No,Hombre,365.0,2017-12-05,2017,False,1
CO1.PCCNTR.5971869,Cerrado,2024-02-21,2024-02-27,2024-12-31,Prestación de servicios,Contratación directa,310 Dia(s),0,78366256.0,44111823.0,34254433.0,No,No,Mujer,308.0,2024-02-21,2024,False,1
CO1.PCCNTR.8694521,Modificado,2025-12-20,2025-12-24,2026-10-31,Prestación de servicios,Contratación directa,311 Dia(s),92,47067240.0,27951411.0,19115829.0,No,No,Hombre,311.0,2025-12-20,2025,False,1
CO1.PCCNTR.314461,Cerrado,2018-02-02,2018-01-23,2019-03-15,Prestación de servicios,Contratación directa,No definido,0,68123438.0,67958887.0,164550.0,No,No,No definido,416.0,2018-02-02,2018,False,1
CO1.PCCNTR.796266,Cerrado,2019-02-26,2019-01-30,2020-02-29,Prestación de servicios,Contratación directa,No definido,0,165455817.0,162545790.0,2910027.0,No,No,No definido,395.0,2019-02-26,2019,False,1
CO1.PCCNTR.299652,Cerrado,2018-02-06,2018-01-19,2018-12-31,Prestación de servicios,Contratación directa,No definido,0,87109790.0,86102741.0,1007049.0,No,No,No definido,346.0,2018-02-06,2018,False,1
CO1.PCCNTR.9042413,En ejecución,2026-01-24,2026-01-27,2026-09-30,Prestación de servicios,Contratación directa,244 Dia(s),0,28165733.0,17776733.0,10389000.0,No,No,Mujer,246.0,2026-01-24,2026,False,1
CO1.PCCNTR.1998839,Cerrado,2020-12-07,2020-12-17,2022-07-31,Prestación de servicios,Contratación directa,626 Dia(s),0,98660378.0,0.0,98660378.0,No,No,No definido,591.0,2020-12-07,2020,False,1
CO1.PCCNTR.616967,Cerrado,2018-11-13,2018-10-22,2018-12-31,Prestación de servicios,Contratación directa,No definido,0,29867128.0,27849079.0,2018049.0,No,No,No definido,70.0,2018-11-13,2018,False,1
CO1.PCCNTR.5880399,Cerrado,2024-02-05,2024-02-07,2024-12-31,Prestación de servicios,Contratación directa,324 Dia(s),0,109199329.0,107177119.0,2022210.0,No,No,No definido,328.0,2024-02-05,2024,False,1
CO1.PCCNTR.2875847,Cerrado,2021-10-04,2021-10-04,2022-12-31,Prestación de servicios,Contratación directa,346 Dia(s),0,83430680.0,82711451.0,719229.0,No,No,No definido,453.0,2021-10-04,2021,False,1
CO1.PCCNTR.415232,Cerrado,2018-05-15,2018-05-09,2018-12-21,Prestación de servicios,Mínima cuantía,No definido,0,88646277.0,87177069.0,1469208.0,No,No,Hombre,226.0,2018-05-15,2018,False,0
CO1.PCCNTR.3552272,Cerrado,2022-02-07,2022-02-07,2023-04-30,Prestación de servicios,Contratación directa,334 Dia(s),0,132880000.0,132000000.0,880000.0,No,No,No definido,447.0,2022-02-07,2022,False,1
CO1.PCCNTR.5220220,Cerrado,2023-07-18,2023-07-18,2023-12-31,Prestación de servicios,Contratación directa,170 Dia(s),0,25646361.0,24473956.0,1172405.0,No,No,Mujer,166.0,2023-07-18,2023,False,1
CO1.PCCNTR.3063980,Cerrado,2021-12-06,2021-12-06,2022-12-15,Prestación de servicios,Contratación directa,249 Dia(s),0,92356160.0,90694224.0,1661936.0,No,No,Hombre,374.0,2021-12-06,2021,False,1
CO1.PCCNTR.3149029,Cerrado,2021-12-30,2021-12-30,2022-09-15,Prestación de servicios,Contratación directa,259 Dia(s),0,26400000.0,25900000.0,500000.0,No,No,No definido,259.0,2021-12-30,2021,False,1
CO1.PCCNTR.7629457,En ejecución,2025-03-19,2025-03-25,2025-11-24,Prestación de servicios,Contratación directa,8 Mes(es),0,50346720.0,50346720.0,0.0,No,No,Hombre,244.0,2025-03-19,2025,False,1
CO1.PCCNTR.5483239,En ejecución,2023-11-14,2023-11-15,2023-12-15,Compraventa,Selección abreviada subasta inversa,1 Mes(es),0,111612200.0,111612200.0,0.0,Si,No,Hombre,30.0,2023-11-14,2023,False,0
CO1.PCCNTR.417739,Cerrado,2018-05-29,2018-05-15,2018-06-30,Compraventa,Mínima cuantía,No definido,0,2040000.0,2040000.0,0.0,Si,No,No definido,46.0,2018-05-29,2018,False,0
CO1.PCCNTR.8644118,Modificado,2025-11-28,2025-12-03,2026-10-31,Prestación de servicios,Contratación directa,335 Dia(s),92,77689920.0,47894070.0,29795850.0,No,No,Hombre,332.0,2025-11-28,2025,False,1
CO1.PCCNTR.112317,Cerrado,2017-03-21,2017-02-14,2017-12-31,Prestación de servicios,Contratación directa (con ofertas),No definido,0,41026997.0,39286458.0,1740539.0,No,No,No definido,320.0,2017-03-21,2017,False,1
CO1.PCCNTR.134911,Cerrado,2017-04-24,2017-04-06,2018-04-03,Prestación de servicios,Contratación directa (con ofertas),Dia(s),0,79264231.0,27318175.0,51946056.0,No,No,No definido,362.0,2017-04-24,2017,False,1
CO1.PCCNTR.1330731,Cerrado,2020-02-07,2020-01-29,2020-12-31,Prestación de servicios,Contratación directa,No definido,0,101100000.0,99600000.0,1500000.0,No,No,No definido,337.0,2020-02-07,2020,False,1
CO1.PCCNTR.2238235,Cerrado,2021-03-10,2021-03-10,2021-11-30,Prestación de servicios,Contratación directa,326 Dia(s),0,41717686.0,27765745.0,13951941.0,No,No,Hombre,265.0,2021-03-10,2021,False,1
CO1.PCCNTR.1553213,Cerrado,2020-06-08,2020-06-08,2021-04-30,Prestación de servicios,Contratación directa,357 Dia(s),0,177518093.0,176517991.0,1000102.0,No,No,No definido,326.0,2020-06-08,2020,False,1
CO1.PCCNTR.6563462,Cerrado,2024-07-25,2024-07-29,2025-03-18,Prestación de servicios,Contratación directa,234 Dia(s),0,30882582.0,30097432.0,785150.0,No,No,Mujer,232.0,2024-07-25,2024,False,1
CO1.PCCNTR.7513619,En ejecución,2025-02-19,2025-02-21,2025-10-20,Prestación de servicios,Contratación directa,8 Mes(es),0,71824000.0,71225466.0,598534.0,No,No,Hombre,241.0,2025-02-19,2025,False,1
CO1.PCCNTR.2266083,Cerrado,2021-06-11,2021-06-11,2021-12-31,Otro,Contratación directa,323 Dia(s),0,4686500000.0,0.0,4686500000.0,No,No,No definido,203.0,2021-06-11,2021,False,1
CO1.PCCNTR.3538101,Cerrado,2022-02-03,2022-02-03,2022-12-31,Prestación de servicios,Contratación directa,334 Dia(s),0,100001900.0,99703387.0,298513.0,No,No,Mujer,331.0,2022-02-03,2022,False,1
CO1.PCCNTR.261949,Cerrado,2017-12-26,2017-12-20,2018-10-31,Prestación de servicios,Contratación directa,No definido,0,36866667.0,36283333.0,583334.0,No,No,No definido,315.0,2017-12-26,2017,False,1
CO1.PCCNTR.260140,Cerrado,2018-01-23,2017-12-28,2018-12-27,Otro,Contratación directa (con ofertas),No definido,0,214400.0,214400.0,0.0,No,No,Hombre,364.0,2018-01-23,2018,False,1
CO1.PCCNTR.7374462,Cerrado,2025-01-31,2025-02-05,2025-12-04,Prestación de servicios,Contratación directa,10 Mes(es),0,111940000.0,89552000.0,22388000.0,No,No,No definido,302.0,2025-01-31,2025,False,1
CO1.PCCNTR.4001211,Cerrado,2022-09-28,2022-09-28,2022-12-31,Prestación de servicios,Contratación directa,116 Dia(s),0,45616667.0,44083333.0,1533334.0,No,No,No definido,94.0,2022-09-28,2022,False,1
CO1.PCCNTR.811614,Cerrado,2019-04-03,2019-02-04,2020-02-29,Prestación de servicios,Contratación directa,No definido,0,190310656.0,186912251.0,3398405.0,No,No,No definido,390.0,2019-04-03,2019,False,1
CO1.PCCNTR.1206714,Cerrado,2019-12-27,2019-12-18,2020-12-31,Compraventa,Selección abreviada subasta inversa,Dia(s),0,648536000.0,648536000.0,0.0,Si,No,Mujer,379.0,2019-12-27,2019,False,0
CO1.PCCNTR.307422,Cerrado,2018-01-28,2018-01-18,2019-05-31,Prestación de servicios,Contratación directa,No definido,0,43271993.0,43097156.0,174837.0,No,No,Mujer,498.0,2018-01-28,2018,False,1
CO1.PCCNTR.5968198,Cerrado,2024-02-20,2024-02-23,2024-12-31,Prestación de servicios,Contratación directa,8 Mes(es),0,42298667.0,42161333.0,137334.0,No,No,Mujer,312.0,2024-02-20,2024,False,1
CO1.PCCNTR.1389066,Cerrado,2020-03-03,2020-02-18,2020-12-31,Prestación de servicios,Contratación directa,Dia(s),0,60803349.0,59283265.0,1520083.0,No,No,Hombre,317.0,2020-03-03,2020,False,1
CO1.PCCNTR.82204,Cerrado,2016-12-19,2016-11-10,2017-10-31,Prestación de servicios,Contratación directa (con ofertas),No definido,0,66143118.0,0.0,66143118.0,No,No,No definido,355.0,2016-12-19,2016,False,1
CO1.PCCNTR.6568173,Modificado,2024-07-26,2024-08-01,2027-07-31,Otro,Contratación régimen especial (con ofertas),3 Año(s),370,0.1,0.0,0.0,No,No,Mujer,1094.0,2024-07-26,2024,False,0
CO1.PCCNTR.519858,Cerrado,2018-08-17,2018-08-09,2018-12-31,Prestación de servicios,Contratación directa,No definido,0,41391895.0,39184327.0,2207568.0,No,No,Hombre,144.0,2018-08-17,2018,False,1
CO1.PCCNTR.93403,Cerrado,2016-12-22,2016-12-16,2017-03-31,Prestación de servicios,Contratación directa (con ofertas),Dia(s),0,29173573.0,0.0,29173573.0,No,No,No definido,105.0,2016-12-22,2016,False,1
CO1.PCCNTR.1931105,Cerrado,2020-12-10,2020-12-10,2020-12-31,Obra,Selección abreviada de menor cuantía,53 Dia(s),0,300000000.0,277487822.0,22512178.0,Si,No,No definido,21.0,2020-12-10,2020,False,0
CO1.PCCNTR.2594571,Cerrado,2021-07-09,2021-07-09,2022-11-22,Prestación de servicios,Contratación directa,350 Dia(s),0,92829552.0,91956700.0,872852.0,No,No,No definido,501.0,2021-07-09,2021,False,1
CO1.PCCNTR.3156801,Cerrado,2022-01-06,2022-01-06,2022-11-30,Prestación de servicios,Contratación directa,252 Dia(s),0,27000000.0,22306860.0,4693140.0,No,No,No definido,328.0,2022-01-06,2022,False,1
CO1.PCCNTR.5059309,Cerrado,2023-06-10,2023-06-10,2023-12-31,Prestación de servicios,Contratación directa,206 Dia(s),0,19283626.0,18813294.0,470332.0,No,No,Hombre,204.0,2023-06-10,2023,False,1
CO1.PCCNTR.8048886,En ejecución,2025-07-17,2025-07-18,2025-12-15,Prestación de servicios,Contratación directa,161 Dia(s),0,35404000.0,32954667.0,2449333.0,No,No,Hombre,150.0,2025-07-17,2025,False,1
CO1.PCCNTR.2041913,Cerrado,2020-12-30,2020-12-31,2022-05-29,Prestación de servicios,Contratación directa,362 Dia(s),0,147664686.0,146308644.0,1356042.0,No,No,No definido,514.0,2020-12-30,2020,False,1
CO1.PCCNTR.3542253,Cerrado,2022-02-03,2022-02-03,2022-12-31,Prestación de servicios,Contratación directa,338 Dia(s),0,31512266.0,31418200.0,94066.0,No,No,Mujer,331.0,2022-02-03,2022,False,1
CO1.PCCNTR.8115235,En ejecución,2025-08-08,2025-08-15,2027-12-31,Prestación de servicios,Contratación directa,29 Mes(es),0,33362802.0,0.0,33362802.0,No,No,Hombre,868.0,2025-08-08,2025,False,1
CO1.PCCNTR.1642677,Cerrado,2020-07-07,2020-07-07,2020-12-31,Prestación de servicios,Contratación directa,196 Dia(s),0,48974901.0,47537282.0,1437619.0,No,No,No definido,177.0,2020-07-07,2020,False,1
CO1.PCCNTR.5375720,Cerrado,2023-09-14,2023-09-14,2024-12-31,Prestación de servicios,Contratación directa,443 Dia(s),0,129931328.0,126683045.0,3248283.0,No,No,No definido,474.0,2023-09-14,2023,False,1
CO1.PCCNTR.815563,Cerrado,2019-04-03,2019-02-06,2020-03-31,Prestación de servicios,Contratación directa,Dia(s),0,109431043.0,107097205.0,2333838.0,No,No,No definido,419.0,2019-04-03,2019,False,1
CO1.PCCNTR.785040,Cerrado,2019-03-01,2019-01-28,2020-02-29,Prestación de servicios,Contratación directa,No definido,0,166287253.0,163377226.0,2910027.0,No,No,No definido,397.0,2019-03-01,2019,False,1
CO1.PCCNTR.1398554,Cerrado,2020-03-03,2020-02-19,2020-12-31,Prestación de servicios,Contratación directa,Dia(s),0,93241204.0,92362951.0,878253.0,No,No,No definido,316.0,2020-03-03,2020,False,1
CO1.PCCNTR.8584714,Modificado,2025-11-18,2025-11-24,2026-10-31,Prestación de servicios,Contratación directa,341 Dia(s),91,109120000.0,57053333.0,52066667.0,No,No,No definido,341.0,2025-11-18,2025,False,1
CO1.PCCNTR.8660020,En ejecución,2025-12-02,2025-12-12,2026-07-31,Prestación de servicios,Contratación directa,240 Dia(s),0,53474167.0,43194667.0,10279500.0,No,No,Mujer,231.0,2025-12-02,2025,False,1
CO1.PCCNTR.2509875,Cerrado,2021-05-27,2021-05-27,2021-12-15,Prestación de servicios,Contratación directa,202 Dia(s),0,29017032.0,28225748.0,791284.0,No,No,No definido,202.0,2021-05-27,2021,False,1
CO1.PCCNTR.2914351,Cerrado,2021-11-22,2021-11-22,2022-10-20,Prestación de servicios,Selección abreviada subasta inversa,1 Año(s),0,259890000.0,259890000.0,0.0,Si,No,Mujer,332.0,2021-11-22,2021,False,0
CO1.PCCNTR.63903,Cerrado,2016-09-15,2016-09-09,2016-12-31,Prestación de servicios,Contratación directa (con ofertas),Dia(s),0,6959996.0,1319999.0,5639997.0,No,No,No definido,113.0,2016-09-15,2016,False,1
CO1.PCCNTR.136111,Cerrado,2017-05-02,2017-04-19,2017-11-30,Prestación de servicios,Contratación directa (con ofertas),No definido,0,54133044.0,50266398.0,3866646.0,No,No,No definido,225.0,2017-05-02,2017,False,1
CO1.PCCNTR.1322457,Cerrado,2020-03-09,2020-01-28,2020-07-31,Prestación de servicios,Contratación directa,Dia(s),0,101866667.0,97599999.0,4266668.0,No,No,No definido,185.0,2020-03-09,2020,False,1
CO1.PCCNTR.841099,Cerrado,2019-04-03,2019-02-14,2019-12-31,Prestación de servicios,Contratación directa,No definido,0,60477589.0,59532627.0,944962.0,No,No,No definido,320.0,2019-04-03,2019,False,1
CO1.PCCNTR.808429,Cerrado,2019-02-26,2019-02-01,2020-05-31,Prestación de servicios,Contratación directa,Dia(s),0,116288987.0,113962742.0,2326245.0,No,No,Mujer,485.0,2019-02-26,2019,False,1
CO1.PCCNTR.2726082,Cerrado,2021-08-19,2021-08-19,2022-10-31,Prestación de servicios,Contratación directa,392 Dia(s),0,85541500.0,84786167.0,755333.0,No,No,No definido,438.0,2021-08-19,2021,False,1
CO1.PCCNTR.7561529,Modificado,2025-02-28,2025-03-03,2025-12-15,Prestación de servicios,Contratación directa,283 Dia(s),43,71863133.0,71863133.0,0.0,No,No,Mujer,287.0,2025-02-28,2025,False,1
CO1.PCCNTR.7713309,Cedido,2025-03-28,2025-04-03,2025-12-02,Prestación de servicios,Contratación directa,8 Mes(es),0,40160000.0,40160000.0,0.0,No,No,Hombre,243.0,2025-03-28,2025,False,1
CO1.PCCNTR.645720,Cerrado,2018-11-28,2018-11-13,2018-12-31,Prestación de servicios,Contratación directa,No definido,0,28000000.0,22400000.0,5600000.0,No,No,Mujer,48.0,2018-11-28,2018,False,1
CO1.PCCNTR.213707,Cerrado,2017-11-08,2017-10-26,2017-12-28,Compraventa,Selección abreviada subasta inversa,No definido,0,394322600.0,394322600.0,0.0,No,Si,No definido,63.0,2017-11-08,2017,False,0
CO1.PCCNTR.5844495,Cerrado,2024-01-31,2024-02-02,2024-12-31,Prestación de servicios,Contratación directa,329 Dia(s),0,107407533.0,107081067.0,326466.0,No,No,No definido,333.0,2024-01-31,2024,False,1
CO1.PCCNTR.6634737,Terminado,2024-08-14,2024-08-16,2024-12-31,Prestación de servicios,Contratación directa,137 Dia(s),0,39261000.0,31295000.0,7966000.0,No,No,No definido,137.0,2024-08-14,2024,False,1
CO1.PCCNTR.8672828,En ejecución,2025-12-11,2025-12-16,2026-07-31,Prestación de servicios,Contratación directa,239 Dia(s),0,103394327.0,85221991.0,18172336.0,No,No,No definido,227.0,2025-12-11,2025,False,1
CO1.PCCNTR.2213054,Cerrado,2021-02-17,2021-02-17,2021-12-15,Prestación de servicios,Contratación directa,332 Dia(s),0,59328000.0,57844800.0,1483200.0,No,No,No definido,301.0,2021-02-17,2021,False,1
CO1.PCCNTR.1371077,Cerrado,2020-02-26,2020-02-11,2020-12-31,Prestación de servicios,Contratación directa,Dia(s),0,99614733.0,97306667.0,2308066.0,No,No,No definido,324.0,2020-02-26,2020,False,1
CO1.PCCNTR.7586624,Terminado,2025-03-04,2025-03-10,2025-12-09,Prestación de servicios,Contratación directa,9 Mes(es),0,51055380.0,26662254.0,24393126.0,No,No,No definido,274.0,2025-03-04,2025,False,1
CO1.PCCNTR.2614422,Cerrado,2021-07-09,2021-07-09,2022-06-21,Prestación de servicios,Contratación directa,365 Dia(s),0,329000.0,329000.0,0.0,No,No,Hombre,347.0,2021-07-09,2021,False,1
CO1.PCCNTR.246203,Cerrado,2018-02-07,2017-12-06,2018-10-31,Prestación de servicios,Contratación directa (con ofertas),No definido,0,211585594.0,204427053.0,7158541.0,No,No,Hombre,329.0,2018-02-07,2018,False,1
CO1.PCCNTR.5902322,Cerrado,2024-02-08,2024-02-13,2024-12-31,Prestación de servicios,Contratación directa,8 Mes(es),0,70343413.0,70122207.0,221206.0,No,No,Mujer,322.0,2024-02-08,2024,False,1
CO1.PCCNTR.4567069,Cerrado,2023-02-07,2023-02-07,2023-06-06,Prestación de servicios,Contratación directa,4 Mes(es),0,12360000.0,12154000.0,206000.0,No,No,Mujer,119.0,2023-02-07,2023,False,1
CO1.PCCNTR.7079008,Modificado,2024-11-28,2024-12-02,2026-10-31,Otro,Contratación directa,694 Dia(s),93,6471416507.0,3230449150.0,3240967357.0,No,No,No definido,698.0,2024-11-28,2024,False,1
CO1.PCCNTR.114131,Cerrado,2017-03-06,2017-02-16,2018-05-31,Prestación de servicios,Contratación directa (con ofertas),No definido,0,110366667.0,108033333.0,2333334.0,No,No,No definido,469.0,2017-03-06,2017,False,1
CO1.PCCNTR.487654,Cerrado,2018-07-30,2018-07-16,2019-03-22,Prestación de servicios,Contratación directa,No definido,0,27170000.0,26620000.0,550000.0,No,No,No definido,249.0,2018-07-30,2018,False,1
CO1.PCCNTR.2237740,Cerrado,2021-02-25,2021-02-25,2021-09-30,Prestación de servicios,Contratación directa,326 Dia(s),0,60668944.0,58393859.0,2275085.0,No,No,No definido,217.0,2021-02-25,2021,False,1
CO1.PCCNTR.4329623,Modificado,2022-12-29,2022-12-29,2024-12-30,Prestación de servicios,Selección abreviada subasta inversa,24 Mes(es),0,2681220979.0,2639921415.0,41299563.0,No,Si,No definido,732.0,2022-12-29,2022,False,0
CO1.PCCNTR.4307981,Cerrado,2022-12-27,2022-12-27,2023-08-31,Prestación de servicios,Contratación directa,262 Dia(s),0,39288280.0,38254378.0,1033902.0,No,No,No definido,247.0,2022-12-27,2022,False,1
CO1.PCCNTR.3161445,Cerrado,2022-01-19,2022-01-19,2022-07-31,Prestación de servicios,Contratación directa,213 Dia(s),0,42559000.0,41004333.0,1554667.0,No,No,Hombre,193.0,2022-01-19,2022,False,1
CO1.PCCNTR.785010,Cerrado,2019-03-12,2019-01-28,2019-12-31,Prestación de servicios,Contratación directa,No definido,0,78753769.0,77132368.0,1621401.0,No,No,No definido,337.0,2019-03-12,2019,False,1
CO1.PCCNTR.3539687,Cerrado,2022-02-03,2022-02-03,2022-12-31,Prestación de servicios,Contratación directa,334 Dia(s),0,33700000.0,33400000.0,300000.0,No,No,Hombre,331.0,2022-02-03,2022,False,1
CO1.PCCNTR.3543814,Cerrado,2022-02-03,2022-02-03,2022-12-31,Prestación de servicios,Contratación directa,335 Dia(s),0,63259167.0,63070333.0,188834.0,No,No,No definido,331.0,2022-02-03,2022,False,1
CO1.PCCNTR.1501902,Cerrado,2020-04-27,2020-04-08,2021-03-31,Prestación de servicios,Contratación directa,Dia(s),0,46822938.0,46569147.0,253791.0,No,No,Hombre,357.0,2020-04-27,2020,False,1
CO1.PCCNTR.4498943,Cerrado,2023-01-30,2023-01-30,2023-05-27,Prestación de servicios,Contratación directa,4 Mes(es),0,63660492.0,63660492.0,0.0,No,No,No definido,117.0,2023-01-30,2023,False,1
CO1.PCCNTR.8647979,Modificado,2025-12-03,2025-12-10,2026-10-31,Prestación de servicios,Contratación directa,325 Dia(s),91,51430133.0,30338000.0,21092133.0,No,No,Hombre,325.0,2025-12-03,2025,False,1
CO1.PCCNTR.1608475,Cerrado,2020-06-08,2020-06-08,2021-02-16,Prestación de servicios,Contratación directa,213 Dia(s),0,100678998.0,98773498.0,1905500.0,No,No,No definido,253.0,2020-06-08,2020,False,1
CO1.PCCNTR.122520,Cerrado,2017-03-30,2017-03-10,2017-12-31,Prestación de servicios,Contratación directa (con ofertas),No definido,0,135454770.0,131793830.0,3660940.0,No,No,No definido,296.0,2017-03-30,2017,False,1
CO1.PCCNTR.7816521,En ejecución,2025-05-02,2025-05-12,2025-12-19,Prestación de servicios,Contratación directa,229 Dia(s),0,790985938.0,786071010.0,4914928.0,Si,No,Hombre,221.0,2025-05-02,2025,False,1
CO1.PCCNTR.4969382,Cerrado,2023-05-19,2023-05-19,2023-12-31,Prestación de servicios,Contratación directa,229 Dia(s),0,30000000.0,25085100.0,4914900.0,No,No,No definido,226.0,2023-05-19,2023,False,1
CO1.PCCNTR.519720,Cerrado,2018-08-13,2018-08-08,2018-12-31,Prestación de servicios,Contratación directa,No definido,0,42633645.0,40644075.0,1989570.0,No,No,No definido,145.0,2018-08-13,2018,False,1
CO1.PCCNTR.1627518,Cerrado,2020-10-30,2020-06-13,2021-07-30,Seguros,Licitación pública,365 Dia(s),0,2215949015.0,2215949015.0,0.0,No,No,Mujer,412.0,2020-10-30,2020,False,0
CO1.PCCNTR.2194991,Cerrado,2021-02-17,2021-02-17,2021-10-15,Prestación de servicios,Contratación directa,336 Dia(s),0,63133235.0,61676313.0,1456922.0,No,No,Hombre,240.0,2021-02-17,2021,False,1
CO1.PCCNTR.2092721,Modificado,2021-02-02,2021-02-02,2029-12-31,Otro,Contratación directa,3294 Dia(s),0,897961297186.76,0.0,897961297186.0,No,No,No definido,3254.0,2021-02-02,2021,False,1
CO1.PCCNTR.524742,Cerrado,2018-09-07,2018-08-13,2018-12-31,Prestación de servicios,Contratación directa,No definido,0,29174750.0,26840770.0,2333980.0,No,No,No definido,140.0,2018-09-07,2018,False,1
CO1.PCCNTR.267833,Cerrado,2018-01-11,2017-12-28,2018-12-31,Prestación de servicios,Contratación directa,No definido,0,132447000.0,129591000.0,2856000.0,No,No,Hombre,368.0,2018-01-11,2018,False,1
CO1.PCCNTR.7613127,En ejecución,2025-03-07,2025-03-11,2025-11-10,Prestación de servicios,Contratación directa,8 Mes(es),0,56640000.0,56640000.0,0.0,No,No,Hombre,244.0,2025-03-07,2025,False,1
CO1.PCCNTR.2550069,Cerrado,2021-07-16,2021-07-16,2022-10-21,Prestación de servicios,Contratación directa,340 Dia(s),0,127321733.0,126569833.0,751900.0,No,No,No definido,462.0,2021-07-16,2021,False,1
CO1.PCCNTR.7583644,En ejecución,2025-03-05,2025-03-13,2025-12-12,Prestación de servicios,Contratación directa,9 Mes(es),0,56640060.0,56640060.0,0.0,No,No,Mujer,274.0,2025-03-05,2025,False,1
CO1.PCCNTR.8129313,En ejecución,2025-07-28,2025-08-01,2025-12-31,Prestación de servicios,Contratación directa,5 Mes(es),0,63580000.0,63580000.0,0.0,No,No,No definido,152.0,2025-07-28,2025,False,1
CO1.PCCNTR.8382406,En ejecución,2025-10-14,2025-11-05,2026-07-31,Prestación de servicios,Contratación directa,268 Dia(s),0,64221733.0,49588933.0,14632800.0,No,No,No definido,268.0,2025-10-14,2025,False,1
CO1.PCCNTR.3153752,Cerrado,2021-12-31,2021-12-31,2022-10-31,Prestación de servicios,Contratación directa,258 Dia(s),0,92400000.0,90600000.0,1800000.0,No,No,Mujer,304.0,2021-12-31,2021,False,1
CO1.PCCNTR.2594579,Cerrado,2021-07-09,2021-07-09,2022-11-25,Prestación de servicios,Contratación directa,349 Dia(s),0,50187302.0,49630850.0,556452.0,No,No,Mujer,504.0,2021-07-09,2021,False,1
CO1.PCCNTR.451550,Cerrado,2018-07-30,2018-06-19,2018-12-31,Prestación de servicios,Contratación directa,No definido,0,26930454.0,26511846.0,418608.0,No,No,No definido,195.0,2018-07-30,2018,False,1
CO1.PCCNTR.72104,Cerrado,2016-11-04,2016-10-19,2017-07-31,Prestación de servicios,Contratación directa (con ofertas),No definido,0,46557828.0,0.0,46557828.0,No,No,Hombre,285.0,2016-11-04,2016,False,1
CO1.PCCNTR.3885348,Cerrado,2022-08-22,2022-08-22,2022-09-15,Prestación de servicios,Contratación directa,42 Dia(s),0,12133160.0,10842398.0,1290762.0,No,No,No definido,24.0,2022-08-22,2022,False,1
CO1.PCCNTR.797018,Cerrado,2019-02-26,2019-02-01,2019-12-31,Prestación de servicios,Contratación directa,No definido,0,86751533.0,84200017.0,2551516.0,No,No,Hombre,333.0,2019-02-26,2019,False,1
CO1.PCCNTR.4724372,Cerrado,2023-03-08,2023-03-08,2023-07-03,Prestación de servicios,Contratación directa,4 Mes(es),0,37768040.0,37768040.0,0.0,No,No,Hombre,117.0,2023-03-08,2023,False,1
CO1.PCCNTR.1322239,Cerrado,2020-02-26,2020-01-28,2020-12-31,Prestación de servicios,Contratación directa,Dia(s),0,48761573.0,47290470.0,1471103.0,No,No,Mujer,338.0,2020-02-26,2020,False,1
CO1.PCCNTR.3045574,Cerrado,2021-12-02,2021-12-02,2022-10-31,Prestación de servicios,Contratación directa,287 Dia(s),0,56381600.0,56381600.0,0.0,No,No,No definido,333.0,2021-12-02,2021,False,1
CO1.PCCNTR.9084084,En ejecución,2026-01-23,2026-01-26,2026-12-31,Prestación de servicios,Contratación directa,335 Dia(s),0,131079200.0,57071000.0,74008200.0,No,No,Mujer,339.0,2026-01-23,2026,False,1
CO1.PCCNTR.7516171,Cerrado,2025-02-20,2025-02-24,2025-11-23,Prestación de servicios,Contratación directa,9 Mes(es),0,56070000.0,55654666.0,415334.0,No,No,No definido,272.0,2025-02-20,2025,False,1
CO1.PCCNTR.151109,Cerrado,2017-07-25,2017-05-18,2017-12-31,Prestación de servicios,Contratación directa (con ofertas),No definido,0,18859860.0,17602536.0,1257324.0,No,No,No definido,227.0,2017-07-25,2017,False,1
CO1.PCCNTR.7770055,Modificado,2025-04-11,2025-04-15,2025-11-14,Prestación de servicios,Contratación directa,7 Mes(es),0,30338000.0,30338000.0,0.0,No,No,Hombre,213.0,2025-04-11,2025,False,1
CO1.PCCNTR.7767022,Cerrado,2025-04-10,2025-04-15,2025-11-14,Prestación de servicios,Contratación directa,7 Mes(es),3,39709740.0,39709740.0,0.0,No,No,Mujer,213.0,2025-04-10,2025,False,1
CO1.PCCNTR.3455169,Cerrado,2022-02-02,2022-02-02,2022-12-31,Prestación de servicios,Contratación directa,340 Dia(s),0,153087788.0,152633522.0,454266.0,No,No,No definido,332.0,2022-02-02,2022,False,1
CO1.PCCNTR.7135795,Modificado,2024-12-19,2024-12-30,2026-12-31,Prestación de servicios,Mínima cuantía,18 Mes(es),184,37507110.0,23681953.0,13825157.0,Si,No,Hombre,731.0,2024-12-19,2024,False,0
CO1.PCCNTR.9031396,En ejecución,2026-01-21,2026-01-22,2026-12-31,Prestación de servicios,Contratación directa,338 Dia(s),0,168070000.0,77910000.0,90160000.0,No,No,No definido,343.0,2026-01-21,2026,False,1
CO1.PCCNTR.4793788,Cerrado,2023-03-28,2023-03-28,2023-12-31,Prestación de servicios,Contratación directa,284 Dia(s),0,80297558.0,77509449.0,2788109.0,No,No,No definido,278.0,2023-03-28,2023,False,1
CO1.PCCNTR.8557183,Modificado,2025-11-12,2025-11-18,2026-10-31,Prestación de servicios,Contratación directa,347 Dia(s),91,104544400.0,65199733.0,39344667.0,No,No,No definido,347.0,2025-11-12,2025,False,1
CO1.PCCNTR.496686,Cerrado,2018-11-14,2018-08-17,2019-06-30,Prestación de servicios,Licitación pública,Dia(s),0,5583711565.6,5337665132.0,246046433.0,No,Si,No definido,317.0,2018-11-14,2018,False,0
CO1.PCCNTR.145903,Cerrado,2017-07-25,2017-05-09,2018-10-12,Prestación de servicios,Contratación directa (con ofertas),No definido,0,56056895.0,56056895.0,0.0,No,No,No definido,521.0,2017-07-25,2017,False,1
CO1.PCCNTR.5959504,Cerrado,2024-02-19,2024-02-21,2024-11-20,Prestación de servicios,Contratación directa,9 Mes(es),0,51023970.0,50834992.0,188978.0,No,No,No definido,273.0,2024-02-19,2024,False,1
CO1.PCCNTR.4663108,Cerrado,2023-02-23,2023-02-23,2023-06-20,Prestación de servicios,Contratación directa,4 Mes(es),0,11287976.0,11099843.0,188133.0,No,No,No definido,117.0,2023-02-23,2023,False,1
CO1.PCCNTR.1331325,Cerrado,2020-03-16,2020-01-30,2020-12-31,Prestación de servicios,Contratación directa,Dia(s),0,59770669.0,58532815.0,1237854.0,No,No,No definido,336.0,2020-03-16,2020,False,1
CO1.PCCNTR.146516,Cerrado,2017-07-25,2017-05-09,2018-10-12,Prestación de servicios,Contratación directa (con ofertas),No definido,0,206176838.0,206176838.0,0.0,No,No,Mujer,521.0,2017-07-25,2017,False,1
CO1.PCCNTR.113719,Cerrado,2017-03-30,2017-02-22,2017-12-31,Prestación de servicios,Contratación directa (con ofertas),No definido,0,80661735.0,74550998.0,6110737.0,No,No,No definido,312.0,2017-03-30,2017,False,1
CO1.PCCNTR.667266,Cerrado,2018-12-12,2018-12-01,2020-05-31,Otro,Contratación directa (con ofertas),Dia(s),0,521529611.0,519848817.0,1680794.0,No,No,No definido,547.0,2018-12-12,2018,False,1
CO1.PCCNTR.455108,Cerrado,2018-07-12,2018-06-21,2018-12-31,Prestación de servicios,Contratación directa,No definido,0,43897805.0,42988006.0,909799.0,No,No,No definido,193.0,2018-07-12,2018,False,1
CO1.PCCNTR.7460255,Cerrado,2025-02-13,2025-02-17,2025-10-16,Prestación de servicios,Contratación directa,8 Mes(es),3,68344000.0,67774467.0,569533.0,No,No,Hombre,241.0,2025-02-13,2025,False,1
CO1.PCCNTR.4350525,En ejecución,2022-12-28,2022-12-28,2023-12-29,Prestación de servicios,Mínima cuantía,12 Mes(es),0,13226684.0,13226683.0,0.0,Si,No,No definido,366.0,2022-12-28,2022,False,0
CO1.PCCNTR.1477827,Cerrado,2020-04-27,2020-03-26,2020-12-31,Prestación de servicios,Contratación directa,No definido,0,75334200.0,75334200.0,0.0,No,No,Hombre,280.0,2020-04-27,2020,False,1
CO1.PCCNTR.109301,Cerrado,2017-02-09,2017-02-03,2018-06-15,Prestación de servicios,Contratación directa (con ofertas),No definido,0,111074975.0,107762600.0,3312375.0,No,No,No definido,497.0,2017-02-09,2017,False,1
CO1.PCCNTR.8739395,Modificado,2025-12-30,2025-12-30,2026-10-31,Prestación de servicios,Contratación directa,300 Dia(s),92,77738967.0,46594333.0,31144634.0,No,No,Hombre,305.0,2025-12-30,2025,False,1
CO1.PCCNTR.5191096,Cerrado,2023-07-14,2023-07-14,2023-12-31,Prestación de servicios,Contratación directa,179 Dia(s),0,53994402.0,51075786.0,2918616.0,No,No,No definido,170.0,2023-07-14,2023,False,1
CO1.PCCNTR.1624804,Cerrado,2020-07-07,2020-07-07,2021-04-13,Prestación de servicios,Contratación directa,205 Dia(s),0,90762565.0,89298652.0,1463913.0,No,No,No definido,280.0,2020-07-07,2020,False,1
CO1.PCCNTR.5508614,Cerrado,2023-11-07,2023-11-07,2024-10-31,Prestación de servicios,Contratación directa,1 Año(s),0,613650570.0,613650569.0,0.0,Si,No,Hombre,359.0,2023-11-07,2023,False,1
CO1.PCCNTR.8613637,Modificado,2025-11-24,2025-11-27,2026-10-31,Prestación de servicios,Contratación directa,338 Dia(s),91,196796800.0,123274400.0,73522400.0,No,No,Mujer,338.0,2025-11-24,2025,False,1
CO1.PCCNTR.6120552,Cerrado,2024-03-20,2024-03-26,2024-11-25,Prestación de servicios,Contratación directa,8 Mes(es),0,57936000.0,20036200.0,37899800.0,No,No,No definido,244.0,2024-03-20,2024,False,1
CO1.PCCNTR.5219734,Cerrado,2023-08-23,2023-08-24,2025-08-31,Prestación de servicios,Selección abreviada subasta inversa,25 Mes(es),0,4258127811.06,4076763646.0,181364164.0,No,Si,No definido,738.0,2023-08-23,2023,False,0
CO1.PCCNTR.8730414,Modificado,2025-12-24,2025-12-30,2026-10-31,Prestación de servicios,Contratación directa,307 Dia(s),91,121000000.0,66366667.0,54633333.0,No,No,No definido,305.0,2025-12-24,2025,False,1
CO1.PCCNTR.2163000,Cerrado,2021-02-05,2021-02-05,2021-12-31,Prestación de servicios,Contratación directa,343 Dia(s),0,70772333.0,69947000.0,825333.0,No,No,Mujer,329.0,2021-02-05,2021,False,1
CO1.PCCNTR.5044113,Cerrado,2023-06-07,2023-06-07,2024-03-31,Prestación de servicios,Contratación directa,209 Dia(s),0,140368330.0,138028858.0,2339472.0,No,No,No definido,298.0,2023-06-07,2023,False,1
CO1.PCCNTR.6587064,Cerrado,2024-08-02,2024-08-09,2024-12-31,Prestación de servicios,Contratación directa,149 Dia(s),0,42675000.0,40399000.0,2276000.0,No,No,Hombre,144.0,2024-08-02,2024,False,1
CO1.PCCNTR.9291579,En ejecución,2026-01-30,2026-02-04,2026-12-31,Prestación de servicios,Contratación directa,11 Mes(es),0,110000000.0,48333333.0,61666667.0,No,No,Mujer,330.0,2026-01-30,2026,False,1
CO1.PCCNTR.600013,Cerrado,2018-10-25,2018-10-03,2018-12-31,Prestación de servicios,Contratación directa,No definido,0,40685457.0,36491080.0,4194377.0,No,No,No definido,89.0,2018-10-25,2018,False,1
CO1.PCCNTR.7324230,Cerrado,2025-01-27,2025-01-29,2025-10-28,Prestación de servicios,Contratación directa,9 Mes(es),0,77580000.0,77579999.0,1.0,No,No,No definido,272.0,2025-01-27,2025,False,1
CO1.PCCNTR.1330855,Cerrado,2020-02-11,2020-01-29,2020-12-31,Prestación de servicios,Contratación directa,Dia(s),0,61380000.0,59760000.0,1620000.0,No,No,No definido,337.0,2020-02-11,2020,False,1
CO1.PCCNTR.3322197,Cerrado,2022-01-31,2022-01-31,2022-12-31,Prestación de servicios,Contratación directa,346 Dia(s),0,70978667.0,70566000.0,412667.0,No,No,Mujer,334.0,2022-01-31,2022,False,1
CO1.PCCNTR.830733,Cerrado,2019-04-15,2019-02-12,2019-12-31,Prestación de servicios,Contratación directa,No definido,0,55862190.0,46121361.0,9740829.0,No,No,No definido,322.0,2019-04-15,2019,False,1
CO1.PCCNTR.1500945,Cerrado,2020-04-30,2020-04-08,2021-03-31,Prestación de servicios,Contratación directa,Dia(s),0,42388858.0,42150047.0,238811.0,No,No,No definido,357.0,2020-04-30,2020,False,1
CO1.PCCNTR.5185843,Cerrado,2023-07-06,2023-07-06,2023-12-31,Prestación de servicios,Contratación directa,180 Dia(s),0,35982192.0,34426205.0,1555987.0,No,No,No definido,178.0,2023-07-06,2023,False,1
CO1.PCCNTR.3421637,Cerrado,2022-02-02,2022-02-02,2022-12-31,Prestación de servicios,Contratación directa,340 Dia(s),0,55287667.0,54191000.0,1096667.0,No,No,No definido,332.0,2022-02-02,2022,False,1
CO1.PCCNTR.5978909,Cerrado,2024-02-21,2024-03-04,2024-12-31,Prestación de servicios,Contratación directa,297 Dia(s),0,60712067.0,60712067.0,0.0,No,No,No definido,302.0,2024-02-21,2024,False,1
CO1.PCCNTR.2032999,Cerrado,2020-12-18,2020-12-18,2021-11-30,Prestación de servicios,Contratación directa,364 Dia(s),0,550732500.0,223263832.0,327468668.0,No,No,No definido,347.0,2020-12-18,2020,False,1
CO1.PCCNTR.4738510,Cerrado,2023-03-09,2023-03-09,2023-12-31,Prestación de servicios,Contratación directa,299 Dia(s),0,33765260.0,33089955.0,675305.0,No,No,Hombre,297.0,2023-03-09,2023,False,1
CO1.PCCNTR.5044611,Cerrado,2023-06-07,2023-06-07,2023-12-31,Prestación de servicios,Contratación directa,209 Dia(s),0,36395934.0,35194179.0,1201755.0,No,No,Hombre,207.0,2023-06-07,2023,False,1
CO1.PCCNTR.5550697,En ejecución,2023-11-29,2023-11-29,2026-12-18,Prestación de servicios,Selección abreviada subasta inversa,20 Dia(s),0,1761871000.0,1761871000.0,0.0,Si,No,Mujer,1115.0,2023-11-29,2023,False,0
CO1.PCCNTR.328006,Cerrado,2018-02-02,2018-01-24,2018-12-20,Prestación de servicios,Contratación directa,No definido,0,115609722.0,115257254.0,352468.0,No,No,No definido,330.0,2018-02-02,2018,False,1
CO1.PCCNTR.605317,Cerrado,2018-10-25,2018-10-12,2018-12-31,Prestación de servicios,Contratación directa,No definido,0,50145239.0,49577021.0,568218.0,No,No,No definido,80.0,2018-10-25,2018,False,1
CO1.PCCNTR.8604635,Modificado,2025-11-19,2025-11-24,2026-10-31,Prestación de servicios,Contratación directa,341 Dia(s),91,151720400.0,95778800.0,55941600.0,No,No,Hombre,341.0,2025-11-19,2025,False,1
CO1.PCCNTR.2252514,Cerrado,2021-02-25,2021-02-25,2021-11-30,Prestación de servicios,Contratación directa,324 Dia(s),0,30900000.0,29767000.0,1133000.0,No,No,No definido,278.0,2021-02-25,2021,False,1
CO1.PCCNTR.2698940,Cerrado,2021-08-11,2021-08-11,2022-12-31,Prestación de servicios,Contratación directa,361 Dia(s),0,85232715.0,85068805.0,163910.0,No,No,No definido,507.0,2021-08-11,2021,False,1
CO1.PCCNTR.4701063,En ejecución,2023-03-02,2023-03-06,2023-11-30,Prestación de servicios,Mínima cuantía,9 Mes(es),0,13436120.0,11520382.0,1915738.0,Si,No,Mujer,269.0,2023-03-02,2023,False,0
CO1.PCCNTR.8509072,Modificado,2025-11-06,2025-11-11,2026-10-31,Prestación de servicios,Contratación directa,362 Dia(s),92,75800000.0,47800000.0,28000000.0,No,No,Hombre,354.0,2025-11-06,2025,False,1
CO1.PCCNTR.125712,Cerrado,2017-04-03,2017-03-16,2017-11-30,Prestación de servicios,Contratación directa (con ofertas),No definido,0,36282368.0,35860480.0,421888.0,No,No,No definido,259.0,2017-04-03,2017,False,1
CO1.PCCNTR.4265141,Cerrado,2022-12-06,2022-12-06,2023-12-31,Prestación de servicios,Contratación directa,276 Dia(s),0,89140300.0,64379105.0,24761195.0,No,No,No definido,390.0,2022-12-06,2022,False,1
CO1.PCCNTR.5879823,Cerrado,2024-02-05,2024-02-07,2024-10-01,Prestación de servicios,Contratación directa,8 Mes(es),0,53089368.0,44682851.0,8406517.0,No,No,No definido,237.0,2024-02-05,2024,False,1
CO1.PCCNTR.1322055,Cerrado,2020-02-11,2020-01-28,2020-12-31,Prestación de servicios,Contratación directa,No definido,0,43618111.0,42972873.0,645238.0,No,No,No definido,338.0,2020-02-11,2020,False,1
CO1.PCCNTR.790099,Cerrado,2019-02-26,2019-01-29,2019-04-30,Prestación de servicios,Contratación directa,No definido,0,25060357.0,23055528.0,2004829.0,No,No,No definido,91.0,2019-02-26,2019,False,1
CO1.PCCNTR.520232,Cerrado,2018-08-17,2018-08-09,2019-03-15,Prestación de servicios,Contratación directa,No definido,0,52711485.0,50837299.0,1874186.0,No,No,No definido,218.0,2018-08-17,2018,False,1
CO1.PCCNTR.4662198,Cerrado,2023-02-28,2023-02-28,2023-06-20,Prestación de servicios,Contratación directa,4 Mes(es),0,22660000.0,22282333.0,377667.0,No,No,No definido,112.0,2023-02-28,2023,False,1
CO1.PCCNTR.7982314,En ejecución,2025-06-13,2025-06-19,2025-11-14,Prestación de servicios,Contratación directa,145 Dia(s),0,21092133.0,21092133.0,0.0,No,No,Mujer,148.0,2025-06-13,2025,False,1
CO1.PCCNTR.9258660,En ejecución,2026-01-30,2026-02-03,2026-12-31,Prestación de servicios,Contratación directa,330 Dia(s),0,124500321.0,55081960.0,69418361.0,No,No,Hombre,331.0,2026-01-30,2026,False,1
CO1.PCCNTR.4085601,Cerrado,2022-10-05,2022-10-06,2022-12-31,Prestación de servicios,Mínima cuantía,92 Dia(s),0,10219900.0,10219900.0,0.0,Si,No,Mujer,86.0,2022-10-05,2022,False,0
CO1.PCCNTR.145807,Cerrado,2017-07-25,2017-05-09,2018-10-12,Prestación de servicios,Contratación directa (con ofertas),No definido,0,201021222.0,201021222.0,0.0,No,No,No definido,521.0,2017-07-25,2017,False,1
CO1.PCCNTR.3143440,Cerrado,2022-01-19,2022-01-19,2022-12-28,Prestación de servicios,Mínima cuantía,1 Año(s),0,9800000.0,9800000.0,0.0,Si,No,Mujer,343.0,2022-01-19,2022,False,0
CO1.PCCNTR.301154,Cerrado,2018-01-28,2018-01-18,2018-12-19,Prestación de servicios,Contratación directa,No definido,0,43016185.0,42643212.0,372973.0,No,No,No definido,335.0,2018-01-28,2018,False,1
CO1.PCCNTR.5881045,Cerrado,2024-02-02,2024-02-07,2024-12-31,Prestación de servicios,Contratación directa,324 Dia(s),0,46446588.0,46303234.0,143354.0,No,No,No definido,328.0,2024-02-02,2024,False,1
CO1.PCCNTR.5880109,Cerrado,2024-02-06,2024-02-09,2024-12-31,Prestación de servicios,Contratación directa,8 Mes(es),0,104777480.0,104452083.0,325396.0,No,No,No definido,326.0,2024-02-06,2024,False,1
CO1.PCCNTR.115318,Cerrado,2017-03-06,2017-02-22,2018-06-08,Prestación de servicios,Contratación directa (con ofertas),No definido,0,145554155.0,141291061.0,4263094.0,No,No,No definido,471.0,2017-03-06,2017,False,1
CO1.PCCNTR.7825253,Modificado,2025-04-30,2025-05-02,2025-11-30,Prestación de servicios,Contratación directa,213 Dia(s),0,57473333.0,51553333.0,5920000.0,No,No,No definido,212.0,2025-04-30,2025,False,1
CO1.PCCNTR.126820,Cerrado,2017-04-03,2017-03-21,2017-12-31,Prestación de servicios,Contratación directa (con ofertas),No definido,0,33917580.0,33796877.0,120703.0,No,No,No definido,285.0,2017-04-03,2017,False,1
CO1.PCCNTR.301417,Cerrado,2018-01-25,2018-01-19,2018-12-31,Prestación de servicios,Contratación directa,No definido,0,66686275.0,66108071.0,578204.0,No,No,No definido,346.0,2018-01-25,2018,False,1
CO1.PCCNTR.130311,Cerrado,2017-04-10,2017-03-29,2018-03-30,Prestación de servicios,Contratación directa (con ofertas),Dia(s),0,51707838.0,23154883.0,28552955.0,No,No,No definido,366.0,2017-04-10,2017,False,1
CO1.PCCNTR.8267029,Modificado,2025-09-02,2025-09-02,2026-08-06,Comodato,Contratación directa,336 Dia(s),68,0.0,0.0,0.0,No,No,No definido,338.0,2025-09-02,2025,True,1
CO1.PCCNTR.3551557,Cerrado,2022-02-07,2022-02-07,2022-12-31,Prestación de servicios,Contratación directa,333 Dia(s),0,127499991.0,66422152.0,61077839.0,No,No,No definido,327.0,2022-02-07,2022,False,1
CO1.PCCNTR.5903823,Cerrado,2024-02-07,2024-02-13,2024-12-31,Prestación de servicios,Contratación directa,318 Dia(s),0,132846048.0,132428293.0,417755.0,No,No,No definido,322.0,2024-02-07,2024,False,1
CO1.PCCNTR.5471066,En ejecución,2023-11-07,2023-11-08,2023-11-09,Compraventa,Mínima cuantía,5 Dia(s),0,34500000.0,34500000.0,0.0,Si,No,Hombre,1.0,2023-11-07,2023,False,0
CO1.PCCNTR.6983047,Cerrado,2024-11-08,2024-11-22,2024-12-16,Prestación de servicios,Mínima cuantía,50 Dia(s),0,32050293.0,31757379.0,292914.0,Si,No,Hombre,24.0,2024-11-08,2024,False,0
CO1.PCCNTR.267819,Cerrado,2018-01-11,2017-12-28,2018-11-30,Prestación de servicios,Contratación directa,No definido,0,110891422.0,110248387.0,643035.0,No,No,No definido,337.0,2018-01-11,2018,False,1
CO1.PCCNTR.811710,Cerrado,2019-04-03,2019-02-04,2020-04-30,Prestación de servicios,Contratación directa,Dia(s),0,222352756.0,216041433.0,6311323.0,No,No,No definido,451.0,2019-04-03,2019,False,1
CO1.PCCNTR.1951992,Cerrado,2020-11-05,2020-11-05,2022-12-31,Prestación de servicios,Contratación directa,793 Dia(s),0,210081231.0,210081231.0,0.0,No,No,No definido,786.0,2020-11-05,2020,False,1
CO1.PCCNTR.833422,Cerrado,2019-04-16,2019-02-13,2020-03-31,Prestación de servicios,Contratación directa,Dia(s),0,47993944.0,47066524.0,927420.0,No,No,No definido,412.0,2019-04-16,2019,False,1
CO1.PCCNTR.8501743,Modificado,2025-11-04,2025-11-26,2026-10-31,Prestación de servicios,Contratación directa,335 Dia(s),92,148353333.0,94946133.0,53407200.0,No,No,No definido,339.0,2025-11-04,2025,False,1
CO1.PCCNTR.6759783,Cerrado,2024-09-13,2024-09-17,2024-12-31,Prestación de servicios,Contratación directa,110 Dia(s),0,14644667.0,13845867.0,798800.0,No,No,Mujer,105.0,2024-09-13,2024,False,1
CO1.PCCNTR.7317425,Cerrado,2025-01-24,2025-01-30,2025-09-29,Prestación de servicios,Contratación directa,240 Dia(s),0,47224000.0,47224000.0,0.0,No,No,Mujer,242.0,2025-01-24,2025,False,1
CO1.PCCNTR.4662615,Cerrado,2023-02-23,2023-02-23,2023-06-20,Prestación de servicios,Contratación directa,4 Mes(es),0,11287976.0,11099843.0,188133.0,No,No,Hombre,117.0,2023-02-23,2023,False,1
CO1.PCCNTR.8043851,En ejecución,2025-07-04,2025-07-08,2025-12-31,Prestación de servicios,Contratación directa,177 Dia(s),0,45792000.0,44011200.0,1780800.0,No,No,No definido,176.0,2025-07-04,2025,False,1
CO1.PCCNTR.8720527,Modificado,2025-12-23,2025-12-26,2026-11-30,Prestación de servicios,Contratación directa,339 Dia(s),122,167766667.0,90533333.0,77233334.0,No,No,Mujer,339.0,2025-12-23,2025,False,1
CO1.PCCNTR.3539494,Cerrado,2022-02-03,2022-02-03,2022-12-31,Prestación de servicios,Contratación directa,338 Dia(s),0,95492590.0,94642507.0,850083.0,No,No,Mujer,331.0,2022-02-03,2022,False,1
CO1.PCCNTR.301659,Cerrado,2018-01-28,2018-01-19,2019-03-15,Prestación de servicios,Contratación directa,No definido,0,66575500.0,66105500.0,470000.0,No,No,No definido,420.0,2018-01-28,2018,False,1
CO1.PCCNTR.110247,Cerrado,2017-02-15,2017-02-03,2017-12-31,Prestación de servicios,Contratación directa (con ofertas),No definido,0,81788426.0,77284135.0,4504291.0,No,No,No definido,331.0,2017-02-15,2017,False,1
CO1.PCCNTR.3453986,Cerrado,2022-02-02,2022-02-02,2022-12-31,Prestación de servicios,Contratación directa,340 Dia(s),0,63636833.0,63448000.0,188833.0,No,No,No definido,332.0,2022-02-02,2022,False,1
CO1.PCCNTR.1790963,Cerrado,2020-09-11,2020-09-11,2021-07-09,Prestación de servicios,Contratación directa,323 Dia(s),0,55443462.0,51033507.0,4409955.0,No,No,Hombre,301.0,2020-09-11,2020,False,1
CO1.PCCNTR.7041324,Cerrado,2024-11-22,2024-11-27,2025-05-31,Prestación de servicios,Contratación directa,190 Dia(s),0,41506500.0,40245000.0,1261500.0,No,No,No definido,185.0,2024-11-22,2024,False,1
CO1.PCCNTR.297686,Cerrado,2018-01-28,2018-01-17,2018-12-31,Prestación de servicios,Contratación directa,No definido,0,49035759.0,47921310.0,1114449.0,No,No,No definido,348.0,2018-01-28,2018,False,1
CO1.PCCNTR.5031845,Cerrado,2023-06-14,2023-06-14,2025-12-31,Prestación de servicios,Contratación directa,929 Dia(s),0,68482750.0,19919648.0,48563102.0,Si,No,Hombre,931.0,2023-06-14,2023,False,1
CO1.PCCNTR.2259055,Cerrado,2021-02-25,2021-02-25,2021-10-29,Prestación de servicios,Contratación directa,323 Dia(s),0,19933333.0,19550000.0,383333.0,No,No,Hombre,246.0,2021-02-25,2021,False,1
CO1.PCCNTR.3392257,Cerrado,2022-02-02,2022-02-02,2022-10-31,Prestación de servicios,Contratación directa,286 Dia(s),0,2930795023.9,0.0,2930795023.0,No,No,No definido,271.0,2022-02-02,2022,False,1
CO1.PCCNTR.5921552,Cerrado,2024-02-12,2024-02-15,2024-10-11,Prestación de servicios,Contratación directa,8 Mes(es),0,50232400.0,50023098.0,209302.0,No,No,No definido,239.0,2024-02-12,2024,False,1
CO1.PCCNTR.4296381,Modificado,2022-12-29,2022-12-29,2024-12-31,Decreto 092 de 2017,Contratación régimen especial,733 Dia(s),31,61207967.87,61029587.0,178380.0,No,No,Mujer,733.0,2022-12-29,2022,False,0
CO1.PCCNTR.122020,Cerrado,2017-03-30,2017-03-08,2017-12-31,Prestación de servicios,Contratación directa (con ofertas),No definido,0,115988853.0,105800643.0,10188210.0,No,No,Hombre,298.0,2017-03-30,2017,False,1
CO1.PCCNTR.2066999,Cerrado,2020-12-30,2020-12-31,2021-11-16,Prestación de servicios,Contratación directa,334 Dia(s),0,28794887.0,21444841.0,7350046.0,No,No,No definido,320.0,2020-12-30,2020,False,1
CO1.PCCNTR.5844259,Cerrado,2024-01-31,2024-02-02,2024-12-31,Prestación de servicios,Contratación directa,329 Dia(s),0,107407533.0,107081067.0,326466.0,No,No,No definido,333.0,2024-01-31,2024,False,1
CO1.PCCNTR.574106,Cerrado,2018-11-01,2018-10-10,2018-12-31,Otro,Contratación directa (con ofertas),No definido,0,355709523.54,349467735.0,6241788.0,Si,No,Hombre,82.0,2018-11-01,2018,False,1
CO1.PCCNTR.8634033,Cedido,2025-12-01,2025-12-05,2026-07-31,Prestación de servicios,Contratación directa,238 Dia(s),0,35613005.0,31062053.0,4550952.0,No,No,Mujer,238.0,2025-12-01,2025,False,1
CO1.PCCNTR.607302,Cerrado,2018-10-30,2018-10-11,2019-10-31,Prestación de servicios,Contratación directa,No definido,0,62528759.0,62364210.0,164549.0,No,No,No definido,385.0,2018-10-30,2018,False,1
CO1.PCCNTR.3537101,Cerrado,2022-02-03,2022-02-03,2022-12-31,Prestación de servicios,Contratación directa,334 Dia(s),0,129664416.0,128892604.0,771812.0,No,No,No definido,331.0,2022-02-03,2022,False,1
CO1.PCCNTR.7323278,Cerrado,2025-01-27,2025-01-29,2025-09-28,Prestación de servicios,Contratación directa,8 Mes(es),0,48192000.0,48192000.0,0.0,No,No,Hombre,242.0,2025-01-27,2025,False,1
CO1.PCCNTR.5372261,Cerrado,2023-09-14,2023-09-14,2024-12-31,Prestación de servicios,Contratación directa,467 Dia(s),0,133829264.0,130483532.0,3345732.0,No,No,Hombre,474.0,2023-09-14,2023,False,1
CO1.PCCNTR.2055850,Cerrado,2021-05-03,2021-05-09,2021-05-10,Otro,Contratación directa,90 Dia(s),0,0.0,0.0,0.0,No,No,No definido,1.0,2021-05-03,2021,True,1
CO1.PCCNTR.1624166,Cerrado,2020-07-07,2020-07-07,2020-12-31,Prestación de servicios,Contratación directa,205 Dia(s),0,30397225.0,29678614.0,718611.0,No,No,No definido,177.0,2020-07-07,2020,False,1
CO1.PCCNTR.9205765,En ejecución,2026-01-28,2026-01-30,2026-12-31,Prestación de servicios,Contratación directa,332 Dia(s),0,110096560.0,49578333.0,60518227.0,No,No,Mujer,335.0,2026-01-28,2026,False,1
CO1.PCCNTR.589323,Cerrado,2018-10-18,2018-09-27,2018-12-31,Prestación de servicios,Contratación directa,No definido,0,17363198.0,15846025.0,1517173.0,No,No,No definido,95.0,2018-10-18,2018,False,1
CO1.PCCNTR.3088051,Cerrado,2021-12-20,2021-12-20,2022-12-15,Prestación de servicios,Contratación directa,242 Dia(s),0,114103400.0,111116400.0,2987000.0,No,No,Mujer,360.0,2021-12-20,2021,False,1
CO1.PCCNTR.3552727,Cerrado,2022-02-08,2022-02-08,2022-12-31,Prestación de servicios,Contratación directa,337 Dia(s),0,55458551.0,55292508.0,166043.0,No,No,No definido,326.0,2022-02-08,2022,False,1
CO1.PCCNTR.3420690,Cerrado,2022-02-02,2022-02-02,2023-05-31,Prestación de servicios,Contratación directa,341 Dia(s),0,130666667.0,108533332.0,22133335.0,No,No,Mujer,483.0,2022-02-02,2022,False,1
CO1.PCCNTR.8150305,Modificado,2025-08-11,2025-08-15,2026-11-30,Suministros,Selección abreviada subasta inversa,357 Dia(s),122,472767636.15,353152443.0,119615192.0,Si,No,No definido,472.0,2025-08-11,2025,False,0
CO1.PCCNTR.1811306,Cerrado,2020-09-11,2020-09-11,2021-11-30,Prestación de servicios,Contratación directa,487 Dia(s),0,1826956645.63,1822656031.0,4300614.0,Si,No,Hombre,445.0,2020-09-11,2020,False,1
CO1.PCCNTR.7354384,En ejecución,2025-01-29,2025-02-03,2025-12-02,Prestación de servicios,Contratación directa,10 Mes(es),0,50200000.0,49865334.0,334666.0,No,No,Hombre,302.0,2025-01-29,2025,False,1
CO1.PCCNTR.123809,Cerrado,2017-04-10,2017-03-31,2018-11-30,Prestación de servicios,Contratación directa (con ofertas),Dia(s),0,83000000.0,63088719.0,19911281.0,No,No,Mujer,609.0,2017-04-10,2017,False,1
CO1.PCCNTR.5059534,Cerrado,2023-06-15,2023-06-15,2023-12-31,Prestación de servicios,Contratación directa,206 Dia(s),0,19283626.0,18437027.0,846599.0,No,No,Hombre,199.0,2023-06-15,2023,False,1
CO1.PCCNTR.2093373,Cerrado,2021-01-19,2021-01-19,2021-12-29,Prestación de servicios,Contratación directa,1 Año(s),0,6999998.0,6699998.0,300000.0,Si,No,Hombre,344.0,2021-01-19,2021,False,1
CO1.PCCNTR.808222,Cerrado,2019-02-26,2019-02-01,2019-12-31,Prestación de servicios,Contratación directa,No definido,0,94656860.0,93804095.0,852765.0,No,No,No definido,333.0,2019-02-26,2019,False,1
CO1.PCCNTR.3779082,En ejecución,2022-08-02,2022-08-10,2023-01-31,Obra,Licitación pública obra publica,4 Mes(es),0,5155958226.0,5122143937.0,33814288.0,No,No,Hombre,174.0,2022-08-02,2022,False,0
CO1.PCCNTR.3422096,Cerrado,2022-02-02,2022-02-02,2022-12-31,Prestación de servicios,Contratación directa,309 Dia(s),0,79008292.0,77170890.0,1837402.0,No,No,Hombre,332.0,2022-02-02,2022,False,1
CO1.PCCNTR.6111945,Cerrado,2024-03-19,2024-03-22,2024-12-31,Prestación de servicios,Contratación directa,274 Dia(s),0,121876500.0,121876500.0,0.0,No,No,Mujer,284.0,2024-03-19,2024,False,1
CO1.PCCNTR.580989,Cerrado,2018-10-10,2018-10-02,2020-04-01,Suministros,Contratación directa (con ofertas),Dia(s),0,1044000.0,1044000.0,0.0,No,No,Hombre,547.0,2018-10-10,2018,False,1
CO1.PCCNTR.9254144,En ejecución,2026-01-30,2026-02-03,2026-12-31,Prestación de servicios,Contratación directa,332 Dia(s),0,104531980.0,55082720.0,49449260.0,No,No,Hombre,331.0,2026-01-30,2026,False,1
CO1.PCCNTR.109566,Cerrado,2017-02-11,2017-02-03,2017-12-31,Prestación de servicios,Contratación directa (con ofertas),No definido,0,90562852.0,87347603.0,3215249.0,No,No,No definido,331.0,2017-02-11,2017,False,1
CO1.PCCNTR.7302518,En ejecución,2025-01-24,2025-01-31,2025-10-30,Prestación de servicios,Contratación directa,9 Mes(es),0,72864000.0,72864000.0,0.0,No,No,Mujer,272.0,2025-01-24,2025,False,1
CO1.PCCNTR.5137293,Cerrado,2023-07-06,2023-07-06,2023-12-31,Prestación de servicios,Contratación directa,188 Dia(s),0,53838552.0,52138387.0,1700165.0,No,No,No definido,178.0,2023-07-06,2023,False,1
CO1.PCCNTR.122022,Cerrado,2017-03-30,2017-03-08,2017-12-31,Prestación de servicios,Contratación directa (con ofertas),No definido,0,135454770.0,133166683.0,2288087.0,No,No,Hombre,298.0,2017-03-30,2017,False,1
CO1.PCCNTR.7176273,Terminado,2024-12-27,2024-12-31,2025-02-28,Prestación de servicios,Contratación directa,182 Dia(s),0,17333333.0,13066667.0,4266666.0,No,No,Hombre,59.0,2024-12-27,2024,False,1
CO1.PCCNTR.4355032,Cerrado,2023-01-11,2023-01-11,2023-12-31,Prestación de servicios,Contratación directa,246 Dia(s),0,64342881.0,63990317.0,352563.0,No,No,No definido,354.0,2023-01-11,2023,False,1
CO1.PCCNTR.1853005,Cerrado,2020-10-14,2020-10-14,2021-08-31,Prestación de servicios,Contratación directa,348 Dia(s),0,60997949.0,57608232.0,3389717.0,No,No,Mujer,321.0,2020-10-14,2020,False,1
CO1.PCCNTR.1751472,Cerrado,2020-09-02,2020-09-02,2020-12-31,Prestación de servicios,Contratación directa,147 Dia(s),0,21612930.0,21464896.0,148034.0,No,No,No definido,120.0,2020-09-02,2020,False,1
CO1.PCCNTR.228122,Cerrado,2017-12-14,2017-11-14,2018-10-31,Prestación de servicios,Contratación directa (con ofertas),No definido,0,66530676.0,64186776.0,2343900.0,No,No,Hombre,351.0,2017-12-14,2017,False,1
CO1.PCCNTR.1371190,Cerrado,2020-03-03,2020-02-11,2020-12-31,Prestación de servicios,Contratación directa,No definido,0,69691921.0,68195469.0,1496452.0,No,No,Hombre,324.0,2020-03-03,2020,False,1
CO1.PCCNTR.1318579,Cerrado,2020-03-02,2020-01-28,2020-12-31,Prestación de servicios,Contratación directa,No definido,0,57541095.0,56543849.0,997246.0,No,No,Mujer,338.0,2020-03-02,2020,False,1
CO1.PCCNTR.1501207,Cerrado,2020-07-14,2020-04-07,2021-03-31,Prestación de servicios,Contratación directa,Dia(s),0,94818630.0,94551536.0,267094.0,No,No,No definido,358.0,2020-07-14,2020,False,1
CO1.PCCNTR.9781682,Aprobado,2026-08-06,,2026-12-31,Prestación de servicios,Contratación directa,143 Dia(s),0,88800000.0,0.0,88800000.0,No,No,Mujer,,2026-08-06,2026,False,1
CO1.PCCNTR.5195463,Cerrado,2023-07-14,2023-07-14,2024-02-29,Prestación de servicios,Contratación directa,178 Dia(s),0,114634136.0,109955192.0,4678944.0,No,No,No definido,230.0,2023-07-14,2023,False,1
CO1.PCCNTR.6921422,En ejecución,2024-10-23,2024-10-30,2024-12-31,Prestación de servicios,Contratación directa,70 Dia(s),0,16811633.0,13272342.0,3539291.0,No,No,No definido,62.0,2024-10-23,2024,False,1
CO1.PCCNTR.122019,Cerrado,2017-04-03,2017-03-08,2017-12-31,Prestación de servicios,Contratación directa (con ofertas),No definido,0,48444781.0,47790122.0,654659.0,No,No,No definido,298.0,2017-04-03,2017,False,1
CO1.PCCNTR.8001919,En ejecución,2025-06-27,2025-07-08,2025-12-31,Prestación de servicios,Selección abreviada subasta inversa,190 Dia(s),0,247276800.0,247276800.0,0.0,No,No,Mujer,176.0,2025-06-27,2025,False,0
CO1.PCCNTR.4794463,Cerrado,2023-03-23,2023-03-23,2023-12-31,Prestación de servicios,Contratación directa,284 Dia(s),0,80297558.0,77788260.0,2509298.0,No,No,No definido,283.0,2023-03-23,2023,False,1
CO1.PCCNTR.7729376,En ejecución,2025-04-02,2025-04-07,2025-12-06,Prestación de servicios,Contratación directa,8 Mes(es),0,34673920.0,34673920.0,0.0,No,No,No definido,243.0,2025-04-02,2025,False,1
CO1.PCCNTR.8243566,En ejecución,2025-08-29,2025-09-08,2025-12-31,Prestación de servicios,Contratación directa,123 Dia(s),0,56334600.0,37109300.0,19225300.0,No,No,No definido,114.0,2025-08-29,2025,False,1
CO1.PCCNTR.6085799,Cerrado,2024-03-13,2024-03-19,2024-12-31,Prestación de servicios,Contratación directa,282 Dia(s),0,93861989.0,93861989.0,0.0,No,No,Mujer,287.0,2024-03-13,2024,False,1
CO1.PCCNTR.124017,Cerrado,2017-04-03,2017-03-10,2017-12-31,Prestación de servicios,Contratación directa (con ofertas),Dia(s),0,49099440.0,46971798.0,2127642.0,No,No,No definido,296.0,2017-04-03,2017,False,1
CO1.PCCNTR.5195655,Cerrado,2023-07-14,2023-07-14,2023-12-31,Prestación de servicios,Contratación directa,178 Dia(s),0,36691884.0,34887365.0,1804519.0,No,No,Mujer,170.0,2023-07-14,2023,False,1
CO1.PCCNTR.594994,Cerrado,2018-10-18,2018-10-12,2022-10-31,Otro,Contratación directa (con ofertas),Dia(s),0,1286918712.32,331843.0,1286586868.0,No,No,Hombre,1480.0,2018-10-18,2018,False,1
CO1.PCCNTR.7046838,Modificado,2024-11-20,2024-11-22,2026-11-30,Decreto 092 de 2017,Contratación régimen especial,616 Dia(s),122,31654543.0,14893979.0,16760564.0,No,No,Mujer,738.0,2024-11-20,2024,False,0
CO1.PCCNTR.811937,Cerrado,2019-04-30,2019-02-05,2019-12-31,Prestación de servicios,Contratación directa,No definido,0,148044254.0,142756960.0,5287294.0,No,No,No definido,329.0,2019-04-30,2019,False,1
CO1.PCCNTR.122113,Aprobado,2017-03-21,2017-03-09,2017-03-31,Prestación de servicios,Contratación directa (con ofertas),No definido,0,35847810.0,31307087.0,4540723.0,No,No,No definido,22.0,2017-03-21,2017,False,1
CO1.PCCNTR.5191625,Cerrado,2023-07-14,2023-07-14,2023-12-31,Prestación de servicios,Contratación directa,179 Dia(s),0,24824327.0,23869545.0,954782.0,No,No,Mujer,170.0,2023-07-14,2023,False,1
CO1.PCCNTR.6984274,Modificado,2024-11-08,2024-11-29,2026-11-30,Prestación de servicios,Selección abreviada de menor cuantía,631 Dia(s),122,557840683.0,221421076.0,336419606.0,Si,No,Mujer,731.0,2024-11-08,2024,False,0
CO1.PCCNTR.7138636,En ejecución,2024-12-20,2024-12-20,2024-12-23,Compraventa,Selección abreviada subasta inversa,5 Dia(s),0,1448199312.0,1448199312.0,0.0,No,Si,No definido,3.0,2024-12-20,2024,False,0
CO1.PCCNTR.1991888,Cerrado,2020-12-02,2020-12-02,2021-12-15,Prestación de servicios,Contratación directa,353 Dia(s),0,159616601.0,157222352.0,2394249.0,No,No,Mujer,378.0,2020-12-02,2020,False,1
CO1.PCCNTR.7257622,Cedido,2025-01-17,2025-01-21,2025-12-31,Prestación de servicios,Contratación directa,345 Dia(s),0,133193000.0,130876600.0,2316400.0,No,No,Hombre,344.0,2025-01-17,2025,False,1
CO1.PCCNTR.4781848,Cerrado,2023-03-22,2023-03-22,2023-12-31,Prestación de servicios,Contratación directa,289 Dia(s),0,80297558.0,78067070.0,2230487.0,No,No,No definido,284.0,2023-03-22,2023,False,1
CO1.PCCNTR.841642,Cerrado,2019-03-01,2019-02-18,2020-07-31,Otro,Contratación directa (con ofertas),Dia(s),0,518785905.0,504764333.0,14021572.0,No,No,No definido,529.0,2019-03-01,2019,False,1
CO1.PCCNTR.6035947,Cerrado,2024-03-05,2024-03-07,2024-12-31,Prestación de servicios,Contratación directa,299 Dia(s),0,92698200.0,92698200.0,0.0,No,No,Hombre,299.0,2024-03-05,2024,False,1
CO1.PCCNTR.1508118,Cerrado,2020-04-30,2020-04-15,2021-03-31,Prestación de servicios,Contratación directa,Dia(s),0,77712908.0,75862722.0,1850186.0,No,No,No definido,350.0,2020-04-30,2020,False,1
CO1.PCCNTR.8617166,En ejecución,2025-11-25,2025-12-02,2026-07-31,Prestación de servicios,Contratación directa,250 Dia(s),0,110823700.0,92388400.0,18435300.0,No,No,Hombre,241.0,2025-11-25,2025,False,1
CO1.PCCNTR.236155,Cerrado,2017-12-14,2017-11-16,2018-11-30,Prestación de servicios,Contratación directa (con ofertas),No definido,0,85969651.0,83951738.0,2017913.0,No,No,No definido,379.0,2017-12-14,2017,False,1
CO1.PCCNTR.7757838,En ejecución,2025-04-10,2025-04-15,2025-10-31,Prestación de servicios,Contratación directa,227 Dia(s),0,91933333.0,91466666.0,466667.0,No,No,No definido,199.0,2025-04-10,2025,False,1
CO1.PCCNTR.227231,Cerrado,2017-12-18,2017-11-15,2018-10-31,Prestación de servicios,Contratación directa (con ofertas),No definido,0,67840952.0,66345835.0,1495117.0,No,No,No definido,350.0,2017-12-18,2017,False,1
CO1.PCCNTR.2163502,Cerrado,2021-02-20,2021-02-20,2021-10-31,Prestación de servicios,Contratación directa,343 Dia(s),0,48447874.0,47763098.0,684776.0,No,No,No definido,253.0,2021-02-20,2021,False,1
CO1.PCCNTR.817780,Cerrado,2019-04-09,2019-02-06,2020-02-29,Prestación de servicios,Contratación directa,No definido,0,151868222.0,148381451.0,3486771.0,No,No,No definido,388.0,2019-04-09,2019,False,1
CO1.PCCNTR.250342,Cerrado,2017-12-18,2017-12-06,2018-09-30,Prestación de servicios,Contratación directa,No definido,0,66000000.0,64900000.0,1100000.0,No,No,No definido,298.0,2017-12-18,2017,False,1
CO1.PCCNTR.701315,Cerrado,2019-01-18,2018-12-24,2019-09-30,Prestación de servicios,Contratación directa,No definido,0,46732020.0,45580175.0,1151845.0,No,No,Mujer,280.0,2019-01-18,2019,False,1
CO1.PCCNTR.8467680,En ejecución,2025-10-24,2025-10-28,2025-12-31,Prestación de servicios,Contratación directa,71 Dia(s),0,24969600.0,19420800.0,5548800.0,No,No,No definido,64.0,2025-10-24,2025,False,1
CO1.PCCNTR.611270,Cerrado,2018-12-04,2018-11-14,2019-01-18,Compraventa,Selección abreviada subasta inversa,No definido,0,2140905551.09,2140905551.0,0.0,No,Si,No definido,65.0,2018-12-04,2018,False,0
CO1.PCCNTR.2506236,Cerrado,2021-05-21,2021-05-21,2021-12-15,Prestación de servicios,Contratación directa,203 Dia(s),0,113311551.0,110736288.0,2575263.0,No,No,No definido,208.0,2021-05-21,2021,False,1
CO1.PCCNTR.7291041,En ejecución,2025-01-22,2025-01-24,2025-12-31,Prestación de servicios,Contratación directa,339 Dia(s),0,96600000.0,94360000.0,2240000.0,No,No,Mujer,341.0,2025-01-22,2025,False,1
CO1.PCCNTR.143606,Cerrado,2017-05-31,2017-05-02,2018-09-14,Prestación de servicios,Contratación directa (con ofertas),No definido,0,56275441.0,53543623.0,2731818.0,No,No,No definido,500.0,2017-05-31,2017,False,1
CO1.PCCNTR.790701,Cerrado,2019-02-26,2019-02-01,2019-07-12,Prestación de servicios,Contratación directa,No definido,0,65166667.0,62100000.0,3066667.0,No,No,No definido,161.0,2019-02-26,2019,False,1
CO1.PCCNTR.9001356,En ejecución,2026-01-21,2026-01-22,2026-12-18,Prestación de servicios,Contratación directa,331 Dia(s),0,91929391.0,44563333.0,47366058.0,No,No,No definido,330.0,2026-01-21,2026,False,1
CO1.PCCNTR.833451,Cerrado,2019-03-12,2019-02-13,2019-12-31,Prestación de servicios,Contratación directa,No definido,0,80000000.0,5750000.0,74250000.0,No,No,No definido,321.0,2019-03-12,2019,False,1
CO1.PCCNTR.7831403,En ejecución,2025-05-06,2025-05-08,2025-10-31,Prestación de servicios,Contratación directa,177 Dia(s),0,65124800.0,54166300.0,10958500.0,No,No,Mujer,176.0,2025-05-06,2025,False,1
CO1.PCCNTR.2780502,Cerrado,2021-09-06,2021-09-06,2021-12-31,Prestación de servicios,Contratación directa,134 Dia(s),0,22939983.0,22597595.0,342388.0,No,No,Hombre,116.0,2021-09-06,2021,False,1
CO1.PCCNTR.4794369,Cerrado,2023-03-23,2023-03-23,2023-07-22,Prestación de servicios,Contratación directa,4 Mes(es),0,18423512.0,18423512.0,0.0,No,No,No definido,121.0,2023-03-23,2023,False,1
CO1.PCCNTR.4339107,Modificado,2022-12-28,2022-12-29,2025-05-31,Suministros,Selección abreviada subasta inversa,29 Mes(es),151,1178441681.27,1177698897.0,742783.0,Si,No,No definido,884.0,2022-12-28,2022,False,0
CO1.PCCNTR.3419366,Cerrado,2022-02-03,2022-02-03,2022-12-31,Prestación de servicios,Contratación directa,340 Dia(s),0,38717498.0,37817091.0,900407.0,No,No,No definido,331.0,2022-02-03,2022,False,1
CO1.PCCNTR.1608468,Cerrado,2020-06-08,2020-07-08,2021-04-30,Prestación de servicios,Contratación directa,333 Dia(s),0,46528193.0,45970969.0,557224.0,No,No,No definido,296.0,2020-06-08,2020,False,1
CO1.PCCNTR.7817151,Cerrado,2025-05-14,2025-06-06,2025-12-31,Suministros,Mínima cuantía,244 Dia(s),0,9885912.0,6851100.0,3034812.0,No,No,No definido,208.0,2025-05-14,2025,False,0
CO1.PCCNTR.300334,Cerrado,2018-01-28,2018-01-18,2018-12-31,Prestación de servicios,Contratación directa,No definido,0,79350037.0,78662031.0,688006.0,No,No,Mujer,347.0,2018-01-28,2018,False,1
CO1.PCCNTR.2194432,Cedido,2021-02-11,2021-02-11,2021-12-15,Prestación de servicios,Contratación directa,336 Dia(s),0,47214379.0,46476654.0,737725.0,No,No,No definido,307.0,2021-02-11,2021,False,1
CO1.PCCNTR.9116316,En ejecución,2026-01-26,2026-01-28,2026-12-27,Prestación de servicios,Contratación directa,11 Mes(es),0,39542800.0,18333480.0,21209320.0,No,No,Mujer,333.0,2026-01-26,2026,False,1
CO1.PCCNTR.109545,Cerrado,2017-02-09,2017-02-06,2018-06-18,Prestación de servicios,Contratación directa (con ofertas),No definido,0,110358077.0,107086592.0,3271485.0,No,No,Hombre,497.0,2017-02-09,2017,False,1
CO1.PCCNTR.9030651,En ejecución,2026-01-22,2026-01-26,2026-12-31,Prestación de servicios,Contratación directa,339 Dia(s),0,77314713.0,35350385.0,41964328.0,No,No,No definido,339.0,2026-01-22,2026,False,1
CO1.PCCNTR.3131539,Cerrado,2021-12-23,2021-12-23,2022-10-07,Prestación de servicios,Contratación directa,195 Dia(s),0,36281122.0,36160309.0,120813.0,No,No,No definido,288.0,2021-12-23,2021,False,1
CO1.PCCNTR.578818,Cerrado,2018-12-17,2018-09-24,2019-02-21,Prestación de servicios,Contratación directa,No definido,0,12552129.0,12063085.0,489044.0,No,No,Mujer,150.0,2018-12-17,2018,False,1
CO1.PCCNTR.6757831,Cerrado,2024-09-13,2024-09-25,2024-12-31,Prestación de servicios,Contratación directa,109 Dia(s),0,32819733.0,28131200.0,4688533.0,No,No,Mujer,97.0,2024-09-13,2024,False,1
CO1.PCCNTR.4912545,Cerrado,2023-05-05,2023-05-05,2023-10-24,Prestación de servicios,Mínima cuantía,96 Dia(s),0,57309353.0,55867358.0,1441994.0,No,No,No definido,172.0,2023-05-05,2023,False,0
CO1.PCCNTR.6085760,Cerrado,2024-03-15,2024-03-19,2024-12-31,Prestación de servicios,Contratación directa,8 Mes(es),0,29346800.0,29346800.0,0.0,No,No,Mujer,287.0,2024-03-15,2024,False,1
CO1.PCCNTR.300961,Cerrado,2018-01-24,2018-01-18,2018-12-31,Prestación de servicios,Contratación directa,No definido,0,66686275.0,55893121.0,10793154.0,No,No,No definido,347.0,2018-01-24,2018,False,1
CO1.PCCNTR.4229594,Aprobado,2022-12-12,,2022-12-14,Prestación de servicios,Mínima cuantía,22 Dia(s),0,14000000.0,0.0,14000000.0,Si,No,Hombre,,2022-12-12,2022,False,0
CO1.PCCNTR.109774,Cerrado,2017-02-09,2017-02-06,2018-05-31,Prestación de servicios,Contratación directa (con ofertas),No definido,0,110995486.0,108266089.0,2729397.0,No,No,Hombre,479.0,2017-02-09,2017,False,1
CO1.PCCNTR.8358882,Terminado,2025-09-25,2025-10-10,2026-07-31,Prestación de servicios,Contratación directa,291 Dia(s),0,71893680.0,26575624.0,45318056.0,No,No,No definido,294.0,2025-09-25,2025,False,1
CO1.PCCNTR.328268,Cerrado,2018-02-02,2018-01-23,2018-12-31,Prestación de servicios,Contratación directa,No definido,0,43016185.0,42021591.0,994594.0,No,No,No definido,342.0,2018-02-02,2018,False,1
CO1.PCCNTR.686028,Cerrado,2018-12-21,2018-12-11,2019-07-12,Prestación de servicios,Contratación directa,No definido,0,29897980.0,29086490.0,811490.0,No,No,No definido,213.0,2018-12-21,2018,False,1
CO1.PCCNTR.198712,Cerrado,2017-09-22,2017-09-05,2017-12-31,Prestación de servicios,Contratación directa (con ofertas),No definido,0,19740000.0,18173333.0,1566667.0,No,No,No definido,117.0,2017-09-22,2017,False,1
CO1.PCCNTR.3337527,Cerrado,2022-02-02,2022-02-02,2023-06-18,Prestación de servicios,Contratación directa,345 Dia(s),0,89130397.0,88616815.0,513582.0,No,No,Hombre,501.0,2022-02-02,2022,False,1
CO1.PCCNTR.1321197,Cerrado,2020-02-03,2020-01-27,2020-12-31,Prestación de servicios,Contratación directa,No definido,0,57541095.0,56710056.0,831039.0,No,No,Mujer,339.0,2020-02-03,2020,False,1
CO1.PCCNTR.7038925,En ejecución,2024-11-21,2024-12-04,2024-12-23,Compraventa,Selección abreviada subasta inversa,33 Dia(s),0,319130154.0,319130154.0,0.0,Si,No,Hombre,19.0,2024-11-21,2024,False,0
CO1.PCCNTR.3537126,Cerrado,2022-02-03,2022-02-03,2022-12-31,Prestación de servicios,Contratación directa,334 Dia(s),0,105750512.0,67353004.0,38397508.0,No,No,No definido,331.0,2022-02-03,2022,False,1
CO1.PCCNTR.4798138,Cerrado,2023-03-24,2023-03-24,2023-07-23,Prestación de servicios,Contratación directa,4 Mes(es),0,21576900.0,21576890.0,10.0,No,No,No definido,121.0,2023-03-24,2023,False,1
CO1.PCCNTR.204819,Cerrado,2017-10-05,2017-10-02,2018-07-31,Prestación de servicios,Contratación directa (con ofertas),No definido,0,46982000.0,0.0,46982000.0,No,No,No definido,302.0,2017-10-05,2017,False,1
CO1.PCCNTR.5827989,Cerrado,2024-01-26,2024-02-01,2024-12-31,Prestación de servicios,Contratación directa,10 Mes(es),0,93885000.0,93885000.0,0.0,No,No,Hombre,334.0,2024-01-26,2024,False,1
CO1.PCCNTR.7696120,En ejecución,2025-03-26,2025-03-27,2025-11-26,Prestación de servicios,Contratación directa,8 Mes(es),0,77447376.0,77447376.0,0.0,No,No,No definido,244.0,2025-03-26,2025,False,1
CO1.PCCNTR.2345031,Cerrado,2021-04-16,2021-04-16,2021-12-15,Prestación de servicios,Contratación directa,234 Dia(s),0,144729753.0,141639438.0,3090315.0,No,No,No definido,243.0,2021-04-16,2021,False,1
CO1.PCCNTR.8696199,Modificado,2025-12-18,2025-12-22,2026-10-30,Prestación de servicios,Contratación directa,312 Dia(s),91,86250000.0,49500000.0,36750000.0,No,No,No definido,312.0,2025-12-18,2025,False,1
CO1.PCCNTR.4556674,Cerrado,2023-02-06,2023-02-06,2023-06-03,Prestación de servicios,Contratación directa,4 Mes(es),0,12360000.0,12154000.0,206000.0,No,No,Mujer,117.0,2023-02-06,2023,False,1
CO1.PCCNTR.599046,Cerrado,2019-01-02,2018-10-09,2019-08-30,Prestación de servicios,Contratación directa,No definido,0,162927226.0,162927226.0,0.0,No,No,Mujer,325.0,2019-01-02,2019,False,1
CO1.PCCNTR.8487756,Modificado,2025-10-29,2025-11-14,2026-12-31,Prestación de servicios,Contratación directa,407 Dia(s),152,244071820.0,135531646.0,108540174.0,No,No,No definido,412.0,2025-10-29,2025,False,1
CO1.PCCNTR.143504,Cerrado,2017-05-16,2017-05-02,2018-09-14,Prestación de servicios,Contratación directa (con ofertas),No definido,0,84287372.0,80523081.0,3764291.0,No,No,Mujer,500.0,2017-05-16,2017,False,1
CO1.PCCNTR.1440658,Cerrado,2020-04-08,2020-03-10,2021-03-02,Prestación de servicios,Contratación directa,No definido,60,136814900.0,134909400.0,1905500.0,No,No,No definido,357.0,2020-04-08,2020,False,1
CO1.PCCNTR.1501911,Cerrado,2020-05-19,2020-04-08,2021-03-31,Prestación de servicios,Contratación directa,Dia(s),0,94818630.0,94284441.0,534189.0,No,No,No definido,357.0,2020-05-19,2020,False,1
CO1.PCCNTR.7257748,En ejecución,2025-01-17,2025-01-21,2025-12-31,Prestación de servicios,Contratación directa,344 Dia(s),0,111741970.0,110122520.0,1619449.0,No,No,Hombre,344.0,2025-01-17,2025,False,1
CO1.PCCNTR.158202,Cerrado,2017-08-16,2017-06-13,2018-11-30,Prestación de servicios,Contratación directa (con ofertas),No definido,0,70907058.0,69331346.0,1575712.0,No,No,No definido,535.0,2017-08-16,2017,False,1
CO1.PCCNTR.7330429,Cedido,2025-01-27,2025-02-05,2025-11-04,Prestación de servicios,Contratación directa,9 Mes(es),0,62712000.0,62247467.0,464533.0,No,No,No definido,272.0,2025-01-27,2025,False,1
CO1.PCCNTR.2279513,Cerrado,2021-03-01,2021-03-01,2021-10-29,Prestación de servicios,Contratación directa,317 Dia(s),0,51877488.0,50081729.0,1795759.0,No,No,No definido,242.0,2021-03-01,2021,False,1
CO1.PCCNTR.4074654,Cerrado,2022-10-07,2022-10-07,2022-12-15,Prestación de servicios,Contratación directa,78 Dia(s),0,7921387.0,7723352.0,198035.0,No,No,Mujer,69.0,2022-10-07,2022,False,1
CO1.PCCNTR.9235704,En ejecución,2026-01-29,2026-02-02,2026-12-31,Prestación de servicios,Contratación directa,11 Mes(es),0,88138050.0,39261495.0,48876555.0,No,No,Hombre,332.0,2026-01-29,2026,False,1
CO1.PCCNTR.84101,Cerrado,2016-12-07,2016-11-21,2017-10-27,Prestación de servicios,Contratación directa (con ofertas),Dia(s),0,46853691.0,0.0,46853691.0,No,No,No definido,340.0,2016-12-07,2016,False,1
CO1.PCCNTR.108967,Cerrado,2017-02-15,2017-02-01,2018-04-20,Prestación de servicios,Contratación directa (con ofertas),No definido,0,111226265.0,108749065.0,2477199.0,No,No,No definido,443.0,2017-02-15,2017,False,1
CO1.PCCNTR.204821,Cerrado,2017-09-22,2017-09-21,2018-10-31,Prestación de servicios,Contratación directa (con ofertas),No definido,0,29588529.0,27679590.0,1908939.0,No,No,No definido,405.0,2017-09-22,2017,False,1
CO1.PCCNTR.813370,Cerrado,2019-04-25,2019-02-26,2019-09-30,Otro,Contratación directa (con ofertas),No definido,0,22920000.0,19590000.0,3330000.0,No,No,Hombre,216.0,2019-04-25,2019,False,1
CO1.PCCNTR.6766737,Cerrado,2024-09-13,2024-09-17,2024-12-31,Prestación de servicios,Contratación directa,105 Dia(s),0,34545733.0,32961067.0,1584666.0,No,No,Hombre,105.0,2024-09-13,2024,False,1
CO1.PCCNTR.1368202,Cerrado,2020-03-03,2020-02-10,2021-04-30,Prestación de servicios,Contratación directa,Dia(s),0,111373667.0,109913667.0,1460000.0,No,No,Hombre,445.0,2020-03-03,2020,False,1
CO1.PCCNTR.8400524,En ejecución,2025-10-22,2025-11-05,2026-07-31,Prestación de servicios,Contratación directa,268 Dia(s),0,64221733.0,49588933.0,14632800.0,No,No,No definido,268.0,2025-10-22,2025,False,1
CO1.PCCNTR.2008411,Cerrado,2020-12-02,2020-12-02,2021-10-31,Prestación de servicios,Contratación directa,345 Dia(s),0,99494366.0,35297688.0,64196678.0,No,No,No definido,333.0,2020-12-02,2020,False,1
CO1.PCCNTR.4310890,Cerrado,2022-12-27,2022-12-27,2023-08-31,Prestación de servicios,Contratación directa,261 Dia(s),0,82303594.0,80129537.0,2174057.0,No,No,No definido,247.0,2022-12-27,2022,False,1
CO1.PCCNTR.7095221,Modificado,2024-12-04,2024-12-07,2025-11-30,Prestación de servicios,Contratación directa,361 Dia(s),0,67759012.0,66152510.0,1606501.0,No,Si,No definido,358.0,2024-12-04,2024,False,1
CO1.PCCNTR.5827347,Cerrado,2024-01-30,2024-02-01,2024-12-31,Prestación de servicios,Contratación directa,8 Mes(es),0,154249139.0,154249139.0,0.0,Si,No,No definido,334.0,2024-01-30,2024,False,1
CO1.PCCNTR.633854,Cerrado,2018-11-19,2018-10-31,2018-11-09,Prestación de servicios,Contratación directa,No definido,0,1240000.0,1240000.0,0.0,No,No,No definido,9.0,2018-11-19,2018,False,1
CO1.PCCNTR.637556,Cerrado,2018-11-23,2018-11-07,2019-10-31,Prestación de servicios,Contratación directa,No definido,0,49828344.0,48997872.0,830472.0,No,No,Mujer,358.0,2018-11-23,2018,False,1
CO1.PCCNTR.1415503,Cerrado,2020-03-10,2020-02-27,2020-12-31,Prestación de servicios,Contratación directa,Dia(s),0,53040000.0,52346666.0,693334.0,No,No,Mujer,308.0,2020-03-10,2020,False,1
CO1.PCCNTR.3981045,Cerrado,2022-09-09,2022-09-09,2022-12-31,Prestación de servicios,Contratación directa,121 Dia(s),0,19034648.0,18289360.0,745288.0,No,No,No definido,113.0,2022-09-09,2022,False,1
CO1.PCCNTR.114321,Cerrado,2017-03-14,2017-02-16,2017-12-16,Prestación de servicios,Contratación directa (con ofertas),No definido,0,75703125.0,73359375.0,2343750.0,No,No,No definido,303.0,2017-03-14,2017,False,1
CO1.PCCNTR.496844,Cerrado,2018-08-10,2018-08-01,2018-10-16,Prestación de servicios,Mínima cuantía,No definido,0,112422646.0,112422645.0,1.0,Si,No,Hombre,76.0,2018-08-10,2018,False,0
CO1.PCCNTR.6707561,Cerrado,2024-09-02,2024-09-04,2024-12-31,Prestación de servicios,Contratación directa,120 Dia(s),0,48800000.0,40000000.0,8800000.0,No,No,Hombre,118.0,2024-09-02,2024,False,1
CO1.PCCNTR.3108316,Cerrado,2021-12-30,2021-12-30,2022-12-24,Prestación de servicios,Selección abreviada subasta inversa,12 Mes(es),0,79999549.78,79999549.0,0.0,No,No,Mujer,359.0,2021-12-30,2021,False,0
CO1.PCCNTR.8630611,Modificado,2025-12-04,2025-12-05,2026-12-31,Prestación de servicios,Mínima cuantía,240 Dia(s),153,67868857.0,14548940.0,53319917.0,Si,No,Hombre,391.0,2025-12-04,2025,False,0
CO1.PCCNTR.6514021,En ejecución,2024-07-12,2024-07-25,2026-12-31,Prestación de servicios,Contratación directa,891 Dia(s),0,18026367.0,0.0,18026367.0,No,No,Hombre,889.0,2024-07-12,2024,False,1
CO1.PCCNTR.87705,Aprobado,2016-12-14,2016-11-30,2017-05-30,Prestación de servicios,Contratación directa (con ofertas),No definido,0,5779120.0,0.0,5779120.0,No,No,No definido,181.0,2016-12-14,2016,False,1
CO1.PCCNTR.299803,Cerrado,2018-02-02,2018-01-17,2018-12-31,Prestación de servicios,Contratación directa,No definido,0,118633873.0,117948129.0,685744.0,No,No,No definido,348.0,2018-02-02,2018,False,1
CO1.PCCNTR.8656604,Modificado,2025-12-05,2025-12-15,2026-12-22,Prestación de servicios,Contratación directa,377 Dia(s),144,54832304.0,28704347.0,26127957.0,No,No,No definido,372.0,2025-12-05,2025,False,1
CO1.PCCNTR.4311151,Cerrado,2022-12-16,2022-12-23,2022-12-26,Prestación de servicios,Mínima cuantía,10 Dia(s),0,25000000.0,17192000.0,7808000.0,Si,No,Mujer,3.0,2022-12-16,2022,False,0
CO1.PCCNTR.2178244,Cerrado,2021-02-17,2021-02-17,2021-12-15,Prestación de servicios,Contratación directa,339 Dia(s),0,100874182.0,99628821.0,1245361.0,No,No,Mujer,301.0,2021-02-17,2021,False,1
CO1.PCCNTR.2175082,Cerrado,2021-02-20,2021-02-20,2021-12-15,Prestación de servicios,Contratación directa,340 Dia(s),0,167392063.0,165331853.0,2060210.0,No,No,No definido,298.0,2021-02-20,2021,False,1
CO1.PCCNTR.1370888,Cerrado,2020-02-26,2020-02-10,2020-12-31,Prestación de servicios,Contratación directa,Dia(s),0,28276061.0,16256573.0,12019488.0,No,No,No definido,325.0,2020-02-26,2020,False,1
CO1.PCCNTR.1736913,Cerrado,2020-09-02,2020-09-02,2021-07-26,Prestación de servicios,Contratación directa,362 Dia(s),0,67980000.0,67602334.0,377666.0,No,No,No definido,327.0,2020-09-02,2020,False,1
CO1.PCCNTR.4195830,Cerrado,2022-11-30,2022-12-16,2022-12-26,Compraventa,Selección abreviada subasta inversa,39 Dia(s),0,465299033.91,465299033.0,0.0,No,No,Hombre,10.0,2022-11-30,2022,False,0
CO1.PCCNTR.2208206,Cerrado,2021-02-17,2021-02-17,2021-10-31,Prestación de servicios,Contratación directa,332 Dia(s),0,40561252.0,39525016.0,1036236.0,No,No,No definido,256.0,2021-02-17,2021,False,1
CO1.PCCNTR.301614,Cerrado,2018-01-28,2018-01-18,2018-12-31,Prestación de servicios,Contratación directa,No definido,0,95487546.0,94659619.0,827926.0,No,No,No definido,347.0,2018-01-28,2018,False,1
CO1.PCCNTR.4070826,Cerrado,2022-10-04,2022-10-04,2022-12-15,Prestación de servicios,Contratación directa,78 Dia(s),0,12305563.0,11997924.0,307639.0,No,No,Mujer,72.0,2022-10-04,2022,False,1
CO1.PCCNTR.6117977,Cerrado,2024-03-20,2024-03-26,2024-11-18,Prestación de servicios,Contratación directa,8 Mes(es),0,57936000.0,57936000.0,0.0,No,No,Mujer,237.0,2024-03-20,2024,False,1
CO1.PCCNTR.5178597,Cerrado,2023-07-14,2023-07-14,2024-02-29,Prestación de servicios,Contratación directa,184 Dia(s),0,133872712.0,128954939.0,4917773.0,No,No,No definido,230.0,2023-07-14,2023,False,1
CO1.PCCNTR.297384,Cerrado,2018-01-28,2018-01-16,2018-12-31,Prestación de servicios,Contratación directa,No definido,0,95487546.0,95211570.0,275975.0,No,No,Hombre,349.0,2018-01-28,2018,False,1
CO1.PCCNTR.5116981,Cerrado,2023-06-30,2023-06-30,2023-12-31,Prestación de servicios,Contratación directa,192 Dia(s),0,66818291.0,64419685.0,2398606.0,No,No,No definido,184.0,2023-06-30,2023,False,1
CO1.PCCNTR.8717888,En ejecución,2025-12-20,2025-12-26,2026-07-31,Prestación de servicios,Contratación directa,223 Dia(s),0,60928800.0,49353600.0,11575200.0,No,No,No definido,217.0,2025-12-20,2025,False,1
CO1.PCCNTR.3543667,Cerrado,2022-02-03,2022-02-03,2022-12-31,Prestación de servicios,Contratación directa,337 Dia(s),0,111114307.0,110781600.0,332707.0,No,No,No definido,331.0,2022-02-03,2022,False,1
CO1.PCCNTR.266113,Cerrado,2018-01-10,2017-12-26,2018-11-23,Prestación de servicios,Contratación directa,No definido,0,46390155.0,44361430.0,2028725.0,No,No,No definido,332.0,2018-01-10,2018,False,1
CO1.PCCNTR.4651005,Cerrado,2023-02-22,2023-02-22,2023-06-17,Prestación de servicios,Contratación directa,4 Mes(es),0,15827472.0,15563681.0,263791.0,No,No,Hombre,115.0,2023-02-22,2023,False,1
CO1.PCCNTR.8306329,En ejecución,2025-09-11,2025-09-19,2025-12-31,Prestación de servicios,Contratación directa,111 Dia(s),0,50800000.0,43180000.0,7620000.0,No,No,Mujer,103.0,2025-09-11,2025,False,1
CO1.PCCNTR.302209,Cerrado,2018-02-02,2018-01-26,2023-12-31,Otro,Contratación directa (con ofertas),Dia(s),0,1062675.0,886550.0,176125.0,No,No,Mujer,2165.0,2018-02-02,2018,False,1
CO1.PCCNTR.7764259,En ejecución,2025-04-10,2025-04-16,2025-11-15,Prestación de servicios,Contratación directa,7 Mes(es),0,30338000.0,30338000.0,0.0,No,No,Hombre,213.0,2025-04-10,2025,False,1
CO1.PCCNTR.8579251,Modificado,2025-11-19,2025-11-25,2026-10-31,Prestación de servicios,Contratación directa,340 Dia(s),91,114675200.0,59649600.0,55025600.0,No,No,Hombre,340.0,2025-11-19,2025,False,1
CO1.PCCNTR.597363,Cerrado,2018-11-23,2018-10-12,2019-09-30,Otro,Contratación directa (con ofertas),No definido,0,285952359.0,249784960.0,36167399.0,No,No,Hombre,353.0,2018-11-23,2018,False,1
CO1.PCCNTR.150902,Cerrado,2017-07-25,2017-05-19,2017-11-30,Prestación de servicios,Contratación directa (con ofertas),No definido,0,63338967.0,61731379.0,1607588.0,No,No,No definido,195.0,2017-07-25,2017,False,1
CO1.PCCNTR.7490342,Terminado,2025-02-20,2025-02-25,2025-10-24,Prestación de servicios,Contratación directa,8 Mes(es),0,82424000.0,57009933.0,25414067.0,No,No,No definido,241.0,2025-02-20,2025,False,1
CO1.PCCNTR.3489020,Cerrado,2022-02-02,2022-02-02,2022-12-31,Prestación de servicios,Contratación directa,339 Dia(s),0,95492590.0,94925868.0,566722.0,No,No,No definido,332.0,2022-02-02,2022,False,1
CO1.PCCNTR.3791272,Cerrado,2022-07-14,2022-07-22,2022-12-30,Prestación de servicios,Mínima cuantía,158 Dia(s),0,28250000.0,28250000.0,0.0,Si,No,Hombre,161.0,2022-07-14,2022,False,0
CO1.PCCNTR.7300752,Cerrado,2025-01-23,2025-01-29,2025-10-28,Prestación de servicios,Contratación directa,9 Mes(es),0,62712000.0,62712000.0,0.0,No,No,Mujer,272.0,2025-01-23,2025,False,1
CO1.PCCNTR.2228027,Cerrado,2021-02-11,2021-02-11,2022-06-16,Prestación de servicios,Contratación directa,330 Dia(s),0,124815400.0,123060966.0,1754433.0,No,No,No definido,490.0,2021-02-11,2021,False,1
CO1.PCCNTR.2212988,Cerrado,2021-02-25,2021-02-25,2021-12-15,Prestación de servicios,Contratación directa,332 Dia(s),0,140249247.0,137603035.0,2646212.0,No,No,No definido,293.0,2021-02-25,2021,False,1
CO1.PCCNTR.8688027,Modificado,2025-12-14,2025-12-17,2026-10-31,Prestación de servicios,Contratación directa,318 Dia(s),92,48742500.0,29536500.0,19206000.0,No,No,Hombre,318.0,2025-12-14,2025,False,1
CO1.PCCNTR.149217,Cerrado,2017-07-25,2017-05-18,2017-11-30,Prestación de servicios,Contratación directa (con ofertas),Dia(s),0,44385825.0,35994475.0,8391350.0,No,No,Mujer,196.0,2017-07-25,2017,False,1
CO1.PCCNTR.8358489,Terminado,2025-09-25,2025-10-10,2026-07-31,Prestación de servicios,Contratación directa,291 Dia(s),0,116673925.0,43128720.0,73545205.0,No,No,No definido,294.0,2025-09-25,2025,False,1
CO1.PCCNTR.451368,Cerrado,2018-07-12,2018-06-19,2019-04-04,Prestación de servicios,Contratación directa,No definido,0,65278083.0,64595734.0,682349.0,No,No,No definido,289.0,2018-07-12,2018,False,1
CO1.PCCNTR.150212,Cerrado,2017-07-05,2017-05-19,2018-08-31,Prestación de servicios,Contratación directa (con ofertas),No definido,0,62792136.0,61216424.0,1575712.0,No,No,No definido,469.0,2017-07-05,2017,False,1
CO1.PCCNTR.3396190,Cerrado,2022-02-02,2022-02-02,2022-09-08,Prestación de servicios,Contratación directa,157 Dia(s),0,40528447.0,39330089.0,1198358.0,No,No,Mujer,218.0,2022-02-02,2022,False,1
CO1.PCCNTR.5611772,En ejecución,2023-12-05,2023-12-05,2024-11-30,Prestación de servicios,Contratación directa,1 Año(s),0,3058093846.0,2826207317.0,231886529.0,No,No,No definido,361.0,2023-12-05,2023,False,1
CO1.PCCNTR.5199933,Cerrado,2023-07-14,2023-07-14,2025-07-06,Prestación de servicios,Contratación directa,730 Dia(s),0,910000.0,910000.0,0.0,No,No,Hombre,723.0,2023-07-14,2023,False,1
CO1.PCCNTR.5391845,Cerrado,2023-09-20,2023-09-20,2024-08-31,Prestación de servicios,Contratación directa,347 Dia(s),0,97448496.0,37896637.0,59551859.0,No,No,No definido,346.0,2023-09-20,2023,False,1
CO1.PCCNTR.125406,Cerrado,2017-03-30,2017-03-16,2018-08-24,Prestación de servicios,Contratación directa (con ofertas),No definido,0,69068727.0,68149561.0,919166.0,No,No,No definido,526.0,2017-03-30,2017,False,1
CO1.PCCNTR.83201,Cerrado,2016-12-01,2016-11-21,2017-10-31,Prestación de servicios,Contratación directa (con ofertas),No definido,0,65348057.0,0.0,65348057.0,No,No,No definido,344.0,2016-12-01,2016,False,1
CO1.PCCNTR.8487061,En ejecución,2025-10-24,2025-11-13,2026-07-31,Prestación de servicios,Contratación directa,258 Dia(s),0,57740243.0,50966248.0,6773995.0,No,No,No definido,260.0,2025-10-24,2025,False,1
CO1.PCCNTR.2252009,Cerrado,2021-02-25,2021-02-25,2021-12-31,Prestación de servicios,Contratación directa,324 Dia(s),0,35732173.0,28301629.0,7430544.0,No,No,Mujer,309.0,2021-02-25,2021,False,1
CO1.PCCNTR.4210041,Cerrado,2022-11-25,2022-11-25,2023-08-31,Prestación de servicios,Contratación directa,294 Dia(s),0,130746972.0,127725435.0,3021536.0,No,No,Mujer,279.0,2022-11-25,2022,False,1
CO1.PCCNTR.7801467,Cerrado,2025-04-22,2025-04-28,2025-11-27,Prestación de servicios,Contratación directa,210 Dia(s),0,35077000.0,35077000.0,0.0,No,No,Hombre,213.0,2025-04-22,2025,False,1
CO1.PCCNTR.8974243,Cedido,2026-01-20,2026-01-22,2026-12-31,Prestación de servicios,Contratación directa,340 Dia(s),0,180075000.0,66675000.0,113400000.0,No,No,No definido,343.0,2026-01-20,2026,False,1
CO1.PCCNTR.94502,Cerrado,2017-01-13,2016-12-22,2017-12-31,Prestación de servicios,Contratación directa (con ofertas),No definido,0,78000440.0,0.0,78000440.0,No,No,No definido,374.0,2017-01-13,2017,False,1
CO1.PCCNTR.4844910,Cerrado,2023-04-11,2023-04-11,2023-12-31,Prestación de servicios,Contratación directa,270 Dia(s),0,156714733.0,153768967.0,2945765.0,No,No,Mujer,264.0,2023-04-11,2023,False,1
CO1.PCCNTR.8216638,En ejecución,2025-08-26,2025-08-28,2025-12-31,Prestación de servicios,Contratación directa,129 Dia(s),0,55526533.0,52135600.0,3390933.0,No,No,Mujer,125.0,2025-08-26,2025,False,1
CO1.PCCNTR.4354030,Cerrado,2023-01-11,2023-01-11,2023-07-31,Prestación de servicios,Contratación directa,216 Dia(s),0,51100000.0,49933333.0,1166666.0,No,No,No definido,201.0,2023-01-11,2023,False,1
CO1.PCCNTR.4682541,Cerrado,2023-02-24,2023-02-24,2023-06-23,Prestación de servicios,Contratación directa,4 Mes(es),0,54511972.0,53603440.0,908532.0,No,No,No definido,119.0,2023-02-24,2023,False,1
CO1.PCCNTR.8629567,Modificado,2025-11-25,2025-12-01,2026-10-31,Prestación de servicios,Contratación directa,339 Dia(s),92,212675400.0,132318000.0,80357400.0,No,No,Mujer,334.0,2025-11-25,2025,False,1
CO1.PCCNTR.3138975,Cerrado,2021-12-31,2021-12-31,2022-12-28,Compraventa,Mínima cuantía,12 Mes(es),0,9424800.0,9424800.0,0.0,Si,No,No definido,362.0,2021-12-31,2021,False,0
CO1.PCCNTR.297713,Cerrado,2018-01-25,2018-01-16,2018-12-31,Prestación de servicios,Contratación directa,No definido,0,98352172.0,98067917.0,284254.0,No,No,No definido,349.0,2018-01-25,2018,False,1
CO1.PCCNTR.122018,Cerrado,2017-03-30,2017-03-10,2017-11-30,Prestación de servicios,Contratación directa (con ofertas),No definido,0,73953510.0,72297835.0,1655675.0,No,No,No definido,265.0,2017-03-30,2017,False,1
CO1.PCCNTR.7359564,En ejecución,2025-01-30,2025-02-04,2025-12-03,Prestación de servicios,Contratación directa,10 Mes(es),0,127160000.0,126312267.0,847733.0,No,No,Hombre,302.0,2025-01-30,2025,False,1
CO1.PCCNTR.7285907,Terminado,2025-01-23,2025-01-30,2025-12-31,Prestación de servicios,Contratación directa,339 Dia(s),0,38709000.0,20308200.0,18400800.0,No,No,Mujer,335.0,2025-01-23,2025,False,1
CO1.PCCNTR.633942,Cerrado,2018-11-19,2018-10-31,2018-11-09,Prestación de servicios,Contratación directa,No definido,0,1240000.0,1240000.0,0.0,No,No,No definido,9.0,2018-11-19,2018,False,1
CO1.PCCNTR.9050358,En ejecución,2026-01-22,2026-01-23,2026-12-31,Prestación de servicios,Contratación directa,337 Dia(s),0,167125980.0,74173890.0,92952090.0,No,No,No definido,342.0,2026-01-22,2026,False,1
CO1.PCCNTR.1972763,Cerrado,2020-11-23,2020-11-23,2021-10-31,Prestación de servicios,Contratación directa,360 Dia(s),0,59004000.0,58348400.0,655600.0,No,No,No definido,342.0,2020-11-23,2020,False,1
CO1.PCCNTR.5648325,En ejecución,2023-12-18,2023-12-19,2023-12-20,Prestación de servicios,Selección abreviada subasta inversa,2 Dia(s),0,1803456900.0,1803456900.0,0.0,No,No,Mujer,1.0,2023-12-18,2023,False,0
CO1.PCCNTR.7469170,En ejecución,2025-02-13,2025-02-18,2025-11-17,Prestación de servicios,Contratación directa,9 Mes(es),0,114372000.0,78719000.0,35653000.0,No,No,No definido,272.0,2025-02-13,2025,False,1
CO1.PCCNTR.114229,Cerrado,2017-03-06,2017-02-16,2017-12-31,Prestación de servicios,Contratación directa (con ofertas),No definido,0,89130536.0,86371077.0,2759459.0,No,No,No definido,318.0,2017-03-06,2017,False,1
CO1.PCCNTR.2251481,Cerrado,2021-02-25,2021-02-25,2021-11-30,Prestación de servicios,Contratación directa,324 Dia(s),0,24416912.0,23618626.0,798286.0,No,No,Hombre,278.0,2021-02-25,2021,False,1
CO1.PCCNTR.246209,Cerrado,2018-01-10,2017-12-06,2018-10-31,Prestación de servicios,Contratación directa (con ofertas),No definido,0,799191829.0,786843030.0,12348799.0,Si,No,Hombre,329.0,2018-01-10,2018,False,1
CO1.PCCNTR.843931,Cerrado,2019-03-28,2019-02-15,2019-12-31,Prestación de servicios,Contratación directa,No definido,0,90702899.0,89581032.0,1121867.0,No,No,No definido,319.0,2019-03-28,2019,False,1
CO1.PCCNTR.1749629,Cerrado,2020-09-11,2020-09-11,2020-11-30,Prestación de servicios,Contratación directa,153 Dia(s),0,159067699.0,132508850.0,26558849.0,No,No,No definido,80.0,2020-09-11,2020,False,1
CO1.PCCNTR.7685499,En ejecución,2025-03-26,2025-03-31,2025-08-31,Prestación de servicios,Contratación directa,160 Dia(s),0,34052400.0,31530000.0,2522400.0,No,No,Hombre,153.0,2025-03-26,2025,False,1
CO1.PCCNTR.82101,Cerrado,2016-12-19,2016-11-10,2017-10-31,Prestación de servicios,Contratación directa (con ofertas),Dia(s),0,133710458.0,4105527.0,129604931.0,No,No,No definido,355.0,2016-12-19,2016,False,1
CO1.PCCNTR.72803,Cerrado,2016-11-04,2016-10-11,2017-03-31,Prestación de servicios,Contratación directa (con ofertas),Dia(s),0,48586818.0,0.0,48586818.0,No,No,No definido,171.0,2016-11-04,2016,False,1
CO1.PCCNTR.2323880,Cerrado,2021-03-23,2021-03-23,2021-09-30,Prestación de servicios,Contratación directa,302 Dia(s),0,121834580.0,118402620.0,3431960.0,No,No,Mujer,191.0,2021-03-23,2021,False,1
CO1.PCCNTR.301020,Cerrado,2018-01-25,2018-01-19,2018-12-31,Prestación de servicios,Contratación directa,No definido,0,26492816.0,26263109.0,229706.0,No,No,No definido,346.0,2018-01-25,2018,False,1
CO1.PCCNTR.3542792,Cerrado,2022-02-03,2022-02-03,2022-12-31,Prestación de servicios,Contratación directa,333 Dia(s),0,111356513.0,111021236.0,335277.0,No,No,No definido,331.0,2022-02-03,2022,False,1
CO1.PCCNTR.6607381,Cerrado,2024-08-15,2024-08-20,2024-12-31,Prestación de servicios,Contratación directa,131 Dia(s),0,25005573.0,25005573.0,0.0,No,No,No definido,133.0,2024-08-15,2024,False,1
CO1.PCCNTR.6566318,Cerrado,2024-07-25,2024-08-31,2025-03-19,Prestación de servicios,Contratación directa,235 Dia(s),0,49186667.0,47326667.0,1860000.0,No,No,No definido,200.0,2024-07-25,2024,False,1
CO1.PCCNTR.4357062,Cerrado,2023-01-11,2023-01-11,2023-12-31,Prestación de servicios,Contratación directa,246 Dia(s),0,65629738.0,65270122.0,359615.0,No,No,Mujer,354.0,2023-01-11,2023,False,1
CO1.PCCNTR.8464151,Modificado,2025-10-22,2025-10-23,2026-12-31,Prestación de servicios,Contratación directa,430 Dia(s),153,270054824.0,155266420.0,114788404.0,No,No,Mujer,434.0,2025-10-22,2025,False,1
CO1.PCCNTR.829586,Cerrado,2019-02-27,2019-02-12,2019-12-31,Prestación de servicios,Contratación directa,No definido,0,102764339.0,99621699.0,3142640.0,No,No,No definido,322.0,2019-02-27,2019,False,1
CO1.PCCNTR.119503,Cerrado,2017-03-24,2017-03-09,2018-05-31,Prestación de servicios,Mínima cuantía,No definido,0,44192355.0,38382300.0,5810055.0,No,No,No definido,448.0,2017-03-24,2017,False,0
CO1.PCCNTR.94002,Cerrado,2017-01-17,2016-12-22,2017-12-31,Prestación de servicios,Contratación directa (con ofertas),No definido,0,78000440.0,0.0,78000440.0,No,No,No definido,374.0,2017-01-17,2017,False,1
CO1.PCCNTR.7125227,Cerrado,2024-12-16,2024-12-20,2024-12-30,Compraventa,Mínima cuantía,18 Dia(s),0,15533784.0,15533784.0,0.0,Si,No,Hombre,10.0,2024-12-16,2024,False,0
CO1.PCCNTR.9044717,En ejecución,2026-01-24,2026-01-30,2026-12-31,Prestación de servicios,Contratación directa,339 Dia(s),0,116988900.0,40677175.0,76311725.0,No,No,Hombre,335.0,2026-01-24,2026,False,1
CO1.PCCNTR.865641,Cerrado,2019-03-22,2019-03-14,2020-01-31,Prestación de servicios,Mínima cuantía,Dia(s),0,56000000.0,56000000.0,0.0,Si,No,Mujer,323.0,2019-03-22,2019,False,0
CO1.PCCNTR.9035204,En ejecución,2026-01-25,2026-01-27,2026-09-30,Prestación de servicios,Contratación directa,245 Dia(s),0,67592438.0,42486675.0,25105763.0,No,No,Hombre,246.0,2026-01-25,2026,False,1
CO1.PCCNTR.5986067,Cerrado,2024-02-22,2024-02-29,2024-10-21,Prestación de servicios,Contratación directa,8 Mes(es),0,52994352.0,28484464.0,24509888.0,No,No,No definido,235.0,2024-02-22,2024,False,1
CO1.PCCNTR.3570528,Terminado,2022-02-14,2022-02-14,2023-01-31,Otro,Contratación directa,333 Dia(s),0,3750614259.0,0.0,3750614259.0,No,No,No definido,351.0,2022-02-14,2022,False,1
CO1.PCCNTR.297693,Cerrado,2018-01-28,2018-01-16,2018-12-31,Prestación de servicios,Contratación directa,No definido,0,95487546.0,95487544.0,1.0,No,No,No definido,349.0,2018-01-28,2018,False,1
CO1.PCCNTR.7597555,Cerrado,2025-03-05,2025-03-14,2025-11-13,Prestación de servicios,Contratación directa,8 Mes(es),0,26384000.0,26384000.0,0.0,No,No,Mujer,244.0,2025-03-05,2025,False,1
CO1.PCCNTR.3115776,Cerrado,2021-12-23,2021-12-23,2022-11-20,Prestación de servicios,Contratación directa,229 Dia(s),0,51523372.0,50770106.0,753266.0,No,No,No definido,332.0,2021-12-23,2021,False,1
CO1.PCCNTR.1553407,Cerrado,2020-05-19,2020-05-19,2021-04-30,Prestación de servicios,Contratación directa,357 Dia(s),0,177518093.0,176517991.0,1000102.0,No,No,No definido,346.0,2020-05-19,2020,False,1
CO1.PCCNTR.97001,Cerrado,2017-01-13,2016-12-29,2017-12-31,Prestación de servicios,Contratación directa (con ofertas),No definido,0,99491540.0,0.0,99491540.0,No,No,No definido,367.0,2017-01-13,2017,False,1
CO1.PCCNTR.1185427,Cerrado,2019-12-24,2019-12-04,2019-12-31,Compraventa,Selección abreviada subasta inversa,Dia(s),0,455418306.84,455418306.0,0.0,No,No,Hombre,27.0,2019-12-24,2019,False,0
CO1.PCCNTR.513694,Cerrado,2018-09-03,2018-08-15,2018-12-31,Prestación de servicios,Mínima cuantía,Dia(s),0,116862000.0,116739000.0,123000.0,Si,No,No definido,138.0,2018-09-03,2018,False,0
CO1.PCCNTR.8727137,Modificado,2025-12-23,2025-12-26,2026-10-31,Prestación de servicios,Contratación directa,307 Dia(s),92,87466667.0,51733333.0,35733334.0,No,No,No definido,309.0,2025-12-23,2025,False,1
CO1.PCCNTR.9087930,En ejecución,2026-01-24,2026-01-29,2026-12-31,Prestación de servicios,Contratación directa,335 Dia(s),0,77634743.0,35225316.0,42409427.0,No,No,No definido,336.0,2026-01-24,2026,False,1
CO1.PCCNTR.82302,Cerrado,2016-11-30,2016-11-10,2017-10-31,Prestación de servicios,Contratación directa (con ofertas),No definido,0,68560568.0,0.0,68560568.0,No,No,No definido,355.0,2016-11-30,2016,False,1
CO1.PCCNTR.4272867,Cerrado,2022-12-12,2022-12-12,2023-08-31,Prestación de servicios,Contratación directa,274 Dia(s),0,73341077.0,72050315.0,1290762.0,No,No,No definido,262.0,2022-12-12,2022,False,1
CO1.PCCNTR.8395280,En ejecución,2025-10-02,2025-10-07,2025-12-31,Prestación de servicios,Contratación directa,119 Dia(s),0,22893000.0,21366800.0,1526200.0,No,No,Hombre,85.0,2025-10-02,2025,False,1
CO1.PCCNTR.9032625,Modificado,2026-01-24,2026-01-27,2026-12-31,Prestación de servicios,Contratación directa,340 Dia(s),0,53550000.0,24255000.0,29295000.0,No,No,Mujer,338.0,2026-01-24,2026,False,1
CO1.PCCNTR.6563325,Cerrado,2024-07-25,2024-07-29,2024-12-31,Prestación de servicios,Contratación directa,156 Dia(s),0,26520000.0,17850000.0,8670000.0,No,No,No definido,155.0,2024-07-25,2024,False,1
CO1.PCCNTR.4921767,Cerrado,2023-05-15,2023-05-15,2023-12-31,Prestación de servicios,Contratación directa,241 Dia(s),0,80783997.0,78789331.0,1994666.0,No,No,No definido,230.0,2023-05-15,2023,False,1
CO1.PCCNTR.2415830,Cerrado,2021-05-03,2021-05-03,2021-12-15,Prestación de servicios,Contratación directa,237 Dia(s),0,128248073.0,128248072.0,0.0,No,No,Hombre,226.0,2021-05-03,2021,False,1
CO1.PCCNTR.122119,Cerrado,2017-04-03,2017-03-08,2017-12-31,Prestación de servicios,Contratación directa (con ofertas),No definido,0,74222286.0,72968531.0,1253755.0,No,No,No definido,298.0,2017-04-03,2017,False,1
CO1.PCCNTR.1598483,Cerrado,2020-06-24,2020-06-24,2021-01-31,Otro,Contratación directa,227 Dia(s),0,3851217821.0,0.0,3851217821.0,No,No,No definido,221.0,2020-06-24,2020,False,1
CO1.PCCNTR.3448318,Cerrado,2022-01-28,2022-01-28,2022-12-31,Prestación de servicios,Contratación directa,339 Dia(s),0,87771793.0,86481032.0,1290761.0,No,No,No definido,337.0,2022-01-28,2022,False,1
CO1.PCCNTR.2736718,Cerrado,2021-08-19,2021-08-19,2022-12-13,Prestación de servicios,Contratación directa,329 Dia(s),0,212258786.0,211418639.0,840147.0,No,No,No definido,481.0,2021-08-19,2021,False,1
CO1.PCCNTR.2932213,Cerrado,2021-12-07,2021-12-07,2021-12-31,Otro,Contratación directa,85 Dia(s),0,8000000000.0,0.0,8000000000.0,No,No,Mujer,24.0,2021-12-07,2021,False,1
CO1.PCCNTR.3115552,Cerrado,2021-12-23,2021-12-23,2022-11-20,Prestación de servicios,Contratación directa,229 Dia(s),0,57224950.0,56402752.0,822198.0,No,No,No definido,332.0,2021-12-23,2021,False,1
CO1.PCCNTR.2247939,Cerrado,2021-03-01,2021-03-01,2021-10-15,Prestación de servicios,Contratación directa,325 Dia(s),0,34972667.0,34136667.0,836000.0,No,No,Mujer,228.0,2021-03-01,2021,False,1
CO1.PCCNTR.4092446,Cerrado,2022-10-18,2022-10-24,2022-12-15,Consultoría,Concurso de méritos abierto,2 Mes(es),0,865260000.0,865260000.0,0.0,Si,No,Mujer,52.0,2022-10-18,2022,False,0
CO1.PCCNTR.1443807,Cerrado,2020-04-08,2020-03-10,2021-02-28,Prestación de servicios,Contratación directa,Dia(s),0,68254667.0,67485600.0,769067.0,No,No,No definido,355.0,2020-04-08,2020,False,1
CO1.PCCNTR.222905,Cerrado,2017-11-14,2017-11-01,2017-12-28,Compraventa,Selección abreviada subasta inversa,No definido,0,1430283540.0,1430283540.0,0.0,Si,No,Mujer,57.0,2017-11-14,2017,False,0
CO1.PCCNTR.3138402,Cerrado,2021-12-31,2021-12-31,2021-12-31,Compraventa,Mínima cuantía,14 Dia(s),0,14544600.0,14544600.0,0.0,Si,No,Hombre,0.0,2021-12-31,2021,False,0
CO1.PCCNTR.9481044,Aprobado,2026-05-08,,2026-08-04,Compraventa,Mínima cuantía,90 Dia(s),0,20938050.0,0.0,20938050.0,No,No,Mujer,,2026-05-08,2026,False,0
CO1.PCCNTR.4272995,Modificado,2022-12-06,2022-12-06,2023-12-31,Prestación de servicios,Contratación directa,275 Dia(s),122,248684800.0,45676800.0,203008000.0,No,No,Mujer,390.0,2022-12-06,2022,False,1
CO1.PCCNTR.94702,Cerrado,2018-06-26,2016-11-18,2017-08-31,Prestación de servicios,Mínima cuantía,No definido,0,25447500.0,0.0,25447500.0,No,No,No definido,286.0,2018-06-26,2018,False,0
CO1.PCCNTR.8347321,En ejecución,2025-10-16,2025-11-21,2026-07-31,Prestación de servicios,Contratación directa,259 Dia(s),0,68511500.0,60227000.0,8284500.0,No,No,Mujer,252.0,2025-10-16,2025,False,1
CO1.PCCNTR.2450755,Cerrado,2021-05-11,2021-05-11,2021-12-28,Prestación de servicios,Mínima cuantía,238 Dia(s),0,29817024.0,20875157.0,8941866.0,Si,No,Hombre,231.0,2021-05-11,2021,False,0
CO1.PCCNTR.1338358,Cerrado,2020-03-03,2020-02-03,2021-05-31,Prestación de servicios,Contratación directa,Dia(s),0,77453500.0,75429200.0,2024300.0,Si,No,No definido,483.0,2020-03-03,2020,False,1
CO1.PCCNTR.2516225,Cerrado,2021-05-27,2021-05-27,2021-11-30,Prestación de servicios,Contratación directa,201 Dia(s),0,51129200.0,49625400.0,1503800.0,No,No,No definido,187.0,2021-05-27,2021,False,1
CO1.PCCNTR.5173832,Cerrado,2023-07-06,2023-07-06,2024-02-29,Prestación de servicios,Contratación directa,185 Dia(s),0,42585192.0,41216993.0,1368199.0,No,No,No definido,238.0,2023-07-06,2023,False,1
CO1.PCCNTR.5243552,Cerrado,2023-07-27,2023-07-27,2023-12-31,Prestación de servicios,Contratación directa,160 Dia(s),0,48797713.0,46714884.0,2082829.0,No,No,Mujer,157.0,2023-07-27,2023,False,1
CO1.PCCNTR.3549921,Cerrado,2022-02-07,2022-02-07,2022-12-31,Prestación de servicios,Contratación directa,333 Dia(s),0,94642507.0,94359146.0,283361.0,No,No,No definido,327.0,2022-02-07,2022,False,1
CO1.PCCNTR.2212579,Cerrado,2021-02-11,2021-02-11,2021-06-30,Prestación de servicios,Contratación directa,148 Dia(s),0,33493169.0,32179711.0,1313458.0,No,No,Mujer,139.0,2021-02-11,2021,False,1
CO1.PCCNTR.7576445,Cerrado,2025-02-28,2025-03-05,2025-12-04,Prestación de servicios,Contratación directa,9 Mes(es),0,74628000.0,49199200.0,25428800.0,No,No,No definido,274.0,2025-02-28,2025,False,1
CO1.PCCNTR.3424624,Cerrado,2022-01-31,2022-01-31,2022-12-31,Prestación de servicios,Contratación directa,340 Dia(s),0,50331481.0,49739346.0,592135.0,No,No,Mujer,334.0,2022-01-31,2022,False,1
CO1.PCCNTR.3344155,Cerrado,2022-02-02,2022-02-02,2022-12-31,Prestación de servicios,Contratación directa,344 Dia(s),0,40156267.0,39689333.0,466934.0,No,No,Hombre,332.0,2022-02-02,2022,False,1
CO1.PCCNTR.8556722,Modificado,2025-11-18,2025-11-24,2025-12-31,Compraventa,Selección abreviada subasta inversa,36 Dia(s),12,365816000.0,365816000.0,0.0,Si,No,Hombre,37.0,2025-11-18,2025,False,0
CO1.PCCNTR.1367816,Cerrado,2020-03-03,2020-02-10,2020-12-31,Prestación de servicios,Contratación directa,No definido,0,81297667.0,79837667.0,1459999.0,No,No,Hombre,325.0,2020-03-03,2020,False,1
CO1.PCCNTR.1266811,Cerrado,2020-01-13,2019-12-30,2022-10-31,Prestación de servicios,Selección abreviada subasta inversa,Dia(s),0,282345575.64,221533345.0,60812230.0,Si,No,Mujer,1036.0,2020-01-13,2020,False,0
CO1.PCCNTR.8586478,Modificado,2025-11-19,2025-11-26,2026-10-31,Prestación de servicios,Contratación directa,339 Dia(s),91,111327200.0,67035733.0,44291467.0,No,No,Hombre,339.0,2025-11-19,2025,False,1
CO1.PCCNTR.299576,Cerrado,2018-02-02,2018-01-18,2018-12-31,Prestación de servicios,Contratación directa,No definido,0,163085716.0,161671678.0,1414038.0,No,No,No definido,347.0,2018-02-02,2018,False,1
CO1.PCCNTR.1197728,Aprobado,2019-12-17,2019-12-05,2020-06-05,Suministros,Selección abreviada subasta inversa,Dia(s),0,125900000.0,125900000.0,0.0,Si,No,Mujer,183.0,2019-12-17,2019,False,0
CO1.PCCNTR.7645833,En ejecución,2025-03-14,2025-03-19,2025-11-18,Prestación de servicios,Contratación directa,8 Mes(es),0,34672000.0,34672000.0,0.0,No,No,Hombre,244.0,2025-03-14,2025,False,1
CO1.PCCNTR.605101,Cerrado,2018-10-25,2018-10-11,2018-12-31,Prestación de servicios,Contratación directa,No definido,0,7740000.0,7110000.0,630000.0,No,No,No definido,81.0,2018-10-25,2018,False,1
CO1.PCCNTR.6731066,Cerrado,2024-09-05,2024-09-10,2024-12-31,Prestación de servicios,Contratación directa,115 Dia(s),0,38666833.0,37321900.0,1344933.0,No,No,No definido,112.0,2024-09-05,2024,False,1
CO1.PCCNTR.4267420,Cerrado,2022-12-12,2022-12-13,2023-10-31,Prestación de servicios,Selección abreviada subasta inversa,11 Mes(es),0,418884760.0,418884760.0,0.0,No,No,Mujer,322.0,2022-12-12,2022,False,0
CO1.PCCNTR.627248,Cerrado,2018-11-19,2018-10-30,2019-09-30,Prestación de servicios,Contratación directa,No definido,0,54365817.0,53397879.0,967938.0,No,No,No definido,335.0,2018-11-19,2018,False,1
CO1.PCCNTR.5524026,Cerrado,2023-11-16,2023-11-16,2024-05-31,Prestación de servicios,Contratación directa,206 Dia(s),0,39854330.0,37876447.0,1977883.0,No,No,Mujer,197.0,2023-11-16,2023,False,1
CO1.PCCNTR.92602,Cerrado,2016-12-26,2016-12-20,2017-11-30,Prestación de servicios,Contratación directa (con ofertas),Dia(s),0,154883515.0,0.0,154883515.0,No,No,No definido,345.0,2016-12-26,2016,False,1
CO1.PCCNTR.6104959,Cerrado,2024-03-18,2024-03-26,2024-11-17,Prestación de servicios,Contratación directa,8 Mes(es),0,85136000.0,85136000.0,0.0,No,No,No definido,236.0,2024-03-18,2024,False,1
CO1.PCCNTR.2248213,Cerrado,2021-02-25,2021-02-25,2021-12-31,Prestación de servicios,Contratación directa,324 Dia(s),0,183600000.0,155236573.0,28363426.0,No,No,No definido,309.0,2021-02-25,2021,False,1
CO1.PCCNTR.2567135,Cerrado,2021-06-25,2021-06-25,2022-07-31,Prestación de servicios,Contratación directa,204 Dia(s),0,634486456.0,634486456.0,0.0,Si,No,Hombre,401.0,2021-06-25,2021,False,1
CO1.PCCNTR.5360150,En ejecución,2023-09-20,2023-09-25,2024-09-21,Prestación de servicios,Selección abreviada subasta inversa,1 Año(s),0,253988840.0,253988840.0,0.0,Si,No,Hombre,362.0,2023-09-20,2023,False,0
CO1.PCCNTR.686112,Cerrado,2018-12-21,2018-12-10,2019-11-29,Prestación de servicios,Contratación directa,No definido,0,38223637.0,37803446.0,420191.0,No,No,No definido,354.0,2018-12-21,2018,False,1
CO1.PCCNTR.880608,Cerrado,2019-04-03,2019-03-06,2019-12-31,Prestación de servicios,Contratación directa,No definido,0,89296667.0,87516667.0,1780000.0,No,No,No definido,300.0,2019-04-03,2019,False,1
CO1.PCCNTR.8714642,En ejecución,2025-12-24,2025-12-30,2026-07-31,Prestación de servicios,Contratación directa,217 Dia(s),0,52438000.0,42306667.0,10131333.0,No,No,Hombre,213.0,2025-12-24,2025,False,1
CO1.PCCNTR.7374684,En ejecución,2025-02-13,2025-02-17,2025-10-16,Prestación de servicios,Contratación directa,8 Mes(es),0,78424000.0,77770467.0,653533.0,No,No,Hombre,241.0,2025-02-13,2025,False,1
CO1.PCCNTR.5480452,Cerrado,2023-11-16,2023-11-16,2024-12-15,Prestación de servicios,Mínima cuantía,395 Dia(s),0,17992800.0,17992800.0,0.0,Si,No,Hombre,395.0,2023-11-16,2023,False,0
CO1.PCCNTR.4358138,Cerrado,2023-01-11,2023-01-11,2023-08-31,Prestación de servicios,Contratación directa,246 Dia(s),0,23403429.0,23212380.0,191049.0,No,No,Mujer,232.0,2023-01-11,2023,False,1
CO1.PCCNTR.5020178,Cerrado,2023-06-05,2023-06-05,2024-03-31,Prestación de servicios,Contratación directa,215 Dia(s),0,166657866.0,163925770.0,2732096.0,No,No,No definido,300.0,2023-06-05,2023,False,1
CO1.PCCNTR.163202,Cerrado,2017-07-14,2017-06-28,2018-09-28,Prestación de servicios,Contratación directa (con ofertas),No definido,0,211411200.0,174942768.0,36468432.0,No,No,Mujer,457.0,2017-07-14,2017,False,1
CO1.PCCNTR.8558180,Modificado,2025-11-11,2025-11-13,2026-10-31,Prestación de servicios,Contratación directa,352 Dia(s),92,77308000.0,46866720.0,30441280.0,No,No,Mujer,352.0,2025-11-11,2025,False,1
CO1.PCCNTR.4209980,Cerrado,2022-11-25,2022-11-25,2023-08-31,Prestación de servicios,Contratación directa,294 Dia(s),0,56083500.0,54195167.0,1888333.0,No,No,Hombre,279.0,2022-11-25,2022,False,1
CO1.PCCNTR.189901,Cerrado,2017-09-18,2017-08-28,2017-12-31,Prestación de servicios,Contratación directa (con ofertas),No definido,0,5633333.0,5330000.0,303333.0,No,No,Mujer,125.0,2017-09-18,2017,False,1
CO1.PCCNTR.8493838,Modificado,2025-10-31,2025-11-18,2026-10-31,Prestación de servicios,Contratación directa,345 Dia(s),92,51719067.0,33516267.0,18202800.0,No,No,Hombre,347.0,2025-10-31,2025,False,1
CO1.PCCNTR.9049070,En ejecución,2026-01-23,2026-01-23,2026-09-30,Prestación de servicios,Contratación directa,245 Dia(s),0,98000000.0,63200000.0,34800000.0,No,No,Mujer,250.0,2026-01-23,2026,False,1
CO1.PCCNTR.306910,Cerrado,2018-01-28,2018-01-19,2018-12-31,Prestación de servicios,Contratación directa,No definido,0,55178000.0,54708001.0,469999.0,No,No,No definido,346.0,2018-01-28,2018,False,1
CO1.PCCNTR.2336390,Cerrado,2021-03-23,2021-03-23,2021-12-15,Prestación de servicios,Contratación directa,237 Dia(s),0,128790992.0,127415999.0,1374993.0,No,No,No definido,267.0,2021-03-23,2021,False,1
CO1.PCCNTR.616181,Cerrado,2018-11-08,2018-10-22,2018-12-31,Prestación de servicios,Contratación directa,No definido,0,30633136.0,28563330.0,2069806.0,No,No,Mujer,70.0,2018-11-08,2018,False,1
CO1.PCCNTR.2360455,Cerrado,2021-04-06,2021-04-06,2021-12-15,Prestación de servicios,Contratación directa,229 Dia(s),0,36127505.0,34713262.0,1414243.0,No,No,No definido,253.0,2021-04-06,2021,False,1
CO1.PCCNTR.2393766,Cerrado,2021-04-14,2021-04-14,2021-11-30,Prestación de servicios,Contratación directa,249 Dia(s),0,32003821.0,8388098.0,23615723.0,No,No,Mujer,230.0,2021-04-14,2021,False,1
CO1.PCCNTR.4711743,Cerrado,2023-03-02,2023-03-02,2023-07-01,Prestación de servicios,Contratación directa,4 Mes(es),0,26269152.0,26269152.0,0.0,No,No,Mujer,121.0,2023-03-02,2023,False,1
CO1.PCCNTR.2055839,Cerrado,2020-12-17,2020-12-17,2022-05-25,Prestación de servicios,Contratación directa,354 Dia(s),0,252830667.0,252349999.0,480667.0,No,No,No definido,524.0,2020-12-17,2020,False,1
CO1.PCCNTR.2217655,Cerrado,2021-02-20,2021-02-20,2021-11-16,Prestación de servicios,Contratación directa,331 Dia(s),0,111166666.0,108100000.0,3066666.0,No,No,Mujer,269.0,2021-02-20,2021,False,1
CO1.PCCNTR.9115231,En ejecución,2026-01-28,2026-01-30,2026-12-31,Prestación de servicios,Contratación directa,338 Dia(s),0,157616400.0,69590867.0,88025533.0,No,No,Mujer,335.0,2026-01-28,2026,False,1
CO1.PCCNTR.8640192,Modificado,2025-12-05,2025-12-11,2026-10-31,Prestación de servicios,Contratación directa,326 Dia(s),91,195831742.0,120025907.0,75805835.0,No,No,No definido,324.0,2025-12-05,2025,False,1
CO1.PCCNTR.5468371,Cerrado,2023-10-23,2023-10-23,2024-06-30,Prestación de servicios,Contratación directa,256 Dia(s),0,89333407.0,88300252.0,1033155.0,No,No,No definido,251.0,2023-10-23,2023,False,1
CO1.PCCNTR.126810,Cerrado,2017-04-03,2017-03-22,2017-12-31,Prestación de servicios,Contratación directa (con ofertas),No definido,0,122286407.0,122286407.0,0.0,No,No,No definido,284.0,2017-04-03,2017,False,1
CO1.PCCNTR.7319774,Modificado,2025-01-24,2025-01-29,2025-12-31,Prestación de servicios,Contratación directa,332 Dia(s),95,97353467.0,97353467.0,0.0,No,No,No definido,336.0,2025-01-24,2025,False,1
CO1.PCCNTR.5897747,Cerrado,2024-02-07,2024-02-13,2024-12-31,Prestación de servicios,Contratación directa,8 Mes(es),0,43672000.0,43534667.0,137333.0,No,No,Hombre,322.0,2024-02-07,2024,False,1
CO1.PCCNTR.8595540,En ejecución,2025-11-21,2025-11-27,2025-12-10,Compraventa,Mínima cuantía,10 Dia(s),0,32481000.0,32481000.0,0.0,Si,No,Hombre,13.0,2025-11-21,2025,False,0
CO1.PCCNTR.4755407,Cerrado,2023-03-17,2023-03-17,2023-12-31,Prestación de servicios,Contratación directa,297 Dia(s),0,50473606.0,49443533.0,1030073.0,No,No,No definido,289.0,2023-03-17,2023,False,1
CO1.PCCNTR.71804,Cerrado,2016-10-17,2016-10-07,2017-07-31,Prestación de servicios,Contratación directa (con ofertas),No definido,0,58833120.0,0.0,58833120.0,No,No,No definido,297.0,2016-10-17,2016,False,1
CO1.PCCNTR.8500970,En ejecución,2025-11-04,2025-11-25,2026-07-31,Prestación de servicios,Contratación directa,246 Dia(s),0,82771882.0,72606914.0,10164968.0,No,No,No definido,248.0,2025-11-04,2025,False,1
CO1.PCCNTR.1988593,Cerrado,2020-12-02,2020-12-02,2021-04-30,Prestación de servicios,Contratación directa,353 Dia(s),0,58315212.0,56019337.0,2295875.0,No,No,Hombre,149.0,2020-12-02,2020,False,1
CO1.PCCNTR.5838880,Cerrado,2024-01-29,2024-02-01,2024-09-29,Prestación de servicios,Contratación directa,8 Mes(es),0,70328000.0,70328000.0,0.0,No,No,No definido,241.0,2024-01-29,2024,False,1
CO1.PCCNTR.6976520,Modificado,2024-10-31,2024-10-31,2026-10-31,Servicios financieros,Contratación directa,24 Mes(es),123,9380107394.0,0.0,9380107394.0,No,No,No definido,730.0,2024-10-31,2024,False,1
CO1.PCCNTR.1446016,Cerrado,2020-04-08,2020-03-13,2021-02-28,Prestación de servicios,Contratación directa,Dia(s),0,44312141.0,43438381.0,873760.0,No,No,No definido,352.0,2020-04-08,2020,False,1
CO1.PCCNTR.7544303,Cerrado,2025-02-24,2025-02-26,2025-10-25,Prestación de servicios,Contratación directa,8 Mes(es),0,73984000.0,73367467.0,616533.0,No,No,No definido,241.0,2025-02-24,2025,False,1
CO1.PCCNTR.3322162,Cerrado,2022-01-28,2022-01-28,2022-12-31,Prestación de servicios,Contratación directa,346 Dia(s),0,182493410.0,181432402.0,1061008.0,No,No,Mujer,337.0,2022-01-28,2022,False,1
CO1.PCCNTR.62203,Cerrado,2016-10-18,2016-08-30,2016-11-30,Compraventa,Mínima cuantía,Dia(s),0,14040000.0,0.0,14040000.0,Si,No,Mujer,92.0,2016-10-18,2016,False,0
CO1.PCCNTR.3552316,Cerrado,2022-02-07,2022-02-07,2023-02-28,Prestación de servicios,Contratación directa,334 Dia(s),0,550024419.0,547624419.0,2400000.0,No,No,Hombre,386.0,2022-02-07,2022,False,1
CO1.PCCNTR.8729132,Modificado,2025-12-24,2025-12-29,2026-10-31,Prestación de servicios,Contratación directa,307 Dia(s),92,68104800.0,40148200.0,27956600.0,No,No,No definido,306.0,2025-12-24,2025,False,1
CO1.PCCNTR.135911,Cerrado,2017-05-02,2017-04-19,2018-03-28,Prestación de servicios,Contratación directa (con ofertas),Dia(s),0,46384078.0,24508957.0,21875120.0,No,No,Mujer,343.0,2017-05-02,2017,False,1
CO1.PCCNTR.693650,Cerrado,2018-12-26,2018-12-14,2019-10-31,Prestación de servicios,Contratación directa,No definido,0,66882793.0,64087691.0,2795102.0,No,No,No definido,321.0,2018-12-26,2018,False,1
CO1.PCCNTR.798408,Cerrado,2019-02-26,2019-02-01,2019-12-31,Prestación de servicios,Contratación directa,No definido,0,96646643.0,93804095.0,2842548.0,No,No,Hombre,333.0,2019-02-26,2019,False,1
CO1.PCCNTR.1317351,Cerrado,2020-02-03,2020-01-24,2021-05-31,Prestación de servicios,Contratación directa,Dia(s),0,83015149.0,82356951.0,658198.0,No,No,No definido,493.0,2020-02-03,2020,False,1
CO1.PCCNTR.116512,Cerrado,2017-03-14,2017-02-24,2017-12-31,Prestación de servicios,Contratación directa (con ofertas),Dia(s),0,172568734.0,156982718.0,15586016.0,No,No,No definido,310.0,2017-03-14,2017,False,1
CO1.PCCNTR.827718,Cerrado,2019-03-24,2019-02-12,2019-12-31,Prestación de servicios,Contratación directa,No definido,0,181280044.0,173750437.0,7529607.0,No,No,No definido,322.0,2019-03-24,2019,False,1
CO1.PCCNTR.616965,Cerrado,2018-11-23,2018-10-22,2018-12-31,Prestación de servicios,Contratación directa,No definido,0,6660000.0,6210000.0,450000.0,No,No,Hombre,70.0,2018-11-23,2018,False,1
CO1.PCCNTR.7489562,En ejecución,2025-02-17,2025-02-20,2025-10-19,Prestación de servicios,Contratación directa,8 Mes(es),0,70400000.0,69813333.0,586667.0,No,No,No definido,241.0,2025-02-17,2025,False,1
CO1.PCCNTR.4661845,Cerrado,2023-02-23,2023-02-23,2023-06-20,Prestación de servicios,Contratación directa,4 Mes(es),0,35152872.0,34566990.0,585882.0,No,No,No definido,117.0,2023-02-23,2023,False,1
CO1.PCCNTR.3131171,Cerrado,2021-12-23,2021-12-23,2022-11-22,Prestación de servicios,Contratación directa,266 Dia(s),0,72796528.0,72796528.0,0.0,No,No,No definido,334.0,2021-12-23,2021,False,1
CO1.PCCNTR.846811,Cerrado,2019-03-15,2019-02-19,2019-12-31,Prestación de servicios,Contratación directa,No definido,0,78179089.0,72506789.0,5672300.0,No,No,No definido,315.0,2019-03-15,2019,False,1
CO1.PCCNTR.256315,Cerrado,2017-12-26,2017-12-18,2017-12-26,Compraventa,Mínima cuantía,No definido,0,23989428.0,0.0,23989428.0,Si,No,Hombre,8.0,2017-12-26,2017,False,0
CO1.PCCNTR.7642614,En ejecución,2025-03-13,2025-03-17,2025-09-30,Prestación de servicios,Contratación directa,194 Dia(s),0,81480000.0,81480000.0,0.0,No,No,Hombre,197.0,2025-03-13,2025,False,1
CO1.PCCNTR.108965,Cerrado,2017-02-15,2017-02-02,2018-06-18,Prestación de servicios,Contratación directa (con ofertas),No definido,0,105106508.0,102411469.0,2695039.0,No,No,No definido,501.0,2017-02-15,2017,False,1
CO1.PCCNTR.2194184,Cerrado,2021-02-20,2021-02-20,2021-12-15,Prestación de servicios,Contratación directa,336 Dia(s),0,141131318.0,139808212.0,1323106.0,No,No,No definido,298.0,2021-02-20,2021,False,1
CO1.PCCNTR.114328,Cerrado,2017-03-21,2017-02-14,2017-12-31,Prestación de servicios,Contratación directa (con ofertas),No definido,0,85402450.0,83280650.0,2121800.0,No,No,Mujer,320.0,2017-03-21,2017,False,1
CO1.PCCNTR.2302166,Cerrado,2021-03-23,2021-03-23,2021-12-31,Prestación de servicios,Contratación directa,309 Dia(s),0,35003237.0,35003237.0,0.0,Si,No,Mujer,283.0,2021-03-23,2021,False,1
CO1.PCCNTR.5947978,Cerrado,2024-02-15,2024-02-20,2024-12-31,Prestación de servicios,Contratación directa,8 Mes(es),0,52413825.0,52245292.0,168533.0,No,No,Mujer,315.0,2024-02-15,2024,False,1
CO1.PCCNTR.1615486,Cerrado,2020-07-07,2020-07-07,2021-04-30,Prestación de servicios,Contratación directa,329 Dia(s),0,62082300.0,60777267.0,1305033.0,No,No,No definido,297.0,2020-07-07,2020,False,1
CO1.PCCNTR.2218396,Cerrado,2021-02-20,2021-02-20,2021-12-15,Prestación de servicios,Contratación directa,331 Dia(s),0,29133207.0,28402593.0,730614.0,No,No,No definido,298.0,2021-02-20,2021,False,1
CO1.PCCNTR.8559594,Modificado,2025-11-12,2025-11-19,2026-10-31,Prestación de servicios,Contratación directa,346 Dia(s),91,99485200.0,61777100.0,37708100.0,No,No,No definido,346.0,2025-11-12,2025,False,1
CO1.PCCNTR.1445577,Cerrado,2020-04-08,2020-03-12,2021-02-28,Prestación de servicios,Contratación directa,Dia(s),0,177518093.0,174517787.0,3000306.0,No,No,No definido,353.0,2020-04-08,2020,False,1
CO1.PCCNTR.5136487,Cerrado,2023-06-29,2023-06-29,2023-12-31,Prestación de servicios,Contratación directa,188 Dia(s),0,27528041.0,26519159.0,1008882.0,No,No,Hombre,185.0,2023-06-29,2023,False,1
CO1.PCCNTR.7978667,Cerrado,2025-06-13,2025-06-18,2025-10-31,Prestación de servicios,Contratación directa,132 Dia(s),0,28116000.0,27699467.0,416533.0,No,No,No definido,135.0,2025-06-13,2025,False,1
CO1.PCCNTR.2175416,Cerrado,2021-02-05,2021-02-05,2021-10-31,Prestación de servicios,Contratación directa,340 Dia(s),0,33827425.0,31896425.0,1931000.0,No,No,No definido,268.0,2021-02-05,2021,False,1
CO1.PCCNTR.1309501,Cerrado,2020-02-03,2020-01-22,2020-12-31,Prestación de servicios,Contratación directa,No definido,0,89915608.0,4937562.0,84978046.0,Si,No,No definido,344.0,2020-02-03,2020,False,1
CO1.PCCNTR.311766,Terminado,2018-02-02,2018-01-23,2018-11-15,Prestación de servicios,Contratación directa,Dia(s),0,61474129.0,0.0,61474129.0,No,No,No definido,296.0,2018-02-02,2018,False,1
CO1.PCCNTR.265601,Cerrado,2018-01-10,2017-12-26,2018-07-31,Prestación de servicios,Contratación directa,No definido,0,99934033.0,96363366.0,3570666.0,No,No,No definido,217.0,2018-01-10,2018,False,1
CO1.PCCNTR.307973,Cerrado,2018-01-28,2018-01-22,2018-12-31,Prestación de servicios,Contratación directa,No definido,0,32940945.0,32368059.0,572886.0,No,No,Mujer,343.0,2018-01-28,2018,False,1
CO1.PCCNTR.2512701,Cerrado,2021-06-10,2021-06-10,2021-12-15,Prestación de servicios,Contratación directa,202 Dia(s),0,113311551.0,110221236.0,3090315.0,No,No,No definido,188.0,2021-06-10,2021,False,1
CO1.PCCNTR.183010,Cerrado,2017-09-05,2017-08-08,2017-11-30,Prestación de servicios,Contratación directa (con ofertas),No definido,0,28840000.0,27157667.0,1682333.0,No,No,No definido,114.0,2017-09-05,2017,False,1
CO1.PCCNTR.301607,Cerrado,2018-02-02,2018-01-26,2018-12-31,Suministros,Contratación directa (con ofertas),No definido,0,29114727.0,29114727.0,0.0,Si,No,Mujer,339.0,2018-02-02,2018,False,1
CO1.PCCNTR.193306,Cerrado,2017-09-22,2017-09-06,2017-12-31,Otro,Contratación directa (con ofertas),No definido,0,200000000.0,0.0,200000000.0,No,No,No definido,116.0,2017-09-22,2017,False,1
CO1.PCCNTR.5372471,Cerrado,2023-09-13,2023-09-13,2024-06-30,Prestación de servicios,Contratación directa,292 Dia(s),0,70093333.0,68693333.0,1400000.0,No,No,No definido,291.0,2023-09-13,2023,False,1
CO1.PCCNTR.6348627,Cerrado,2024-05-21,2024-05-23,2024-12-31,Prestación de servicios,Contratación directa,220 Dia(s),0,44000000.0,12000000.0,32000000.0,No,No,Hombre,222.0,2024-05-21,2024,False,1
CO1.PCCNTR.3457100,Cerrado,2022-02-02,2022-02-02,2022-12-31,Prestación de servicios,Contratación directa,340 Dia(s),0,47155747.0,47015819.0,139928.0,No,No,Hombre,332.0,2022-02-02,2022,False,1
CO1.PCCNTR.246275,Cerrado,2017-12-14,2017-12-07,2018-07-31,Prestación de servicios,Contratación directa (con ofertas),No definido,0,36591339.0,36128157.0,463182.0,No,No,Hombre,236.0,2017-12-14,2017,False,1
CO1.PCCNTR.2175059,Cerrado,2021-02-11,2021-02-11,2021-12-24,Prestación de servicios,Contratación directa,333 Dia(s),0,95561200.0,93854750.0,1706450.0,No,No,No definido,316.0,2021-02-11,2021,False,1
CO1.PCCNTR.3899140,Cerrado,2022-08-18,2022-08-18,2022-09-15,Prestación de servicios,Contratación directa,38 Dia(s),0,11100550.0,9809789.0,1290761.0,No,No,No definido,28.0,2022-08-18,2022,False,1
CO1.PCCNTR.5116596,Cerrado,2023-06-29,2023-06-29,2023-12-31,Prestación de servicios,Contratación directa,192 Dia(s),0,37927175.0,35982192.0,1944983.0,No,No,No definido,185.0,2023-06-29,2023,False,1
CO1.PCCNTR.7924674,En ejecución,2025-06-05,2025-06-09,2026-08-31,Prestación de servicios,Contratación directa,454 Dia(s),0,168809581.0,155244525.0,13565055.0,No,No,No definido,448.0,2025-06-05,2025,False,1
CO1.PCCNTR.6305038,Cerrado,2024-05-09,2024-05-15,2024-07-31,Prestación de servicios,Contratación directa,83 Dia(s),0,18462567.0,16507707.0,1954860.0,No,No,No definido,77.0,2024-05-09,2024,False,1
CO1.PCCNTR.8501373,Modificado,2025-10-30,2025-11-26,2026-10-31,Prestación de servicios,Contratación directa,335 Dia(s),92,172114977.0,110153585.0,61961392.0,No,No,Hombre,339.0,2025-10-30,2025,False,1
CO1.PCCNTR.4761300,Cerrado,2023-03-17,2023-03-17,2023-12-31,Prestación de servicios,Contratación directa,293 Dia(s),0,73208179.0,72699789.0,508390.0,No,No,No definido,289.0,2023-03-17,2023,False,1
CO1.PCCNTR.696967,Cerrado,2019-01-24,2018-12-19,2019-11-29,Prestación de servicios,Contratación directa,No definido,0,194596360.0,194596360.0,0.0,No,No,Mujer,345.0,2019-01-24,2019,False,1
CO1.PCCNTR.8602418,Modificado,2025-11-20,2025-11-26,2026-10-31,Prestación de servicios,Contratación directa,339 Dia(s),91,121557200.0,73195733.0,48361467.0,No,No,Hombre,339.0,2025-11-20,2025,False,1
CO1.PCCNTR.3421378,Cerrado,2022-02-02,2022-02-02,2022-12-31,Prestación de servicios,Contratación directa,341 Dia(s),0,102608600.0,99398433.0,3210166.0,No,No,No definido,332.0,2022-02-02,2022,False,1
CO1.PCCNTR.122516,Cerrado,2017-04-03,2017-03-08,2017-12-31,Prestación de servicios,Contratación directa (con ofertas),No definido,0,24997595.0,24659789.0,337806.0,No,No,No definido,298.0,2017-04-03,2017,False,1
CO1.PCCNTR.915603,Cerrado,2019-05-31,2019-04-30,2019-11-30,Prestación de servicios,Mínima cuantía,Dia(s),0,74160000.0,24383392.0,49776608.0,Si,No,Hombre,214.0,2019-05-31,2019,False,0
CO1.PCCNTR.7719925,En ejecución,2025-04-01,2025-04-07,2025-09-30,Prestación de servicios,Contratación directa,181 Dia(s),0,39966027.0,37793960.0,2172067.0,No,No,No definido,176.0,2025-04-01,2025,False,1
CO1.PCCNTR.5620680,Cerrado,2023-12-15,2023-12-15,2023-12-20,Compraventa,Selección abreviada subasta inversa,8 Dia(s),0,578662000.0,578662000.0,0.0,Si,No,Mujer,5.0,2023-12-15,2023,False,0
CO1.PCCNTR.3454967,Cerrado,2022-02-02,2022-02-02,2022-12-31,Prestación de servicios,Contratación directa,340 Dia(s),0,180371394.0,178249378.0,2122016.0,No,No,No definido,332.0,2022-02-02,2022,False,1
CO1.PCCNTR.2208305,Cerrado,2021-03-24,2021-03-24,2021-09-30,Prestación de servicios,Contratación directa,333 Dia(s),0,47692247.0,46718936.0,973311.0,No,No,No definido,190.0,2021-03-24,2021,False,1
CO1.PCCNTR.6608929,Terminado,2024-08-08,2024-08-12,2024-12-31,Prestación de servicios,Contratación directa,142 Dia(s),0,40399000.0,20484000.0,19915000.0,No,No,Hombre,141.0,2024-08-08,2024,False,1
CO1.PCCNTR.8728059,En ejecución,2025-12-24,2025-12-26,2025-12-31,Compraventa,Contratación directa,17 Dia(s),0,1186384060.0,1186384060.0,0.0,No,No,Hombre,5.0,2025-12-24,2025,False,1
CO1.PCCNTR.411835,Cerrado,2018-05-15,2018-05-02,2018-11-30,Suministros,Mínima cuantía,No definido,0,79000000.0,74611601.0,4388399.0,No,No,No definido,212.0,2018-05-15,2018,False,0
CO1.PCCNTR.2336865,Cerrado,2021-03-17,2021-03-23,2021-12-15,Prestación de servicios,Contratación directa,236 Dia(s),0,38174543.0,37631133.0,543410.0,No,No,No definido,267.0,2021-03-17,2021,False,1
CO1.PCCNTR.2479729,Cerrado,2021-05-14,2021-05-14,2021-11-30,Prestación de servicios,Contratación directa,215 Dia(s),0,31827260.0,31383159.0,444101.0,No,No,No definido,200.0,2021-05-14,2021,False,1
CO1.PCCNTR.8672643,Modificado,2025-12-11,2025-12-16,2026-10-31,Prestación de servicios,Contratación directa,329 Dia(s),120,47887252.0,28564326.0,19322926.0,No,No,No definido,319.0,2025-12-11,2025,False,1
CO1.PCCNTR.4120565,Cerrado,2022-11-24,2022-11-24,2022-12-31,Prestación de servicios,Contratación directa,80 Dia(s),0,32200000.0,30283333.0,1916667.0,No,No,Hombre,37.0,2022-11-24,2022,False,1
CO1.PCCNTR.5031319,Cerrado,2023-06-14,2023-06-14,2023-12-31,Prestación de servicios,Contratación directa,213 Dia(s),0,87868474.0,87452036.0,416438.0,No,No,Mujer,200.0,2023-06-14,2023,False,1
CO1.PCCNTR.6614691,Cerrado,2024-08-08,2024-08-12,2024-12-31,Prestación de servicios,Contratación directa,139 Dia(s),0,20604433.0,20604433.0,0.0,No,No,Mujer,141.0,2024-08-08,2024,False,1
CO1.PCCNTR.108968,Cerrado,2017-02-15,2017-02-02,2018-07-18,Prestación de servicios,Contratación directa (con ofertas),No definido,0,111170330.0,108319809.0,2850521.0,No,No,No definido,531.0,2017-02-15,2017,False,1
CO1.PCCNTR.1552200,Cerrado,2020-05-19,2020-05-19,2021-04-30,Prestación de servicios,Contratación directa,358 Dia(s),0,48227626.0,48091773.0,135853.0,No,No,No definido,346.0,2020-05-19,2020,False,1
CO1.PCCNTR.5200429,Cerrado,2023-07-14,2023-07-14,2023-12-31,Prestación de servicios,Contratación directa,177 Dia(s),0,19626650.0,18141390.0,1485260.0,No,No,Hombre,170.0,2023-07-14,2023,False,1
CO1.PCCNTR.7531712,Cerrado,2025-02-21,2025-02-26,2025-10-25,Prestación de servicios,Contratación directa,8 Mes(es),0,82424000.0,81737133.0,686867.0,No,No,No definido,241.0,2025-02-21,2025,False,1
CO1.PCCNTR.1326241,Cerrado,2020-02-11,2020-01-29,2020-12-31,Prestación de servicios,Contratación directa,Dia(s),0,114347189.0,111329228.0,3017961.0,No,No,No definido,337.0,2020-02-11,2020,False,1
CO1.PCCNTR.797419,Cerrado,2019-03-12,2019-02-01,2019-12-31,Prestación de servicios,Contratación directa,No definido,0,45598964.0,44257818.0,1341146.0,No,No,No definido,333.0,2019-03-12,2019,False,1
CO1.PCCNTR.1442993,Cerrado,2020-04-08,2020-03-10,2021-02-28,Prestación de servicios,Contratación directa,Dia(s),0,152007344.0,150294585.0,1712759.0,No,No,No definido,355.0,2020-04-08,2020,False,1
CO1.PCCNTR.2340884,Cerrado,2021-03-26,2021-03-26,2021-12-15,Prestación de servicios,Contratación directa,265 Dia(s),0,144729753.0,142154490.0,2575262.0,No,No,No definido,264.0,2021-03-26,2021,False,1
CO1.PCCNTR.9070233,Terminado,2026-01-23,2026-01-23,2026-10-31,Prestación de servicios,Contratación directa,278 Dia(s),0,470764000.0,314902000.0,155862000.0,No,No,Hombre,281.0,2026-01-23,2026,False,1
CO1.PCCNTR.2213415,Cerrado,2021-02-11,2021-02-11,2021-10-31,Prestación de servicios,Contratación directa,332 Dia(s),0,67620825.0,65893286.0,1727539.0,No,No,No definido,262.0,2021-02-11,2021,False,1
CO1.PCCNTR.4218565,Cerrado,2022-11-25,2022-11-25,2023-12-31,Prestación de servicios,Contratación directa,289 Dia(s),0,130808970.0,126671460.0,4137510.0,No,No,No definido,401.0,2022-11-25,2022,False,1
CO1.PCCNTR.3343935,Cerrado,2022-02-03,2022-02-03,2022-12-31,Prestación de servicios,Contratación directa,344 Dia(s),0,45289236.0,45024387.0,264849.0,No,No,No definido,331.0,2022-02-03,2022,False,1
CO1.PCCNTR.2055729,Cerrado,2021-01-19,2021-01-19,2021-12-31,Prestación de servicios,Contratación directa,355 Dia(s),0,86964423.0,84957552.0,2006871.0,No,No,No definido,346.0,2021-01-19,2021,False,1
CO1.PCCNTR.1445493,Cerrado,2020-04-08,2020-03-12,2021-02-28,Prestación de servicios,Contratación directa,Dia(s),0,94818630.0,93216062.0,1602568.0,No,No,Mujer,353.0,2020-04-08,2020,False,1
CO1.PCCNTR.6521799,Cerrado,2024-07-17,2024-07-22,2025-03-25,Prestación de servicios,Contratación directa,246 Dia(s),0,40562000.0,38812267.0,1749733.0,No,No,Hombre,246.0,2024-07-17,2024,False,1
CO1.PCCNTR.226453,Cerrado,2018-04-23,2017-11-14,2017-12-29,Compraventa,Selección abreviada subasta inversa,No definido,0,188500000.0,188500000.0,0.0,Si,No,Hombre,45.0,2018-04-23,2018,False,0
CO1.PCCNTR.5508289,En ejecución,2023-11-07,2023-11-07,2024-11-01,Prestación de servicios,Contratación directa,366 Dia(s),0,188174700.0,188174700.0,0.0,Si,No,Mujer,360.0,2023-11-07,2023,False,1
CO1.PCCNTR.5059741,Cerrado,2023-06-10,2023-06-10,2023-12-31,Prestación de servicios,Contratación directa,206 Dia(s),0,56562193.0,54938398.0,1623795.0,No,No,Hombre,204.0,2023-06-10,2023,False,1
CO1.PCCNTR.1980711,Cerrado,2020-11-19,2020-11-19,2020-12-28,Prestación de servicios,Mínima cuantía,53 Dia(s),0,85742515.0,85742514.0,0.0,Si,No,No definido,39.0,2020-11-19,2020,False,0
CO1.PCCNTR.9268903,En ejecución,2026-01-30,2026-01-30,2026-12-29,Prestación de servicios,Contratación directa,11 Mes(es),0,173250000.0,63525000.0,109725000.0,No,No,No definido,333.0,2026-01-30,2026,False,1
CO1.PCCNTR.804364,Cerrado,2019-03-06,2019-02-01,2019-12-31,Prestación de servicios,Contratación directa,No definido,0,86751533.0,84200017.0,2551516.0,No,No,No definido,333.0,2019-03-06,2019,False,1
CO1.PCCNTR.3134719,Cerrado,2021-12-23,2021-12-23,2022-11-30,Prestación de servicios,Contratación directa,223 Dia(s),0,67158471.0,65601172.0,1557299.0,No,No,Mujer,342.0,2021-12-23,2021,False,1
CO1.PCCNTR.8642260,Modificado,2025-12-01,2025-12-05,2026-12-24,Prestación de servicios,Contratación directa,382 Dia(s),146,164346040.0,88846866.0,75499174.0,No,No,Mujer,384.0,2025-12-01,2025,False,1
CO1.PCCNTR.5352081,Cerrado,2023-09-05,2023-09-05,2023-12-31,Prestación de servicios,Contratación directa,118 Dia(s),0,22660000.0,22093500.0,566500.0,No,No,Hombre,117.0,2023-09-05,2023,False,1
CO1.PCCNTR.6536218,Cerrado,2024-07-17,2024-07-19,2024-12-31,Prestación de servicios,Contratación directa,165 Dia(s),0,44266667.0,29333333.0,14933334.0,No,No,Hombre,165.0,2024-07-17,2024,False,1
CO1.PCCNTR.509522,Cerrado,2018-10-18,2018-08-02,2018-10-01,Prestación de servicios,Contratación directa,No definido,0,9000000.0,9000000.0,0.0,No,No,No definido,60.0,2018-10-18,2018,False,1
CO1.PCCNTR.6691693,Cerrado,2024-08-29,2024-09-02,2024-12-31,Prestación de servicios,Contratación directa,123 Dia(s),0,16375400.0,15842867.0,532533.0,No,No,Hombre,120.0,2024-08-29,2024,False,1
CO1.PCCNTR.121724,Cerrado,2017-03-30,2017-03-10,2017-12-31,Prestación de servicios,Contratación directa (con ofertas),No definido,0,135454770.0,131793830.0,3660940.0,No,No,Mujer,296.0,2017-03-30,2017,False,1
CO1.PCCNTR.450044,Cerrado,2018-07-12,2018-06-18,2018-11-30,Prestación de servicios,Contratación directa,No definido,0,46333538.0,45765028.0,568510.0,No,No,No definido,165.0,2018-07-12,2018,False,1
CO1.PCCNTR.637442,Cerrado,2018-11-23,2018-11-06,2019-10-31,Prestación de servicios,Contratación directa,No definido,0,43050000.0,42226333.0,823667.0,No,No,No definido,359.0,2018-11-23,2018,False,1
CO1.PCCNTR.8375376,Modificado,2025-10-03,2025-11-05,2026-07-31,Prestación de servicios,Contratación directa,267 Dia(s),0,117679470.0,82619844.0,35059626.0,No,No,Hombre,268.0,2025-10-03,2025,False,1
CO1.PCCNTR.5969654,Cerrado,2024-02-20,2024-02-23,2024-12-31,Prestación de servicios,Contratación directa,308 Dia(s),0,55362117.0,55182370.0,179747.0,No,No,No definido,312.0,2024-02-20,2024,False,1
CO1.PCCNTR.4348687,Cerrado,2022-12-30,2022-12-30,2023-09-30,Prestación de servicios,Contratación directa,186 Dia(s),0,28840000.0,28325000.0,515000.0,No,No,Hombre,274.0,2022-12-30,2022,False,1
CO1.PCCNTR.94901,Cerrado,2016-12-28,2016-12-21,2017-12-31,Prestación de servicios,Contratación directa (con ofertas),No definido,0,78000440.0,0.0,78000440.0,No,No,No definido,375.0,2016-12-28,2016,False,1
CO1.PCCNTR.4669656,Cerrado,2023-02-23,2023-02-23,2023-06-21,Prestación de servicios,Contratación directa,4 Mes(es),0,22660000.0,22282334.0,377666.0,No,No,No definido,118.0,2023-02-23,2023,False,1
CO1.PCCNTR.685012,Cerrado,2019-01-03,2018-12-07,2019-11-30,Prestación de servicios,Contratación directa,No definido,0,104459549.0,103304023.0,1155526.0,No,No,No definido,358.0,2019-01-03,2019,False,1
CO1.PCCNTR.804104,Cerrado,2019-02-26,2019-02-01,2019-12-31,Prestación de servicios,Contratación directa,No definido,0,164094392.0,160210501.0,3883891.0,No,No,Mujer,333.0,2019-02-26,2019,False,1
CO1.PCCNTR.246471,Cerrado,2017-12-13,2017-12-06,2018-07-31,Prestación de servicios,Contratación directa (con ofertas),No definido,0,66227024.0,64571348.0,1655676.0,No,No,No definido,237.0,2017-12-13,2017,False,1
CO1.PCCNTR.810872,Cerrado,2019-03-07,2019-02-04,2019-12-31,Prestación de servicios,Contratación directa,No definido,0,99546039.0,95154302.0,4391737.0,No,No,No definido,330.0,2019-03-07,2019,False,1
CO1.PCCNTR.1182722,Cerrado,2019-11-27,2019-11-07,2020-11-06,Compraventa,Mínima cuantía,Dia(s),0,42249245.0,42249245.0,0.0,Si,No,Hombre,365.0,2019-11-27,2019,False,0
CO1.PCCNTR.5661088,Cerrado,2023-12-18,2023-12-18,2024-07-31,Prestación de servicios,Contratación directa,230 Dia(s),0,40516228.0,38799235.0,1716993.0,No,No,Mujer,226.0,2023-12-18,2023,False,1
CO1.PCCNTR.137501,Cerrado,2017-05-02,2017-04-19,2018-09-14,Prestación de servicios,Contratación directa (con ofertas),No definido,0,66071800.0,64462768.0,1609032.0,No,No,No definido,513.0,2017-05-02,2017,False,1
CO1.PCCNTR.108719,Cerrado,2017-02-15,2017-02-02,2017-12-01,Prestación de servicios,Contratación directa (con ofertas),No definido,0,63434109.0,30129524.0,33304585.0,Si,No,No definido,302.0,2017-02-15,2017,False,1
CO1.PCCNTR.2776180,Cerrado,2021-09-06,2021-09-06,2021-12-31,Prestación de servicios,Contratación directa,135 Dia(s),0,16597327.0,15880896.0,716431.0,No,No,Mujer,116.0,2021-09-06,2021,False,1
CO1.PCCNTR.371612,Cerrado,2018-04-02,2018-03-13,2018-03-28,Seguros,Mínima cuantía,No definido,0,21341936.0,21341936.0,0.0,No,No,Mujer,15.0,2018-04-02,2018,False,0
CO1.PCCNTR.6565525,Modificado,2024-07-26,2024-08-01,2025-10-31,Prestación de servicios,Contratación directa,15 Mes(es),0,627866652.0,627727421.0,139230.0,Si,No,Hombre,456.0,2024-07-26,2024,False,1
CO1.PCCNTR.168202,Cerrado,2017-07-14,2017-06-30,2018-12-28,Prestación de servicios,Contratación directa (con ofertas),No definido,0,94248665.0,93230201.0,1018464.0,No,No,No definido,546.0,2017-07-14,2017,False,1
CO1.PCCNTR.784869,Cerrado,2019-02-26,2019-01-28,2019-12-31,Prestación de servicios,Contratación directa,No definido,0,118776609.0,116331208.0,2445401.0,No,No,Mujer,337.0,2019-02-26,2019,False,1
CO1.PCCNTR.813726,Cerrado,2019-04-03,2019-02-05,2020-03-31,Prestación de servicios,Contratación directa,Dia(s),0,60450445.0,59304465.0,1145980.0,No,No,No definido,420.0,2019-04-03,2019,False,1
CO1.PCCNTR.9295499,En ejecución,2026-01-30,2026-02-04,2026-12-31,Prestación de servicios,Contratación directa,333 Dia(s),0,121000000.0,64166667.0,56833333.0,No,No,Mujer,330.0,2026-01-30,2026,False,1
CO1.PCCNTR.1556379,Cerrado,2020-06-05,2020-06-05,2021-04-30,Prestación de servicios,Contratación directa,354 Dia(s),0,152007344.0,149866395.0,2140949.0,No,No,No definido,329.0,2020-06-05,2020,False,1
CO1.PCCNTR.4940015,Cerrado,2023-05-12,2023-05-12,2023-12-31,Prestación de servicios,Contratación directa,236 Dia(s),0,106546622.0,103426010.0,3120612.0,No,No,Hombre,233.0,2023-05-12,2023,False,1
CO1.PCCNTR.3343315,Cerrado,2022-02-02,2022-02-02,2022-12-31,Prestación de servicios,Contratación directa,344 Dia(s),0,182493410.0,180371394.0,2122016.0,No,No,Hombre,332.0,2022-02-02,2022,False,1
CO1.PCCNTR.1790754,Cerrado,2020-09-11,2020-09-11,2020-12-31,Prestación de servicios,Contratación directa,132 Dia(s),0,30799185.0,29083589.0,1715596.0,Si,No,Hombre,111.0,2020-09-11,2020,False,1
CO1.PCCNTR.1999112,Cerrado,2020-12-07,2020-12-07,2022-07-31,Prestación de servicios,Contratación directa,626 Dia(s),0,32870221.0,0.0,32870221.0,No,No,No definido,601.0,2020-12-07,2020,False,1
CO1.PCCNTR.1679089,Cerrado,2020-08-05,2020-08-05,2021-08-31,Prestación de servicios,Contratación directa,421 Dia(s),0,60231600.0,12000.0,60219600.0,No,No,No definido,391.0,2020-08-05,2020,False,1
CO1.PCCNTR.8549478,Modificado,2025-11-12,2025-11-25,2026-12-31,Prestación de servicios,Contratación directa,398 Dia(s),152,237754667.0,129214493.0,108540174.0,No,No,No definido,401.0,2025-11-12,2025,False,1
CO1.PCCNTR.5962834,Cerrado,2024-02-19,2024-02-23,2024-12-31,Prestación de servicios,Contratación directa,312 Dia(s),0,100541467.0,100215033.0,326434.0,No,No,No definido,312.0,2024-02-19,2024,False,1
CO1.PCCNTR.3536614,Cerrado,2022-02-03,2022-02-03,2022-12-31,Prestación de servicios,Contratación directa,338 Dia(s),0,87412666.0,87151733.0,260933.0,No,No,No definido,331.0,2022-02-03,2022,False,1
CO1.PCCNTR.5945132,Cerrado,2024-02-14,2024-02-20,2024-12-31,Prestación de servicios,Contratación directa,311 Dia(s),0,37320000.0,37200000.0,120000.0,No,No,Mujer,315.0,2024-02-14,2024,False,1
CO1.PCCNTR.6491227,Modificado,2024-07-04,2024-07-08,2025-03-31,Prestación de servicios,Contratación directa,266 Dia(s),90,53917228.0,51192169.0,2725059.0,No,No,Hombre,266.0,2024-07-04,2024,False,1
CO1.PCCNTR.110604,Cerrado,2017-02-15,2017-02-06,2017-12-31,Prestación de servicios,Contratación directa (con ofertas),Dia(s),0,74263000.0,25424995.0,48838005.0,No,No,No definido,328.0,2017-02-15,2017,False,1
CO1.PCCNTR.299669,Cerrado,2018-02-02,2018-01-18,2018-12-31,Prestación de servicios,Contratación directa,No definido,0,30096764.0,29735809.0,360955.0,No,No,No definido,347.0,2018-02-02,2018,False,1
CO1.PCCNTR.84002,Cerrado,2016-12-15,2016-11-21,2017-10-31,Prestación de servicios,Contratación directa (con ofertas),No definido,0,74064519.0,0.0,74064519.0,No,No,No definido,344.0,2016-12-15,2016,False,1
CO1.PCCNTR.4261130,Cerrado,2022-12-06,2022-12-06,2022-12-31,Prestación de servicios,Contratación directa,39 Dia(s),0,9100000.0,8400000.0,700000.0,No,No,No definido,25.0,2022-12-06,2022,False,1
CO1.PCCNTR.5375729,Cerrado,2023-09-15,2023-09-15,2024-12-31,Prestación de servicios,Contratación directa,474 Dia(s),0,133829264.0,130204721.0,3624543.0,No,No,No definido,473.0,2023-09-15,2023,False,1
CO1.PCCNTR.9110515,En ejecución,2026-01-25,2026-01-26,2026-12-26,Prestación de servicios,Contratación directa,11 Mes(es),0,39542800.0,18573133.0,20969667.0,No,No,Mujer,334.0,2026-01-25,2026,False,1
CO1.PCCNTR.246255,Cerrado,2017-12-13,2017-12-06,2018-07-31,Prestación de servicios,Contratación directa (con ofertas),No definido,0,59452792.0,57966472.0,1486320.0,No,No,No definido,237.0,2017-12-13,2017,False,1
CO1.PCCNTR.215635,Cerrado,2017-12-15,2017-10-24,2017-12-31,Prestación de servicios,Contratación directa (con ofertas),No definido,0,7110000.0,6030000.0,1080000.0,No,No,No definido,68.0,2017-12-15,2017,False,1
CO1.PCCNTR.1446407,Cerrado,2020-04-08,2020-03-13,2021-02-28,Prestación de servicios,Contratación directa,Dia(s),0,46822938.0,45899669.0,923269.0,No,No,No definido,352.0,2020-04-08,2020,False,1
CO1.PCCNTR.478888,Cerrado,2018-07-23,2018-07-06,2019-03-27,Prestación de servicios,Contratación directa,No definido,0,96940000.0,95830000.0,1110000.0,No,No,No definido,264.0,2018-07-23,2018,False,1
CO1.PCCNTR.1317631,Cerrado,2020-02-07,2020-01-24,2020-12-31,Prestación de servicios,Contratación directa,Dia(s),0,140986400.0,140176133.0,810267.0,No,No,No definido,342.0,2020-02-07,2020,False,1
CO1.PCCNTR.2425034,Cerrado,2021-05-03,2021-05-03,2021-12-15,Prestación de servicios,Contratación directa,235 Dia(s),0,56143749.0,55692795.0,450954.0,No,No,No definido,226.0,2021-05-03,2021,False,1
CO1.PCCNTR.8491999,En ejecución,2025-10-30,2025-11-18,2026-07-31,Prestación de servicios,Contratación directa,262 Dia(s),0,63838000.0,47318000.0,16520000.0,No,No,Hombre,255.0,2025-10-30,2025,False,1
CO1.PCCNTR.601402,Cerrado,2018-12-05,2018-10-09,2019-09-30,Prestación de servicios,Contratación directa,No definido,0,40881891.0,40084751.0,797140.0,No,No,No definido,356.0,2018-12-05,2018,False,1
CO1.PCCNTR.6805665,Cerrado,2024-09-24,2024-10-01,2025-02-19,Prestación de servicios,Contratación directa,147 Dia(s),0,19600000.0,14533333.0,5066667.0,No,No,Hombre,141.0,2024-09-24,2024,False,1
CO1.PCCNTR.3512449,Cerrado,2022-02-02,2022-01-27,2022-12-31,Prestación de servicios,Contratación directa,303 Dia(s),0,69010000.0,68804000.0,206000.0,No,No,Mujer,338.0,2022-02-02,2022,False,1
CO1.PCCNTR.240121,Cerrado,2017-12-13,2017-12-07,2017-12-29,Prestación de servicios,Contratación directa (con ofertas),No definido,0,28675645.0,28675645.0,0.0,Si,No,No definido,22.0,2017-12-13,2017,False,1
CO1.PCCNTR.2695552,Cerrado,2021-08-11,2021-08-11,2022-12-13,Prestación de servicios,Contratación directa,337 Dia(s),0,90044512.0,88808607.0,1235904.0,No,No,No definido,489.0,2021-08-11,2021,False,1
CO1.PCCNTR.5968058,Cerrado,2024-02-19,2024-02-23,2024-12-31,Prestación de servicios,Contratación directa,312 Dia(s),0,105253867.0,104912133.0,341734.0,No,No,Hombre,312.0,2024-02-19,2024,False,1
CO1.PCCNTR.7551203,Cerrado,2025-02-27,2025-03-03,2025-11-02,Prestación de servicios,Contratación directa,8 Mes(es),0,58912000.0,58912000.0,0.0,No,No,No definido,244.0,2025-02-27,2025,False,1
CO1.PCCNTR.5200054,Cerrado,2023-07-14,2023-07-14,2023-12-31,Prestación de servicios,Contratación directa,177 Dia(s),0,44751186.0,41816682.0,2934504.0,No,No,No definido,170.0,2023-07-14,2023,False,1
CO1.PCCNTR.2068311,Cerrado,2021-01-14,2021-01-14,2021-11-30,Prestación de servicios,Contratación directa,348 Dia(s),0,56404345.0,55925395.0,478950.0,No,No,No definido,320.0,2021-01-14,2021,False,1
CO1.PCCNTR.5173769,Cerrado,2023-07-06,2023-07-06,2023-12-31,Prestación de servicios,Contratación directa,185 Dia(s),0,86560470.0,84688892.0,1871578.0,No,No,No definido,178.0,2023-07-06,2023,False,1
CO1.PCCNTR.2237280,Cerrado,2021-02-25,2021-02-25,2021-11-30,Prestación de servicios,Contratación directa,326 Dia(s),0,58398670.0,56646710.0,1751960.0,No,No,Mujer,278.0,2021-02-25,2021,False,1
CO1.PCCNTR.1948528,Cerrado,2020-11-13,2020-11-13,2021-09-30,Prestación de servicios,Contratación directa,338 Dia(s),0,48603893.0,47907362.0,696531.0,No,No,No definido,321.0,2020-11-13,2020,False,1
CO1.PCCNTR.3543535,Cerrado,2022-02-03,2022-02-03,2022-12-31,Prestación de servicios,Contratación directa,334 Dia(s),0,103733575.0,102801837.0,931738.0,No,No,No definido,331.0,2022-02-03,2022,False,1
CO1.PCCNTR.7704431,En ejecución,2025-03-27,2025-04-01,2025-11-30,Prestación de servicios,Contratación directa,8 Mes(es),0,40000000.0,40000000.0,0.0,No,No,Mujer,243.0,2025-03-27,2025,False,1
CO1.PCCNTR.1331315,Cerrado,2020-02-11,2020-01-30,2020-12-31,Prestación de servicios,Contratación directa,Dia(s),0,50013333.0,44146667.0,5866666.0,No,No,No definido,336.0,2020-02-11,2020,False,1
CO1.PCCNTR.7676327,Cerrado,2025-03-20,2025-03-26,2025-11-25,Prestación de servicios,Contratación directa,8 Mes(es),0,101728000.0,101728000.0,0.0,No,No,No definido,244.0,2025-03-20,2025,False,1
CO1.PCCNTR.5517179,Modificado,2023-12-27,2023-12-28,2026-11-30,Consultoría,Concurso de méritos abierto,942 Dia(s),122,7082514828.0,5921769342.0,1160745486.0,No,No,Hombre,1068.0,2023-12-27,2023,False,0
CO1.PCCNTR.7641345,En ejecución,2025-03-13,2025-03-19,2025-08-31,Prestación de servicios,Contratación directa,168 Dia(s),0,35944200.0,34052400.0,1891800.0,No,No,Hombre,165.0,2025-03-13,2025,False,1
CO1.PCCNTR.64401,Aprobado,2016-10-11,2016-09-15,2016-11-15,Compraventa,Mínima cuantía,No definido,0,53862908.0,0.0,53862908.0,Si,No,Hombre,61.0,2016-10-11,2016,False,0
CO1.PCCNTR.605042,Cerrado,2018-10-25,2018-10-12,2018-12-31,Prestación de servicios,Contratación directa,No definido,0,11466667.0,10533333.0,933334.0,No,No,No definido,80.0,2018-10-25,2018,False,1
CO1.PCCNTR.816016,Cerrado,2019-04-16,2019-02-07,2019-12-31,Prestación de servicios,Contratación directa,No definido,0,161181474.0,156326610.0,4854864.0,No,No,Hombre,327.0,2019-04-16,2019,False,1
CO1.PCCNTR.4486604,Cerrado,2023-01-27,2023-01-27,2023-05-26,Prestación de servicios,Contratación directa,4 Mes(es),0,63660492.0,63660492.0,0.0,No,No,No definido,119.0,2023-01-27,2023,False,1
CO1.PCCNTR.1973208,Cerrado,2020-11-23,2020-11-23,2021-10-31,Prestación de servicios,Contratación directa,360 Dia(s),0,52860000.0,52272667.0,587333.0,No,No,Mujer,342.0,2020-11-23,2020,False,1
CO1.PCCNTR.693639,Cerrado,2018-12-26,2018-12-14,2019-10-31,Prestación de servicios,Contratación directa,No definido,0,52591265.0,51139359.0,1451906.0,No,No,Hombre,321.0,2018-12-26,2018,False,1
CO1.PCCNTR.8119997,Cerrado,2025-07-24,2025-07-29,2025-11-30,Prestación de servicios,Contratación directa,126 Dia(s),0,32000000.0,0.0,32000000.0,No,No,No definido,124.0,2025-07-24,2025,False,1
CO1.PCCNTR.8493871,Modificado,2025-10-27,2025-11-05,2026-10-31,Prestación de servicios,Contratación directa,367 Dia(s),92,76400000.0,49000000.0,27400000.0,No,No,Mujer,360.0,2025-10-27,2025,False,1
CO1.PCCNTR.4724256,Cerrado,2023-03-23,2023-03-23,2023-12-31,Prestación de servicios,Contratación directa,303 Dia(s),0,65216667.0,63916667.0,1300000.0,No,No,Mujer,283.0,2023-03-23,2023,False,1
CO1.PCCNTR.118008,Cerrado,2017-03-03,2017-02-24,2017-07-31,Prestación de servicios,Contratación directa (con ofertas),Dia(s),0,51679044.0,49482606.0,2196438.0,No,No,No definido,157.0,2017-03-03,2017,False,1
CO1.PCCNTR.7529299,Cerrado,2025-02-20,2025-02-24,2025-11-23,Prestación de servicios,Contratación directa,9 Mes(es),0,56070000.0,55654666.0,415334.0,No,No,Mujer,272.0,2025-02-20,2025,False,1
CO1.PCCNTR.4191349,Modificado,2022-12-06,2022-12-06,2026-10-31,Prestación de servicios,Contratación directa,1368 Dia(s),91,2355037607.0,1308904728.0,1046132879.0,No,No,Mujer,1425.0,2022-12-06,2022,False,1
CO1.PCCNTR.1243014,Cerrado,2019-12-27,2019-12-18,2019-12-26,Compraventa,Mínima cuantía,Dia(s),0,12995000.0,12995000.0,0.0,No,No,Mujer,8.0,2019-12-27,2019,False,0
CO1.PCCNTR.1896913,Cerrado,2020-10-23,2020-10-23,2021-04-30,Prestación de servicios,Contratación directa,359 Dia(s),0,66346917.0,64793852.0,1553065.0,No,No,No definido,189.0,2020-10-23,2020,False,1
CO1.PCCNTR.7611844,En ejecución,2025-03-07,2025-03-12,2025-11-11,Prestación de servicios,Contratación directa,8 Mes(es),0,63120000.0,63120000.0,0.0,No,No,Hombre,244.0,2025-03-07,2025,False,1
CO1.PCCNTR.8502106,En ejecución,2025-10-31,2025-11-26,2026-07-31,Prestación de servicios,Contratación directa,245 Dia(s),0,67574973.0,59243812.0,8331161.0,No,No,Mujer,247.0,2025-10-31,2025,False,1
CO1.PCCNTR.1330780,Cerrado,2020-03-12,2020-01-30,2020-12-31,Prestación de servicios,Contratación directa,Dia(s),0,67440734.0,62452515.0,4988219.0,Si,No,No definido,336.0,2020-03-12,2020,False,1
CO1.PCCNTR.230152,Cerrado,2017-12-26,2017-11-10,2017-12-29,Prestación de servicios,Mínima cuantía,No definido,0,13850000.0,13850000.0,0.0,No,No,Hombre,49.0,2017-12-26,2017,False,0
CO1.PCCNTR.1800540,Cerrado,2020-09-11,2021-01-25,2021-01-25,Prestación de servicios,Contratación directa,129 Dia(s),24,15175333.0,14825133.0,350200.0,No,No,No definido,0.0,2020-09-11,2020,False,1
CO1.PCCNTR.3141603,Cerrado,2021-12-31,2021-12-31,2022-07-31,Prestación de servicios,Contratación directa,220 Dia(s),0,17052800.0,16974933.0,77867.0,No,No,Hombre,212.0,2021-12-31,2021,False,1
CO1.PCCNTR.6262545,Cerrado,2024-04-30,2024-05-09,2024-12-31,Prestación de servicios,Contratación directa,8 Mes(es),2,137840000.0,133245333.0,4594666.0,No,No,Hombre,236.0,2024-04-30,2024,False,1
CO1.PCCNTR.813759,Cerrado,2019-03-24,2019-02-05,2020-04-30,Prestación de servicios,Contratación directa,Dia(s),0,219439838.0,215555947.0,3883891.0,No,No,No definido,450.0,2019-03-24,2019,False,1
CO1.PCCNTR.4296399,Cerrado,2023-01-17,2023-01-17,2024-12-31,Prestación de servicios,Contratación directa,756 Dia(s),0,8766508.0,3263094.0,5503414.0,No,No,Hombre,714.0,2023-01-17,2023,False,1
CO1.PCCNTR.235934,Cerrado,2017-11-21,2017-11-20,2018-11-30,Prestación de servicios,Contratación directa,No definido,0,99905000.0,98050000.0,1855000.0,No,No,No definido,375.0,2017-11-21,2017,False,1
CO1.PCCNTR.4269104,En ejecución,2022-12-12,2022-12-13,2023-11-24,Prestación de servicios,Mínima cuantía,12 Mes(es),0,39484281.0,39484281.0,0.0,No,No,Mujer,346.0,2022-12-12,2022,False,0
CO1.PCCNTR.6548534,Cerrado,2024-07-23,2024-07-25,2025-03-20,Prestación de servicios,Contratación directa,238 Dia(s),0,42360000.0,41654000.0,706000.0,No,No,No definido,238.0,2024-07-23,2024,False,1
CO1.PCCNTR.9044728,En ejecución,2026-01-23,2026-01-26,2026-12-31,Prestación de servicios,Contratación directa,339 Dia(s),0,117159420.0,52183075.0,64976345.0,No,No,No definido,339.0,2026-01-23,2026,False,1
CO1.PCCNTR.3154214,Cerrado,2021-12-31,2021-12-31,2022-11-05,Prestación de servicios,Contratación directa,206 Dia(s),0,80062500.0,79062500.0,1000000.0,No,No,Hombre,309.0,2021-12-31,2021,False,1
CO1.PCCNTR.8408313,Modificado,2025-10-17,2025-11-04,2026-10-31,Prestación de servicios,Contratación directa,269 Dia(s),92,100390400.0,57886400.0,42504000.0,No,No,Mujer,361.0,2025-10-17,2025,False,1
CO1.PCCNTR.5945566,Cerrado,2024-02-14,2024-03-01,2024-12-31,Prestación de servicios,Contratación directa,10 Mes(es),0,153312510.0,153312510.0,0.0,No,No,No definido,305.0,2024-02-14,2024,False,1
CO1.PCCNTR.4195836,En ejecución,2022-11-24,2022-11-24,2023-11-28,Compraventa,Selección abreviada subasta inversa,1 Año(s),0,675794200.0,675794200.0,0.0,Si,No,Mujer,369.0,2022-11-24,2022,False,0
CO1.PCCNTR.134920,Cerrado,2017-04-24,2017-04-10,2017-12-31,Prestación de servicios,Contratación directa (con ofertas),No definido,0,40200000.0,39000000.0,1200000.0,No,No,No definido,265.0,2017-04-24,2017,False,1
CO1.PCCNTR.2369796,Cerrado,2021-05-03,2021-05-03,2021-11-30,Prestación de servicios,Contratación directa,257 Dia(s),0,111240000.0,111240000.0,0.0,No,No,No definido,211.0,2021-05-03,2021,False,1
CO1.PCCNTR.94909,Cerrado,2017-01-13,2016-12-22,2017-09-12,Prestación de servicios,Contratación directa (con ofertas),No definido,0,87512866.0,0.0,87512866.0,No,No,No definido,264.0,2017-01-13,2017,False,1
CO1.PCCNTR.211615,Cerrado,2017-10-26,2017-10-05,2018-11-30,Prestación de servicios,Selección abreviada subasta inversa,No definido,0,439271571.0,420132027.0,19139544.0,No,No,No definido,421.0,2017-10-26,2017,False,0
CO1.PCCNTR.678349,Cerrado,2019-01-22,2018-12-04,2018-12-31,Prestación de servicios,Contratación directa,No definido,0,8000000.0,7200000.0,800000.0,Si,No,No definido,27.0,2019-01-22,2019,False,1
CO1.PCCNTR.1182423,Cerrado,2019-12-27,2019-12-12,2020-03-27,Compraventa,Selección abreviada subasta inversa,Dia(s),0,489897234.0,489897234.0,0.0,No,Si,No definido,106.0,2019-12-27,2019,False,0
CO1.PCCNTR.5055025,Terminado,2023-06-10,2023-06-26,2023-11-30,Prestación de servicios,Mínima cuantía,6 Mes(es),0,21261288.0,0.0,21261288.0,Si,No,Hombre,157.0,2023-06-10,2023,False,0
CO1.PCCNTR.7820515,En ejecución,2025-04-30,2025-05-02,2025-08-31,Prestación de servicios,Contratación directa,122 Dia(s),0,26779000.0,26120500.0,658500.0,No,No,No definido,121.0,2025-04-30,2025,False,1
CO1.PCCNTR.7586461,En ejecución,2025-03-04,2025-03-06,2025-11-05,Prestación de servicios,Contratación directa,8 Mes(es),0,60944000.0,60943999.0,1.0,No,No,No definido,244.0,2025-03-04,2025,False,1
CO1.PCCNTR.1913907,Cerrado,2020-10-23,2020-10-23,2021-02-09,Prestación de servicios,Contratación directa,83 Dia(s),0,37410000.0,35090000.0,2320000.0,No,No,No definido,109.0,2020-10-23,2020,False,1
CO1.PCCNTR.8671492,Cedido,2025-12-03,2025-12-10,2026-07-31,Prestación de servicios,Contratación directa,239 Dia(s),0,58182800.0,45384907.0,12797893.0,No,No,No definido,233.0,2025-12-03,2025,False,1
CO1.PCCNTR.110511,Cerrado,2017-02-15,2017-02-06,2018-06-13,Prestación de servicios,Contratación directa (con ofertas),No definido,0,78434321.0,76107767.0,2326554.0,No,No,No definido,492.0,2017-02-15,2017,False,1
CO1.PCCNTR.2341110,Cerrado,2021-03-26,2021-03-26,2021-12-15,Prestación de servicios,Contratación directa,235 Dia(s),0,63359009.0,62231625.0,1127384.0,No,No,No definido,264.0,2021-03-26,2021,False,1
CO1.PCCNTR.3143401,Cerrado,2021-12-30,2021-12-30,2022-11-22,Prestación de servicios,Contratación directa,219 Dia(s),0,51231522.0,50164198.0,1067324.0,No,No,No definido,327.0,2021-12-30,2021,False,1
CO1.PCCNTR.1326486,Cerrado,2020-02-11,2020-01-29,2020-12-31,Prestación de servicios,Contratación directa,Dia(s),0,43666403.0,42513917.0,1152486.0,No,No,No definido,337.0,2020-02-11,2020,False,1
CO1.PCCNTR.1615494,Cerrado,2020-07-07,2020-07-07,2021-04-30,Prestación de servicios,Contratación directa,329 Dia(s),0,88715518.0,86850627.0,1864891.0,No,No,Mujer,297.0,2020-07-07,2020,False,1
CO1.PCCNTR.135913,Cerrado,2017-05-02,2017-04-19,2018-05-31,Prestación de servicios,Contratación directa (con ofertas),No definido,0,108908802.0,94612093.0,14296709.0,No,No,No definido,407.0,2017-05-02,2017,False,1
CO1.PCCNTR.4650774,Cerrado,2023-02-22,2023-02-22,2023-06-17,Prestación de servicios,Contratación directa,4 Mes(es),0,16791364.0,16511508.0,279856.0,No,No,Hombre,115.0,2023-02-22,2023,False,1
CO1.PCCNTR.6036317,Cerrado,2024-03-05,2024-03-08,2024-11-03,Prestación de servicios,Contratación directa,8 Mes(es),0,25072000.0,9819866.0,15252134.0,No,No,No definido,240.0,2024-03-05,2024,False,1
CO1.PCCNTR.6123587,Cerrado,2024-03-21,2024-03-27,2024-12-31,Prestación de servicios,Contratación directa,274 Dia(s),0,66143600.0,66143600.0,0.0,No,No,No definido,279.0,2024-03-21,2024,False,1
CO1.PCCNTR.94908,Cerrado,2017-01-23,2016-12-22,2017-12-31,Prestación de servicios,Contratación directa (con ofertas),No definido,0,77594690.0,0.0,77594690.0,No,No,No definido,374.0,2017-01-23,2017,False,1
CO1.PCCNTR.4350326,En ejecución,2022-12-28,2022-12-29,2025-12-30,Prestación de servicios,Mínima cuantía,3 Año(s),0,47954144.0,47954144.0,0.0,Si,No,Hombre,1097.0,2022-12-28,2022,False,0
CO1.PCCNTR.1466147,Cerrado,2020-04-16,2020-03-20,2020-12-31,Prestación de servicios,Contratación directa,Dia(s),0,48519469.0,46691681.0,1827788.0,No,No,No definido,286.0,2020-04-16,2020,False,1
CO1.PCCNTR.1853021,Cerrado,2020-10-14,2020-10-14,2021-08-31,Prestación de servicios,Contratación directa,348 Dia(s),0,61099640.0,60052218.0,1047422.0,No,No,No definido,321.0,2020-10-14,2020,False,1
CO1.PCCNTR.143902,Cerrado,2017-05-31,2017-04-28,2018-09-14,Prestación de servicios,Contratación directa (con ofertas),No definido,0,91060583.0,87029800.0,4030783.0,No,No,Mujer,504.0,2017-05-31,2017,False,1
CO1.PCCNTR.263029,Cerrado,2017-12-29,2017-12-26,2018-10-31,Prestación de servicios,Contratación directa,No definido,0,80358325.0,76591528.0,3766797.0,No,No,No definido,309.0,2017-12-29,2017,False,1
CO1.PCCNTR.2213469,Cerrado,2021-02-11,2021-02-11,2021-10-31,Prestación de servicios,Contratación directa,332 Dia(s),0,40561252.0,39525016.0,1036236.0,No,No,Mujer,262.0,2021-02-11,2021,False,1
CO1.PCCNTR.704487,Cerrado,2019-01-31,2018-12-26,2019-11-29,Prestación de servicios,Contratación directa,Dia(s),0,63275337.0,45196669.0,18078668.0,No,No,No definido,338.0,2019-01-31,2019,False,1
CO1.PCCNTR.121821,Cerrado,2017-03-30,2017-03-14,2017-12-31,Prestación de servicios,Contratación directa (con ofertas),No definido,0,25735160.0,24619970.0,1115190.0,No,No,No definido,292.0,2017-03-30,2017,False,1
CO1.PCCNTR.4754750,Cerrado,2023-03-17,2023-03-17,2023-07-08,Prestación de servicios,Contratación directa,4 Mes(es),0,24661760.0,24661760.0,0.0,No,No,No definido,113.0,2023-03-17,2023,False,1
CO1.PCCNTR.2424486,Cerrado,2021-05-03,2021-05-03,2021-12-15,Prestación de servicios,Contratación directa,232 Dia(s),0,109817807.0,107612630.0,2205177.0,No,No,No definido,226.0,2021-05-03,2021,False,1
CO1.PCCNTR.1010835,Cerrado,2019-08-12,2019-08-01,2020-01-31,Obra,Licitación pública obra publica,No definido,31,2748040610.0,2748040565.0,44.0,Si,No,Hombre,183.0,2019-08-12,2019,False,0
CO1.PCCNTR.6634011,Cerrado,2024-08-14,2024-08-27,2025-03-11,Prestación de servicios,Contratación directa,208 Dia(s),0,32100000.0,29250000.0,2850000.0,No,No,Mujer,196.0,2024-08-14,2024,False,1
CO1.PCCNTR.5160834,Cerrado,2023-06-30,2023-06-30,2024-03-31,Prestación de servicios,Contratación directa,186 Dia(s),0,81721257.0,79386364.0,2334893.0,No,No,No definido,275.0,2023-06-30,2023,False,1
CO1.PCCNTR.4354051,Cerrado,2023-01-16,2023-01-16,2023-08-31,Prestación de servicios,Contratación directa,247 Dia(s),0,51460000.0,50426667.0,1033333.0,No,No,No definido,227.0,2023-01-16,2023,False,1
CO1.PCCNTR.8620460,Modificado,2025-11-25,2025-12-22,2026-10-31,Prestación de servicios,Contratación directa,313 Dia(s),92,87057627.0,52883856.0,34173771.0,No,No,Mujer,313.0,2025-11-25,2025,False,1
CO1.PCCNTR.4772578,Cerrado,2023-03-22,2023-03-22,2023-12-31,Servicios financieros,Contratación directa,296 Dia(s),0,6011013125.0,4831902339.0,1179110786.0,No,No,No definido,284.0,2023-03-22,2023,False,1
CO1.PCCNTR.8493091,Modificado,2025-10-30,2025-11-05,2026-10-31,Prestación de servicios,Contratación directa,364 Dia(s),92,83649090.0,54073950.0,29575140.0,No,No,Hombre,360.0,2025-10-30,2025,False,1
CO1.PCCNTR.5369650,Cerrado,2023-09-13,2023-09-13,2024-12-31,Prestación de servicios,Contratación directa,445 Dia(s),0,129931328.0,126953735.0,2977593.0,No,No,Hombre,475.0,2023-09-13,2023,False,1
CO1.PCCNTR.4640479,Cerrado,2023-02-28,2023-02-28,2023-06-16,Prestación de servicios,Contratación directa,4 Mes(es),0,16302296.0,16030591.0,271705.0,No,No,No definido,108.0,2023-02-28,2023,False,1
CO1.PCCNTR.1688804,Cerrado,2020-08-05,2020-08-05,2021-03-27,Prestación de servicios,Contratación directa,176 Dia(s),0,88176780.0,86513067.0,1663713.0,No,No,No definido,234.0,2020-08-05,2020,False,1
CO1.PCCNTR.150910,Cerrado,2017-07-25,2017-05-19,2018-10-19,Prestación de servicios,Contratación directa (con ofertas),No definido,0,52815139.0,51995009.0,820130.0,No,No,No definido,518.0,2017-07-25,2017,False,1
CO1.PCCNTR.109302,Cerrado,2017-02-11,2017-02-03,2018-06-15,Prestación de servicios,Contratación directa (con ofertas),No definido,0,111074975.0,108425075.0,2649900.0,No,No,No definido,497.0,2017-02-11,2017,False,1
CO1.PCCNTR.1115829,Cerrado,2019-10-31,2019-09-27,2022-10-31,Suministros,Selección abreviada subasta inversa,Dia(s),0,914235456.0,864093558.0,50141897.0,Si,No,No definido,1130.0,2019-10-31,2019,False,0
CO1.PCCNTR.6230589,Cerrado,2024-04-22,2024-04-25,2025-02-28,Prestación de servicios,Contratación directa,307 Dia(s),0,91800000.0,91800000.0,0.0,No,No,Mujer,309.0,2024-04-22,2024,False,1
CO1.PCCNTR.3142564,Cerrado,2021-12-30,2021-12-30,2022-11-30,Prestación de servicios,Contratación directa,221 Dia(s),0,44392397.0,43747159.0,645238.0,No,No,Mujer,335.0,2021-12-30,2021,False,1
CO1.PCCNTR.4542827,Cerrado,2023-02-03,2023-02-03,2023-06-02,Prestación de servicios,Contratación directa,4 Mes(es),0,30334472.0,29828897.0,505575.0,No,No,Hombre,119.0,2023-02-03,2023,False,1
CO1.PCCNTR.205303,Cerrado,2017-10-12,2017-09-29,2018-11-30,Prestación de servicios,Contratación directa (con ofertas),No definido,0,77686514.0,75760980.0,1925534.0,No,No,No definido,427.0,2017-10-12,2017,False,1
CO1.PCCNTR.92502,Cerrado,2016-12-14,2016-12-09,2017-10-31,Prestación de servicios,Contratación directa (con ofertas),No definido,0,455902932.0,78804024.0,377098908.0,Si,No,Hombre,326.0,2016-12-14,2016,False,1
CO1.PCCNTR.299232,Cerrado,2018-01-28,2018-01-18,2019-04-30,Prestación de servicios,Contratación directa,No definido,0,108170393.0,107705143.0,465250.0,No,No,No definido,467.0,2018-01-28,2018,False,1
CO1.PCCNTR.2055726,Cerrado,2021-03-01,2021-03-01,2021-10-31,Prestación de servicios,Contratación directa,324 Dia(s),0,158822675.0,158822675.0,0.0,No,No,Mujer,244.0,2021-03-01,2021,False,1
CO1.PCCNTR.552779,Cerrado,2018-09-19,2018-08-27,2018-12-31,Prestación de servicios,Contratación directa,No definido,0,24533333.0,23733333.0,800000.0,Si,No,No definido,126.0,2018-09-19,2018,False,1
CO1.PCCNTR.7514727,Cerrado,2025-02-19,2025-02-21,2025-10-20,Prestación de servicios,Contratación directa,8 Mes(es),0,45560000.0,41383667.0,4176333.0,No,No,Hombre,241.0,2025-02-19,2025,False,1
CO1.PCCNTR.5375808,Cerrado,2023-09-14,2023-09-14,2024-12-31,Prestación de servicios,Contratación directa,473 Dia(s),0,133829264.0,130483532.0,3345732.0,No,No,Hombre,474.0,2023-09-14,2023,False,1
CO1.PCCNTR.300920,Cerrado,2018-01-28,2018-01-19,2018-12-31,Prestación de servicios,Contratación directa,No definido,0,46660779.0,45849286.0,811492.0,No,No,No definido,346.0,2018-01-28,2018,False,1
CO1.PCCNTR.152905,Cerrado,2017-08-01,2017-05-23,2017-12-31,Prestación de servicios,Contratación directa (con ofertas),No definido,0,26419400.0,25484200.0,935200.0,No,No,Mujer,222.0,2017-08-01,2017,False,1
CO1.PCCNTR.4354039,Cerrado,2023-01-13,2023-01-13,2023-08-31,Prestación de servicios,Contratación directa,247 Dia(s),0,51460000.0,50426666.0,1033333.0,No,No,Mujer,230.0,2023-01-13,2023,False,1
CO1.PCCNTR.6317087,Cerrado,2024-05-14,2024-05-21,2024-12-31,Prestación de servicios,Contratación directa,230 Dia(s),0,31500000.0,30800000.0,700000.0,No,No,Mujer,224.0,2024-05-14,2024,False,1
CO1.PCCNTR.2078121,Cerrado,2021-01-19,2021-01-19,2021-11-30,Prestación de servicios,Contratación directa,347 Dia(s),0,94584803.0,93513930.0,1070873.0,No,No,No definido,315.0,2021-01-19,2021,False,1
CO1.PCCNTR.2732734,Cerrado,2021-08-19,2021-08-19,2022-12-23,Prestación de servicios,Contratación directa,336 Dia(s),0,86429454.0,85744540.0,684914.0,No,No,Mujer,491.0,2021-08-19,2021,False,1
CO1.PCCNTR.2217984,Cerrado,2021-02-25,2021-02-25,2021-12-15,Prestación de servicios,Contratación directa,331 Dia(s),0,118769133.0,116521137.0,2247996.0,No,No,No definido,293.0,2021-02-25,2021,False,1
CO1.PCCNTR.4779613,Cerrado,2023-03-21,2023-03-21,2023-12-31,Prestación de servicios,Contratación directa,290 Dia(s),0,77958797.0,76876028.0,1082769.0,No,No,Hombre,285.0,2023-03-21,2023,False,1
CO1.PCCNTR.66802,En aprobación,,2016-09-28,2016-12-31,Prestación de servicios,Contratación directa (con ofertas),No definido,0,11080889.0,0.0,11080889.0,No,No,Mujer,94.0,2016-09-28,2016,False,1
CO1.PCCNTR.812065,Cerrado,2019-03-28,2019-02-05,2019-12-31,Prestación de servicios,Contratación directa,No definido,0,47297600.0,11824400.0,35473200.0,No,No,No definido,329.0,2019-03-28,2019,False,1
CO1.PCCNTR.5569844,Cerrado,2023-11-21,2023-11-21,2024-05-31,Prestación de servicios,Contratación directa,193 Dia(s),0,38642343.0,36790326.0,1852017.0,No,No,Hombre,192.0,2023-11-21,2023,False,1
CO1.PCCNTR.3346276,Cerrado,2022-02-02,2022-02-02,2023-06-20,Prestación de servicios,Contratación directa,344 Dia(s),0,88233333.0,85916667.0,2316665.0,No,No,No definido,503.0,2022-02-02,2022,False,1
CO1.PCCNTR.72105,Cerrado,2016-10-25,2016-10-07,2017-09-07,Prestación de servicios,Contratación directa (con ofertas),Dia(s),0,57001413.0,0.0,57001413.0,No,No,No definido,335.0,2016-10-25,2016,False,1
CO1.PCCNTR.8566116,Modificado,2025-11-11,2025-11-24,2026-10-31,Otro,Contratación directa,349 Dia(s),123,1600000000.0,0.0,1600000000.0,No,No,No definido,341.0,2025-11-11,2025,False,1
CO1.PCCNTR.7705122,En ejecución,2025-03-28,2025-04-01,2025-11-30,Prestación de servicios,Contratación directa,244 Dia(s),0,75446467.0,71288000.0,4158467.0,No,No,No definido,243.0,2025-03-28,2025,False,1
CO1.PCCNTR.7610085,En ejecución,2025-03-07,2025-03-12,2025-11-11,Prestación de servicios,Contratación directa,8 Mes(es),0,34672000.0,34672000.0,0.0,No,No,Hombre,244.0,2025-03-07,2025,False,1
CO1.PCCNTR.8640039,Modificado,2025-12-03,2025-12-10,2026-10-31,Prestación de servicios,Contratación directa,322 Dia(s),92,48687963.0,30339680.0,18348283.0,No,No,No definido,325.0,2025-12-03,2025,False,1
CO1.PCCNTR.234127,Cerrado,2017-11-27,2017-11-23,2018-12-31,Prestación de servicios,Contratación directa (con ofertas),No definido,0,438156779.0,430930029.0,7226750.0,Si,No,Hombre,403.0,2017-11-27,2017,False,1
CO1.PCCNTR.109551,Cerrado,2017-02-11,2017-02-03,2018-05-31,Prestación de servicios,Contratación directa (con ofertas),No definido,0,110995486.0,108266359.0,2729127.0,No,No,No definido,482.0,2017-02-11,2017,False,1
CO1.PCCNTR.5451069,Cerrado,2023-10-17,2023-10-17,2024-05-31,Prestación de servicios,Contratación directa,233 Dia(s),0,42951076.0,41540820.0,1410256.0,No,No,No definido,227.0,2023-10-17,2023,False,1
CO1.PCCNTR.7286781,Modificado,2025-01-22,2025-01-28,2025-12-31,Prestación de servicios,Contratación directa,337 Dia(s),96,106770900.0,106770900.0,0.0,No,No,No definido,337.0,2025-01-22,2025,False,1
CO1.PCCNTR.143917,Cerrado,2017-06-22,2017-05-15,2018-07-31,Prestación de servicios,Selección abreviada de menor cuantía,No definido,0,180000000.0,66675484.0,113324516.0,Si,No,No definido,442.0,2017-06-22,2017,False,0
CO1.PCCNTR.3552136,Cerrado,2022-02-07,2022-02-07,2022-12-31,Prestación de servicios,Contratación directa,333 Dia(s),0,48076967.0,46067780.0,2009187.0,No,No,Mujer,327.0,2022-02-07,2022,False,1
CO1.PCCNTR.134914,Cerrado,2017-04-18,2017-04-05,2018-04-03,Prestación de servicios,Contratación directa (con ofertas),No definido,0,50923200.0,39606925.0,11316275.0,No,No,No definido,363.0,2017-04-18,2017,False,1
CO1.PCCNTR.637552,Cerrado,2018-11-23,2018-11-07,2019-10-31,Prestación de servicios,Contratación directa,No definido,0,43769784.0,43040288.0,729496.0,No,No,No definido,358.0,2018-11-23,2018,False,1
CO1.PCCNTR.803778,Cerrado,2019-03-06,2019-02-01,2020-03-31,Prestación de servicios,Contratación directa,Dia(s),0,110986934.0,108912412.0,2074522.0,No,No,No definido,424.0,2019-03-06,2019,False,1
CO1.PCCNTR.8714809,Modificado,2025-12-29,2025-12-30,2026-11-30,Compraventa,Selección abreviada subasta inversa,336 Dia(s),122,2636690787.0,2511507547.0,125183240.0,Si,No,Mujer,335.0,2025-12-29,2025,False,0
CO1.PCCNTR.8621636,Modificado,2025-11-24,2025-12-01,2026-10-31,Prestación de servicios,Contratación directa,330 Dia(s),91,70618000.0,35593750.0,35024250.0,Si,No,Mujer,334.0,2025-11-24,2025,False,1
CO1.PCCNTR.7315279,En ejecución,2025-01-24,2025-01-28,2025-12-31,Prestación de servicios,Contratación directa,337 Dia(s),0,333314761.0,328225331.0,5089429.0,No,No,Hombre,337.0,2025-01-24,2025,False,1
CO1.PCCNTR.9496520,En ejecución,2026-05-11,2026-05-15,2026-12-31,Compraventa,Selección abreviada subasta inversa,237 Dia(s),0,9068153800.0,0.0,9068153800.0,Si,No,Mujer,230.0,2026-05-11,2026,False,0
CO1.PCCNTR.6318089,Cerrado,2024-05-20,2024-05-23,2025-04-19,Prestación de servicios,Contratación directa,331 Dia(s),0,117227538.0,117227538.0,0.0,No,No,No definido,331.0,2024-05-20,2024,False,1
CO1.PCCNTR.8021369,En ejecución,2025-06-27,2025-07-01,2025-11-12,Prestación de servicios,Contratación directa,132 Dia(s),0,48000000.0,44000000.0,4000000.0,No,No,Hombre,134.0,2025-06-27,2025,False,1
CO1.PCCNTR.9071452,En ejecución,2026-01-23,2026-01-23,2026-10-31,Prestación de servicios,Contratación directa,278 Dia(s),0,295650837.0,156739421.0,138911415.0,No,No,Mujer,281.0,2026-01-23,2026,False,1
CO1.PCCNTR.4522048,Cerrado,2023-01-31,2023-01-31,2023-05-31,Prestación de servicios,Contratación directa,4 Mes(es),0,54511972.0,54511972.0,0.0,No,No,No definido,120.0,2023-01-31,2023,False,1
CO1.PCCNTR.5597820,Modificado,2023-12-05,2023-12-06,2023-12-28,Consultoría,Concurso de méritos abierto,28 Dia(s),8,145620720.0,145620720.0,0.0,Si,No,Mujer,22.0,2023-12-05,2023,False,0
CO1.PCCNTR.215111,Cerrado,2017-11-03,2017-10-24,2017-12-31,Otro,Contratación directa (con ofertas),No definido,0,855787794.0,744457074.0,111330720.0,No,No,No definido,68.0,2017-11-03,2017,False,1
CO1.PCCNTR.307021,Cerrado,2018-01-28,2018-01-18,2018-12-31,Prestación de servicios,Contratación directa,No definido,0,84486257.0,83753717.0,732540.0,No,No,No definido,347.0,2018-01-28,2018,False,1
CO1.PCCNTR.5074378,Cerrado,2023-06-23,2023-06-23,2023-12-31,Prestación de servicios,Contratación directa,201 Dia(s),0,99679870.0,95303680.0,4376190.0,No,No,No definido,191.0,2023-06-23,2023,False,1
CO1.PCCNTR.125714,Cerrado,2017-03-30,2017-03-16,2017-11-30,Prestación de servicios,Contratación directa (con ofertas),No definido,0,70113306.0,69298035.0,815271.0,No,No,Hombre,259.0,2017-03-30,2017,False,1
CO1.PCCNTR.7449315,En ejecución,2025-02-11,2025-02-14,2025-12-13,Prestación de servicios,Contratación directa,10 Mes(es),0,181250000.0,180041666.0,1208333.0,No,No,Hombre,302.0,2025-02-11,2025,False,1
CO1.PCCNTR.3143737,Cerrado,2021-12-31,2021-12-31,2021-12-31,Prestación de servicios,Mínima cuantía,11 Dia(s),0,14000000.0,9747766.0,4252234.0,Si,No,Hombre,0.0,2021-12-31,2021,False,0
CO1.PCCNTR.72601,Cerrado,2016-12-30,2016-09-22,2016-12-31,Compraventa,Mínima cuantía,No definido,0,10000000.0,0.0,10000000.0,Si,No,Mujer,100.0,2016-12-30,2016,False,0
CO1.PCCNTR.833427,Cerrado,2019-03-01,2019-02-13,2019-12-31,Prestación de servicios,Contratación directa,No definido,0,100216813.0,96845605.0,3371208.0,No,No,No definido,321.0,2019-03-01,2019,False,1
CO1.PCCNTR.71308,Cerrado,2016-10-17,2016-10-07,2017-09-29,Prestación de servicios,Contratación directa (con ofertas),Dia(s),0,41895331.0,3051201.0,38844130.0,No,No,No definido,357.0,2016-10-17,2016,False,1
CO1.PCCNTR.5697027,Cerrado,2023-12-29,2023-12-29,2024-07-31,Prestación de servicios,Contratación directa,217 Dia(s),0,61897605.0,60201780.0,1695825.0,No,No,No definido,215.0,2023-12-29,2023,False,1
CO1.PCCNTR.709201,Cerrado,2019-01-18,2018-12-28,2020-11-30,Prestación de servicios,Mínima cuantía,Dia(s),0,21491200.0,21491200.0,0.0,No,No,No definido,703.0,2019-01-18,2019,False,0
CO1.PCCNTR.8551100,Modificado,2025-11-11,2025-11-19,2026-10-31,Prestación de servicios,Contratación directa,342 Dia(s),92,70618000.0,37871750.0,32746250.0,No,No,Hombre,346.0,2025-11-11,2025,False,1
CO1.PCCNTR.1924952,Cerrado,2020-10-30,2020-10-30,2021-09-30,Prestación de servicios,Contratación directa,349 Dia(s),0,66351623.0,21999133.0,44352490.0,No,No,No definido,335.0,2020-10-30,2020,False,1
CO1.PCCNTR.302303,Cerrado,2018-02-02,2018-01-26,2018-12-31,Otro,Contratación directa (con ofertas),No definido,0,135915850.0,135915850.0,0.0,Si,No,Mujer,339.0,2018-02-02,2018,False,1
CO1.PCCNTR.3491479,Cerrado,2022-02-02,2022-02-02,2022-12-31,Prestación de servicios,Contratación directa,339 Dia(s),0,44793737.0,44527898.0,265839.0,No,No,Hombre,332.0,2022-02-02,2022,False,1
CO1.PCCNTR.8559955,Modificado,2025-11-18,2025-11-21,2026-10-31,Prestación de servicios,Contratación directa,344 Dia(s),92,30721200.0,22055667.0,8665533.0,No,No,No definido,344.0,2025-11-18,2025,False,1
CO1.PCCNTR.8640888,Modificado,2025-11-28,2025-12-03,2026-10-31,Prestación de servicios,Contratación directa,335 Dia(s),92,97532800.0,60817867.0,36714933.0,No,No,No definido,332.0,2025-11-28,2025,False,1
CO1.PCCNTR.1170903,Cerrado,2019-11-13,2019-11-06,2019-12-31,Compraventa,Selección abreviada subasta inversa,No definido,0,2893234163.98,2893234163.0,0.0,No,No,Hombre,55.0,2019-11-13,2019,False,0
CO1.PCCNTR.1060204,Cerrado,2019-08-15,2019-08-05,2019-09-30,Prestación de servicios,Mínima cuantía,No definido,0,10000000.0,9975754.0,24245.0,Si,No,Mujer,56.0,2019-08-15,2019,False,0
CO1.PCCNTR.6550170,Cerrado,2024-07-23,2024-07-25,2024-12-31,Prestación de servicios,Contratación directa,157 Dia(s),0,33640425.0,33005700.0,634725.0,No,No,No definido,159.0,2024-07-23,2024,False,1
CO1.PCCNTR.300341,Cerrado,2018-01-28,2018-01-19,2018-12-31,Prestación de servicios,Contratación directa,No definido,0,45052083.0,44661458.0,390625.0,No,No,No definido,346.0,2018-01-28,2018,False,1
CO1.PCCNTR.8713105,Modificado,2025-12-23,2025-12-29,2026-10-31,Prestación de servicios,Contratación directa,315 Dia(s),92,96238800.0,56733367.0,39505433.0,No,No,No definido,306.0,2025-12-23,2025,False,1
CO1.PCCNTR.7124011,Modificado,2024-12-13,2024-12-29,2026-06-30,Compraventa,Selección abreviada subasta inversa,453 Dia(s),91,1712774332.0,1634246956.0,78527376.0,Si,No,Mujer,548.0,2024-12-13,2024,False,0
CO1.PCCNTR.74604,Cerrado,2016-11-04,2016-10-24,2017-03-31,Prestación de servicios,Contratación directa (con ofertas),Dia(s),0,15410029.0,0.0,15410029.0,No,No,No definido,158.0,2016-11-04,2016,False,1
CO1.PCCNTR.8634710,Modificado,2025-11-28,2025-12-03,2026-10-31,Prestación de servicios,Contratación directa,332 Dia(s),91,150449000.0,91964600.0,58484400.0,No,No,No definido,332.0,2025-11-28,2025,False,1
CO1.PCCNTR.110703,Cerrado,2017-02-15,2017-02-03,2017-12-03,Prestación de servicios,Contratación directa (con ofertas),Dia(s),0,21406667.0,14693333.0,6713334.0,No,No,No definido,303.0,2017-02-15,2017,False,1
CO1.PCCNTR.5981800,Cerrado,2024-02-21,2024-02-27,2024-12-31,Prestación de servicios,Contratación directa,310 Dia(s),0,116705449.0,56150735.0,60554714.0,No,No,Mujer,308.0,2024-02-21,2024,False,1
CO1.PCCNTR.6111152,Cerrado,2024-03-22,2024-04-02,2024-12-31,Prestación de servicios,Contratación directa,8 Mes(es),0,134443800.0,68566338.0,65877462.0,No,No,No definido,273.0,2024-03-22,2024,False,1
CO1.PCCNTR.6569741,Cerrado,2024-07-26,2024-07-31,2024-12-31,Prestación de servicios,Contratación directa,155 Dia(s),0,56884731.0,55049740.0,1834991.0,Si,No,No definido,153.0,2024-07-26,2024,False,1
CO1.PCCNTR.5703438,En ejecución,2023-12-29,2023-12-29,2026-06-30,Prestación de servicios,Contratación directa,915 Dia(s),0,298361150.0,203901096.0,94460053.0,No,No,No definido,914.0,2023-12-29,2023,False,1
CO1.PCCNTR.6393502,Modificado,2024-06-06,2024-06-17,2025-04-12,Prestación de servicios,Contratación directa,295 Dia(s),101,30721155.0,29717196.0,1003959.0,No,No,Mujer,299.0,2024-06-06,2024,False,1
CO1.PCCNTR.4226155,Cerrado,2022-11-25,2022-11-25,2023-08-31,Prestación de servicios,Contratación directa,287 Dia(s),0,75587003.0,73779937.0,1807066.0,No,No,No definido,279.0,2022-11-25,2022,False,1
CO1.PCCNTR.5524795,Cerrado,2023-11-09,2023-11-09,2024-06-30,Prestación de servicios,Contratación directa,236 Dia(s),0,44569460.0,43479742.0,1089718.0,No,No,Hombre,234.0,2023-11-09,2023,False,1
CO1.PCCNTR.7018050,Modificado,2024-11-14,2024-11-20,2025-11-30,Prestación de servicios,Mínima cuantía,370 Dia(s),30,53569040.0,53304860.0,264180.0,No,No,Hombre,375.0,2024-11-14,2024,False,0
CO1.PCCNTR.680709,Cerrado,2019-01-03,2018-12-18,2020-10-31,Otro,Contratación directa (con ofertas),No definido,0,1036962147.0,1023529427.0,13432720.0,Si,No,Hombre,683.0,2019-01-03,2019,False,1
CO1.PCCNTR.7676787,Cerrado,2025-03-20,2025-03-26,2025-11-25,Prestación de servicios,Contratación directa,8 Mes(es),0,118021696.0,118021696.0,0.0,No,No,No definido,244.0,2025-03-20,2025,False,1
CO1.PCCNTR.8632768,En ejecución,2025-11-27,2025-12-02,2025-12-31,Prestación de servicios,Contratación directa,35 Dia(s),0,6356533.0,4189533.0,2167000.0,No,No,Mujer,29.0,2025-11-27,2025,False,1
CO1.PCCNTR.5961109,Aprobado,2024-02-16,,2024-12-31,Prestación de servicios,Contratación directa,314 Dia(s),0,78366256.0,0.0,78366256.0,No,No,Mujer,,2024-02-16,2024,False,1
CO1.PCCNTR.895729,Cerrado,2019-04-03,2019-03-15,2019-12-31,Prestación de servicios,Contratación directa,No definido,0,45129000.0,43901000.0,1228000.0,No,No,No definido,291.0,2019-04-03,2019,False,1
CO1.PCCNTR.3398341,Cerrado,2022-02-02,2022-02-02,2022-12-31,Prestación de servicios,Contratación directa,344 Dia(s),0,181432402.0,180371394.0,1061008.0,No,No,No definido,332.0,2022-02-02,2022,False,1
CO1.PCCNTR.1699212,Cerrado,2020-08-12,2020-08-13,2021-06-30,Prestación de servicios,Contratación directa,351 Dia(s),0,81478535.0,48667703.0,32810832.0,No,No,No definido,321.0,2020-08-12,2020,False,1
CO1.PCCNTR.5775734,Aprobado,2024-01-19,,2024-09-21,Prestación de servicios,Contratación directa,8 Mes(es),0,88284000.0,0.0,88284000.0,No,No,No definido,,2024-01-19,2024,False,1
CO1.PCCNTR.2357215,Cerrado,2021-04-06,2021-04-06,2021-05-30,Prestación de servicios,Contratación directa,79 Dia(s),0,3500000000.0,2577886760.0,922113240.0,No,No,Hombre,54.0,2021-04-06,2021,False,1
CO1.PCCNTR.5700601,Cerrado,2023-12-29,2023-12-29,2024-06-30,Prestación de servicios,Contratación directa,182 Dia(s),0,50400000.0,48800000.0,1600000.0,No,No,Hombre,184.0,2023-12-29,2023,False,1
CO1.PCCNTR.812045,Cerrado,2019-03-28,2019-02-06,2019-12-31,Prestación de servicios,Contratación directa,Dia(s),0,75000000.0,73909353.0,1090647.0,No,No,No definido,328.0,2019-03-28,2019,False,1
CO1.PCCNTR.4272937,Cerrado,2022-12-06,2022-12-06,2023-08-31,Prestación de servicios,Contratación directa,275 Dia(s),0,50112912.0,49231263.0,881649.0,No,No,Mujer,268.0,2022-12-06,2022,False,1
CO1.PCCNTR.4273232,Modificado,2022-12-05,2022-12-09,2024-12-15,Prestación de servicios,Mínima cuantía,24 Mes(es),15,46799760.0,45273320.0,1526439.0,No,No,Hombre,737.0,2022-12-05,2022,False,0
CO1.PCCNTR.1611329,Cerrado,2020-08-26,2020-08-27,2020-12-31,Prestación de servicios,Contratación directa,211 Dia(s),0,29680000.0,29120000.0,560000.0,No,No,No definido,126.0,2020-08-26,2020,False,1
CO1.PCCNTR.9007140,En ejecución,2026-01-22,2026-01-26,2026-12-31,Prestación de servicios,Contratación directa,341 Dia(s),0,127159200.0,56637000.0,70522200.0,No,No,Hombre,339.0,2026-01-22,2026,False,1
CO1.PCCNTR.8406971,Modificado,2025-10-14,2025-11-04,2026-10-31,Prestación de servicios,Contratación directa,361 Dia(s),92,100390400.0,74888000.0,25502400.0,No,No,No definido,361.0,2025-10-14,2025,False,1
CO1.PCCNTR.672606,Cerrado,2018-12-10,2018-11-29,2019-11-22,Prestación de servicios,Contratación directa,No definido,0,125772701.0,122720460.0,3052241.0,No,No,No definido,358.0,2018-12-10,2018,False,1
CO1.PCCNTR.7066092,Cerrado,2024-11-28,2024-12-04,2025-06-30,Prestación de servicios,Contratación directa,215 Dia(s),0,41975720.0,40274921.0,1700799.0,No,No,No definido,208.0,2024-11-28,2024,False,1
CO1.PCCNTR.7616391,En ejecución,2025-03-10,2025-03-13,2025-11-12,Prestación de servicios,Contratación directa,8 Mes(es),0,34672000.0,34672000.0,0.0,No,No,Mujer,244.0,2025-03-10,2025,False,1
CO1.PCCNTR.604599,Cerrado,2018-10-25,2018-10-12,2018-12-31,Prestación de servicios,Contratación directa,No definido,0,11066667.0,10533333.0,533334.0,No,No,No definido,80.0,2018-10-25,2018,False,1
CO1.PCCNTR.3552007,Cerrado,2022-02-07,2022-02-07,2023-03-31,Prestación de servicios,Contratación directa,334 Dia(s),0,124080000.0,123200000.0,880000.0,No,No,Mujer,417.0,2022-02-07,2022,False,1
CO1.PCCNTR.8359210,Modificado,2025-09-26,2025-11-04,2026-10-31,Prestación de servicios,Contratación directa,361 Dia(s),92,100390400.0,57886400.0,42504000.0,No,No,Hombre,361.0,2025-09-26,2025,False,1
CO1.PCCNTR.5354881,Cerrado,2023-09-08,2023-09-08,2023-12-31,Prestación de servicios,Contratación directa,117 Dia(s),0,17620000.0,17032667.0,587333.0,No,No,Mujer,114.0,2023-09-08,2023,False,1
CO1.PCCNTR.589441,Cerrado,2018-12-10,2018-09-27,2018-12-31,Prestación de servicios,Contratación directa,No definido,0,48548638.0,44306524.0,4242114.0,No,No,No definido,95.0,2018-12-10,2018,False,1
CO1.PCCNTR.510832,Cancelado,,2018-09-14,2018-12-31,Compraventa,Selección abreviada subasta inversa,No definido,0,2188006000.0,0.0,2188006000.0,No,Si,No definido,108.0,2018-09-14,2018,False,0
CO1.PCCNTR.9151234,En ejecución,2026-01-29,2026-02-09,2028-12-31,Prestación de servicios,Contratación directa,1053 Dia(s),0,90729540.0,0.0,90729540.0,No,No,Hombre,1056.0,2026-01-29,2026,False,1
CO1.PCCNTR.8628879,En ejecución,2025-11-24,2025-11-24,2025-12-31,Prestación de servicios,Contratación directa,37 Dia(s),0,18500000.0,18500000.0,0.0,No,No,Mujer,37.0,2025-11-24,2025,False,1
CO1.PCCNTR.7869298,Cerrado,2025-05-15,2025-05-19,2025-12-18,Prestación de servicios,Contratación directa,7 Mes(es),0,66276000.0,66276000.0,0.0,No,No,No definido,213.0,2025-05-15,2025,False,1
CO1.PCCNTR.1730187,Cerrado,2020-09-11,2020-09-11,2020-12-31,Prestación de servicios,Contratación directa,156 Dia(s),0,63600000.0,61200000.0,2400000.0,No,No,Hombre,111.0,2020-09-11,2020,False,1
CO1.PCCNTR.108901,Cerrado,2017-02-15,2017-02-01,2017-12-31,Prestación de servicios,Contratación directa (con ofertas),Dia(s),0,26759214.0,11845001.0,14914213.0,No,No,No definido,333.0,2017-02-15,2017,False,1
CO1.PCCNTR.5209497,Modificado,2023-08-02,2023-08-02,2025-09-30,Prestación de servicios,Selección abreviada subasta inversa,26 Mes(es),30,2223645907.0,2173086601.0,50559305.0,No,Si,No definido,790.0,2023-08-02,2023,False,0
CO1.PCCNTR.8643963,Modificado,2025-12-01,2025-12-09,2026-10-31,Prestación de servicios,Contratación directa,322 Dia(s),92,165722135.0,103760743.0,61961392.0,No,No,No definido,326.0,2025-12-01,2025,False,1
CO1.PCCNTR.4310996,En ejecución,2022-12-27,2022-12-27,2023-12-13,Prestación de servicios,Contratación directa,365 Dia(s),0,39003440.0,39003440.0,0.0,No,No,No definido,351.0,2022-12-27,2022,False,1
CO1.PCCNTR.4650822,Cerrado,2023-02-22,2023-02-22,2023-06-17,Prestación de servicios,Contratación directa,4 Mes(es),0,33012908.0,32462693.0,550215.0,No,No,No definido,115.0,2023-02-22,2023,False,1
CO1.PCCNTR.1325771,Cerrado,2020-02-11,2020-01-28,2020-12-31,Prestación de servicios,Contratación directa,Dia(s),0,91079304.0,88942546.0,2136758.0,No,No,No definido,338.0,2020-02-11,2020,False,1
CO1.PCCNTR.72802,Cerrado,2016-10-18,2016-10-11,2017-03-31,Prestación de servicios,Contratación directa (con ofertas),Dia(s),0,48586818.0,0.0,48586818.0,No,No,No definido,171.0,2016-10-18,2016,False,1
CO1.PCCNTR.80201,Cerrado,2016-11-30,2016-11-03,2017-03-31,Prestación de servicios,Contratación directa (con ofertas),No definido,0,51051304.0,0.0,51051304.0,No,No,No definido,148.0,2016-11-30,2016,False,1
CO1.PCCNTR.5827296,Cerrado,2024-01-29,2024-02-01,2024-09-26,Prestación de servicios,Contratación directa,8 Mes(es),0,68280000.0,68280000.0,0.0,No,No,No definido,238.0,2024-01-29,2024,False,1
CO1.PCCNTR.9219387,En ejecución,2026-01-29,2026-02-02,2026-12-31,Suministros,Contratación directa,331 Dia(s),0,47419834.0,47419834.0,0.0,Si,No,Mujer,332.0,2026-01-29,2026,False,1
CO1.PCCNTR.519883,Cerrado,2018-08-17,2018-08-09,2018-12-31,Prestación de servicios,Contratación directa,No definido,0,23853845.0,22581640.0,1272205.0,No,No,Hombre,144.0,2018-08-17,2018,False,1
CO1.PCCNTR.7115783,Modificado,2024-12-12,2024-12-16,2026-11-30,Prestación de servicios,Mínima cuantía,714 Dia(s),121,40450000.0,29749999.0,10700000.0,No,No,Hombre,714.0,2024-12-12,2024,False,0
CO1.PCCNTR.1321687,Cerrado,2020-02-11,2020-01-28,2020-12-31,Prestación de servicios,Contratación directa,Dia(s),0,49574179.0,48426296.0,1147883.0,No,No,Mujer,338.0,2020-02-11,2020,False,1
CO1.PCCNTR.3453046,Cerrado,2022-02-02,2022-02-02,2022-12-31,Prestación de servicios,Contratación directa,339 Dia(s),0,64927080.0,63972270.0,954810.0,No,No,No definido,332.0,2022-02-02,2022,False,1
CO1.PCCNTR.8526087,Cedido,2025-11-21,2025-12-02,2026-07-31,Prestación de servicios,Contratación directa,268 Dia(s),0,66973232.0,49045530.0,17927702.0,No,No,Hombre,241.0,2025-11-21,2025,False,1
CO1.PCCNTR.2177212,Cerrado,2021-02-20,2021-02-20,2021-10-31,Prestación de servicios,Contratación directa,339 Dia(s),0,47934292.0,47078323.0,855969.0,No,No,No definido,253.0,2021-02-20,2021,False,1
CO1.PCCNTR.7531190,Cerrado,2025-02-21,2025-02-25,2025-10-24,Prestación de servicios,Contratación directa,8 Mes(es),0,82424000.0,81737133.0,686867.0,No,No,No definido,241.0,2025-02-21,2025,False,1
CO1.PCCNTR.1236510,Cerrado,2020-01-14,2019-12-27,2021-10-31,Consultoría,Concurso de méritos abierto,Dia(s),0,4380323459.2,3556479418.0,823844040.0,No,Si,No definido,674.0,2020-01-14,2020,False,0
CO1.PCCNTR.1800728,Cerrado,2020-09-18,2020-09-18,2021-07-31,Prestación de servicios,Contratación directa,341 Dia(s),0,48757130.0,48199905.0,557225.0,No,No,Mujer,316.0,2020-09-18,2020,False,1
CO1.PCCNTR.1446329,Cerrado,2020-04-08,2020-03-13,2021-02-28,Prestación de servicios,Contratación directa,Dia(s),0,77712908.0,76180541.0,1532367.0,No,No,No definido,352.0,2020-04-08,2020,False,1
CO1.PCCNTR.7981783,En ejecución,2025-06-16,2025-06-19,2025-11-30,Prestación de servicios,Contratación directa,161 Dia(s),0,51840000.0,51840000.0,0.0,No,No,Mujer,164.0,2025-06-16,2025,False,1
CO1.PCCNTR.8586372,En ejecución,2025-11-19,2025-11-25,2026-07-31,Prestación de servicios,Contratación directa,259 Dia(s),0,38644833.0,32505000.0,6139833.0,No,No,Hombre,248.0,2025-11-19,2025,False,1
CO1.PCCNTR.7305599,Cerrado,2025-01-24,2025-01-30,2025-11-29,Prestación de servicios,Contratación directa,10 Mes(es),0,53493333.34,53493333.0,0.0,No,No,Hombre,303.0,2025-01-24,2025,False,1
CO1.PCCNTR.7675926,En ejecución,2025-03-26,2025-03-31,2025-11-30,Prestación de servicios,Contratación directa,8 Mes(es),0,48000000.0,30000000.0,18000000.0,No,No,Mujer,244.0,2025-03-26,2025,False,1
CO1.PCCNTR.214921,Cerrado,2017-10-27,2017-10-18,2018-10-31,Prestación de servicios,Contratación directa (con ofertas),No definido,0,44973812.0,44029480.0,944332.0,No,No,No definido,378.0,2017-10-27,2017,False,1
CO1.PCCNTR.5199987,Cerrado,2023-07-14,2023-07-14,2024-03-31,Prestación de servicios,Contratación directa,177 Dia(s),0,52231163.0,48582662.0,3648501.0,No,No,Mujer,261.0,2023-07-14,2023,False,1
CO1.PCCNTR.9181354,En ejecución,2026-01-27,2026-01-29,2026-12-31,Prestación de servicios,Contratación directa,333 Dia(s),0,163170000.0,74480000.0,88690000.0,No,No,Hombre,336.0,2026-01-27,2026,False,1
CO1.PCCNTR.3542430,Cerrado,2022-02-03,2022-02-03,2022-12-31,Prestación de servicios,Contratación directa,338 Dia(s),0,91885927.0,91885927.0,0.0,No,No,No definido,331.0,2022-02-03,2022,False,1
CO1.PCCNTR.74001,Cerrado,2016-11-04,2016-10-24,2017-03-31,Prestación de servicios,Contratación directa (con ofertas),Dia(s),0,53932552.0,0.0,53932552.0,No,No,No definido,158.0,2016-11-04,2016,False,1
CO1.PCCNTR.5185768,Cerrado,2023-07-06,2023-07-06,2023-12-31,Prestación de servicios,Contratación directa,180 Dia(s),0,38020213.0,36376096.0,1644117.0,Si,No,No definido,178.0,2023-07-06,2023,False,1
CO1.PCCNTR.5059951,Cerrado,2023-06-10,2023-06-10,2023-12-31,Prestación de servicios,Contratación directa,206 Dia(s),0,58820000.0,58531667.0,288333.0,No,No,Hombre,204.0,2023-06-10,2023,False,1
CO1.PCCNTR.4650637,Cerrado,2023-02-24,2023-02-24,2023-06-17,Prestación de servicios,Contratación directa,4 Mes(es),0,54511972.0,53603439.0,908533.0,No,No,No definido,113.0,2023-02-24,2023,False,1
CO1.PCCNTR.3997069,Cerrado,2022-09-28,2022-09-28,2023-02-28,Prestación de servicios,Contratación directa,117 Dia(s),0,33264388.0,31646120.0,1618268.0,No,No,No definido,153.0,2022-09-28,2022,False,1
CO1.PCCNTR.5369521,Cerrado,2023-09-13,2023-09-13,2024-11-30,Prestación de servicios,Contratación directa,445 Dia(s),0,114387780.0,111591634.0,2796146.0,No,No,No definido,444.0,2023-09-13,2023,False,1
CO1.PCCNTR.995308,Cerrado,2019-07-03,2019-06-17,2020-09-16,Prestación de servicios,Mínima cuantía,Dia(s),0,26316096.0,25732283.0,583812.0,Si,No,Hombre,457.0,2019-07-03,2019,False,0
CO1.PCCNTR.3541846,Cerrado,2022-02-03,2022-02-03,2022-12-31,Prestación de servicios,Contratación directa,337 Dia(s),0,63070333.0,62881500.0,188833.0,No,No,No definido,331.0,2022-02-03,2022,False,1
CO1.PCCNTR.7676732,En ejecución,2025-03-20,2025-03-26,2025-11-25,Prestación de servicios,Contratación directa,8 Mes(es),0,61417560.0,61417560.0,0.0,No,No,No definido,244.0,2025-03-20,2025,False,1
CO1.PCCNTR.5596058,Cerrado,2023-12-05,2023-12-05,2023-12-31,Prestación de servicios,Contratación directa,34 Dia(s),0,7072667.0,5304500.0,1768167.0,No,No,No definido,26.0,2023-12-05,2023,False,1
CO1.PCCNTR.833294,Cerrado,2019-04-15,2019-02-12,2019-12-31,Prestación de servicios,Contratación directa,No definido,0,46412190.0,17046453.0,29365737.0,No,No,Mujer,322.0,2019-04-15,2019,False,1
CO1.PCCNTR.1325639,Cerrado,2020-02-11,2020-01-29,2020-12-31,Prestación de servicios,Contratación directa,Dia(s),0,30235333.0,29437333.0,798000.0,No,No,No definido,337.0,2020-02-11,2020,False,1
CO1.PCCNTR.693746,Cerrado,2018-12-26,2018-12-17,2019-10-31,Prestación de servicios,Contratación directa,No definido,0,60541112.0,58312605.0,2228507.0,No,No,Mujer,318.0,2018-12-26,2018,False,1
CO1.PCCNTR.7140023,En ejecución,2024-12-13,2024-12-18,2025-08-28,Prestación de servicios,Contratación directa,258 Dia(s),0,102800000.0,100400000.0,2400000.0,Si,No,Hombre,253.0,2024-12-13,2024,False,1
CO1.PCCNTR.97003,Cerrado,2017-01-17,2016-12-29,2016-12-31,Prestación de servicios,Contratación directa (con ofertas),No definido,0,124990380.0,0.0,124990380.0,Si,No,Mujer,2.0,2017-01-17,2017,False,1
CO1.PCCNTR.1552247,Cerrado,2020-05-19,2020-05-19,2021-04-30,Prestación de servicios,Contratación directa,358 Dia(s),0,177518093.0,177018042.0,500051.0,No,No,No definido,346.0,2020-05-19,2020,False,1
CO1.PCCNTR.5441024,Cerrado,2023-10-09,2023-10-09,2023-12-31,Prestación de servicios,Contratación directa,86 Dia(s),0,12002971.0,11184587.0,818384.0,No,No,Hombre,83.0,2023-10-09,2023,False,1
CO1.PCCNTR.1831732,Cerrado,2020-10-12,2020-10-12,2020-11-30,Compraventa,Selección abreviada subasta inversa,60 Dia(s),0,576392532.54,576392532.0,0.0,No,No,Hombre,49.0,2020-10-12,2020,False,0
CO1.PCCNTR.161503,Cerrado,2017-07-14,2017-06-16,2017-11-30,Prestación de servicios,Contratación directa (con ofertas),Dia(s),0,19141504.0,15268946.0,3872558.0,No,No,Mujer,167.0,2017-07-14,2017,False,1
CO1.PCCNTR.75203,Cerrado,2016-11-04,2016-10-24,2017-03-31,Prestación de servicios,Contratación directa (con ofertas),Dia(s),0,15410029.0,0.0,15410029.0,No,No,No definido,158.0,2016-11-04,2016,False,1
CO1.PCCNTR.307158,Cerrado,2018-02-02,2018-01-19,2018-12-31,Prestación de servicios,Contratación directa,No definido,0,38253898.0,37811657.0,442241.0,No,No,Hombre,346.0,2018-02-02,2018,False,1
CO1.PCCNTR.6111593,Cerrado,2024-03-20,2024-03-26,2024-11-19,Prestación de servicios,Contratación directa,8 Mes(es),0,50847168.0,50847168.0,0.0,No,No,Hombre,238.0,2024-03-20,2024,False,1
CO1.PCCNTR.9042324,En ejecución,2026-01-25,2026-01-27,2026-12-31,Prestación de servicios,Contratación directa,339 Dia(s),0,135295440.0,59872120.0,75423320.0,No,No,No definido,338.0,2026-01-25,2026,False,1
CO1.PCCNTR.4208797,Cerrado,2022-11-25,2022-11-25,2023-08-31,Prestación de servicios,Contratación directa,294 Dia(s),0,43609500.0,41847500.0,1762000.0,No,No,Mujer,279.0,2022-11-25,2022,False,1
CO1.PCCNTR.8543696,Modificado,2025-11-11,2025-11-13,2026-10-31,Prestación de servicios,Contratación directa,352 Dia(s),92,75755167.0,45925340.0,29829827.0,No,No,Mujer,352.0,2025-11-11,2025,False,1
CO1.PCCNTR.2175879,Cerrado,2021-02-05,2021-02-05,2021-12-31,Prestación de servicios,Contratación directa,340 Dia(s),0,51061395.0,49583497.0,1477898.0,No,No,No definido,329.0,2021-02-05,2021,False,1
CO1.PCCNTR.5137494,Cerrado,2023-06-29,2023-06-29,2023-12-31,Prestación de servicios,Contratación directa,188 Dia(s),0,55453710.0,53702541.0,1751169.0,No,No,No definido,185.0,2023-06-29,2023,False,1
CO1.PCCNTR.1746096,Cerrado,2020-09-11,2020-09-11,2021-07-31,Prestación de servicios,Contratación directa,362 Dia(s),0,62709756.0,62201298.0,508458.0,No,No,No definido,323.0,2020-09-11,2020,False,1
CO1.PCCNTR.5881075,Cerrado,2024-02-02,2024-02-06,2024-11-30,Prestación de servicios,Contratación directa,298 Dia(s),0,90210616.0,89904817.0,305798.0,Si,No,Hombre,298.0,2024-02-02,2024,False,1
CO1.PCCNTR.97006,Cerrado,2017-01-13,2016-12-29,2017-12-12,Prestación de servicios,Contratación directa (con ofertas),No definido,0,73594855.0,0.0,73594855.0,No,No,No definido,348.0,2017-01-13,2017,False,1
CO1.PCCNTR.308323,Cerrado,2018-02-02,2018-01-26,2018-12-31,Otro,Contratación directa (con ofertas),No definido,0,1499083986.0,1282826178.0,216257808.0,No,No,No definido,339.0,2018-02-02,2018,False,1
CO1.PCCNTR.1790974,Cerrado,2020-12-23,2020-12-23,2021-10-31,Prestación de servicios,Contratación directa,314 Dia(s),0,1073182762.08,0.0,1073182762.0,No,No,No definido,312.0,2020-12-23,2020,False,1
CO1.PCCNTR.4661528,Cerrado,2023-02-22,2023-02-22,2023-06-20,Prestación de servicios,Contratación directa,4 Mes(es),0,11287976.0,11099843.0,188133.0,No,No,Mujer,118.0,2023-02-22,2023,False,1
CO1.PCCNTR.2942662,Cerrado,2021-11-03,2021-11-03,2021-12-15,Compraventa,Selección abreviada subasta inversa,55 Dia(s),0,1784217000.0,1784217000.0,0.0,No,No,Mujer,42.0,2021-11-03,2021,False,0
CO1.PCCNTR.8381850,Modificado,2025-10-15,2025-11-04,2026-10-31,Prestación de servicios,Contratación directa,361 Dia(s),92,157678400.0,117623000.0,40055400.0,No,No,Mujer,361.0,2025-10-15,2025,False,1
CO1.PCCNTR.3304969,Cerrado,2022-01-31,2022-01-31,2022-12-31,Prestación de servicios,Contratación directa,344 Dia(s),0,50327200.0,46084500.0,4242700.0,No,No,No definido,334.0,2022-01-31,2022,False,1
CO1.PCCNTR.8923486,En ejecución,2026-01-22,2026-01-23,2026-10-31,Prestación de servicios,Contratación directa,285 Dia(s),0,115530450.0,64048460.0,51481990.0,No,No,Mujer,281.0,2026-01-22,2026,False,1
CO1.PCCNTR.7146020,En ejecución,2024-12-18,2024-12-20,2025-05-21,Prestación de servicios,Contratación directa,152 Dia(s),0,32000000.0,30400000.0,1600000.0,No,No,Mujer,152.0,2024-12-18,2024,False,1
CO1.PCCNTR.261011,Cerrado,2018-01-04,2017-12-20,2018-01-05,Prestación de servicios,Mínima cuantía,No definido,0,3925000.0,3925000.0,0.0,Si,No,No definido,16.0,2018-01-04,2018,False,0
CO1.PCCNTR.308531,Cerrado,2018-01-28,2018-01-22,2019-03-29,Prestación de servicios,Contratación directa,No definido,0,51783193.0,51081793.0,701400.0,No,No,Mujer,431.0,2018-01-28,2018,False,1
CO1.PCCNTR.3345716,Cerrado,2022-01-31,2022-01-31,2022-12-31,Prestación de servicios,Contratación directa,344 Dia(s),0,71313589.0,69844987.0,1468602.0,No,No,Mujer,334.0,2022-01-31,2022,False,1
CO1.PCCNTR.7532392,En ejecución,2025-02-24,2025-02-26,2025-10-25,Prestación de servicios,Contratación directa,8 Mes(es),0,60944000.0,60436133.0,507867.0,No,No,No definido,241.0,2025-02-24,2025,False,1
CO1.PCCNTR.4338201,Cerrado,2022-12-28,2022-12-28,2023-12-31,Prestación de servicios,Contratación directa,252 Dia(s),0,210404792.0,210404792.0,0.0,No,No,Mujer,368.0,2022-12-28,2022,False,1
CO1.PCCNTR.8683090,Modificado,2025-12-18,2025-12-22,2026-10-31,Prestación de servicios,Contratación directa,319 Dia(s),92,49917469.0,29859997.0,20057472.0,No,No,Hombre,313.0,2025-12-18,2025,False,1
CO1.PCCNTR.246258,Cerrado,2017-12-13,2017-12-06,2018-07-31,Prestación de servicios,Contratación directa (con ofertas),No definido,0,54587944.0,53450695.0,1137249.0,No,No,No definido,237.0,2017-12-13,2017,False,1
CO1.PCCNTR.7712693,Cerrado,2025-03-31,2025-04-03,2025-12-02,Prestación de servicios,Contratación directa,8 Mes(es),0,63475512.0,63475512.0,0.0,No,No,Mujer,243.0,2025-03-31,2025,False,1
CO1.PCCNTR.1500777,Cerrado,2020-04-27,2020-04-08,2021-03-31,Prestación de servicios,Contratación directa,Dia(s),0,45459158.0,45203050.0,256108.0,No,No,No definido,357.0,2020-04-27,2020,False,1
CO1.PCCNTR.7387790,En ejecución,2025-02-05,2025-02-07,2025-11-06,Prestación de servicios,Contratación directa,9 Mes(es),0,62712000.0,62247467.0,464533.0,No,No,No definido,272.0,2025-02-05,2025,False,1
CO1.PCCNTR.7251357,En ejecución,2025-01-17,2025-01-22,2025-12-31,Prestación de servicios,Contratación directa,345 Dia(s),0,133193000.0,130876600.0,2316400.0,Si,No,No definido,343.0,2025-01-17,2025,False,1
CO1.PCCNTR.5917046,Cerrado,2024-02-14,2024-02-20,2024-12-31,Prestación de servicios,Contratación directa,311 Dia(s),0,44582990.0,44439637.0,143353.0,No,No,Hombre,315.0,2024-02-14,2024,False,1
CO1.PCCNTR.8636720,Modificado,2025-11-27,2025-12-02,2026-10-31,Prestación de servicios,Contratación directa,330 Dia(s),92,86333333.0,53773333.0,32560000.0,No,No,No definido,333.0,2025-11-27,2025,False,1
CO1.PCCNTR.7458107,Cerrado,2025-02-13,2025-02-17,2025-10-12,Prestación de servicios,Contratación directa,8 Mes(es),0,70400000.0,69813333.0,586667.0,No,No,Hombre,237.0,2025-02-13,2025,False,1
CO1.PCCNTR.611379,Cerrado,2018-12-04,2018-11-21,2019-01-31,Compraventa,Selección abreviada subasta inversa,No definido,0,1271450000.0,1271450000.0,0.0,No,Si,No definido,71.0,2018-12-04,2018,False,0
CO1.PCCNTR.453111,Cerrado,2018-07-12,2018-06-20,2018-12-31,Prestación de servicios,Contratación directa,No definido,0,43897805.0,43215456.0,682349.0,No,No,No definido,194.0,2018-07-12,2018,False,1
CO1.PCCNTR.8026152,En ejecución,2025-06-27,2025-07-04,2025-11-30,Prestación de servicios,Contratación directa,5 Mes(es),0,16000000.0,15680000.0,320000.0,No,No,Mujer,149.0,2025-06-27,2025,False,1
CO1.PCCNTR.299551,Cerrado,2018-02-02,2018-01-18,2018-12-31,Prestación de servicios,Contratación directa,No definido,0,139649002.0,138438173.0,1210829.0,No,No,No definido,347.0,2018-02-02,2018,False,1
CO1.PCCNTR.6676514,Modificado,2024-08-27,2024-08-29,2025-02-28,Prestación de servicios,Contratación directa,179 Dia(s),59,75600000.0,72800000.0,2800000.0,No,No,Hombre,183.0,2024-08-27,2024,False,1
CO1.PCCNTR.697069,Cerrado,2019-01-02,2018-12-26,2020-12-30,Prestación de servicios,Selección abreviada subasta inversa,Dia(s),0,288790000.0,288790000.0,0.0,Si,No,Mujer,735.0,2019-01-02,2019,False,0
CO1.PCCNTR.4499027,Cerrado,2023-01-30,2023-01-30,2023-05-27,Prestación de servicios,Contratación directa,4 Mes(es),0,11287976.0,11287976.0,0.0,No,No,Hombre,117.0,2023-01-30,2023,False,1
CO1.PCCNTR.3551277,Cerrado,2022-02-07,2022-02-07,2022-12-31,Prestación de servicios,Contratación directa,334 Dia(s),0,77568561.0,76639596.0,928965.0,No,No,No definido,327.0,2022-02-07,2022,False,1
CO1.PCCNTR.1393103,Cerrado,2020-03-03,2020-02-17,2020-12-31,Prestación de servicios,Contratación directa,No definido,0,33842710.0,33205470.0,637240.0,No,No,Mujer,318.0,2020-03-03,2020,False,1
CO1.PCCNTR.8200238,En ejecución,2025-08-19,2025-08-21,2025-12-31,Prestación de servicios,Contratación directa,120 Dia(s),0,45333333.0,43333333.0,2000000.0,No,No,Mujer,132.0,2025-08-19,2025,False,1
CO1.PCCNTR.6141836,Cerrado,2024-03-22,2024-03-26,2024-12-31,Prestación de servicios,Contratación directa,297 Dia(s),0,110390033.0,110390033.0,0.0,No,No,Hombre,280.0,2024-03-22,2024,False,1
CO1.PCCNTR.1321780,Cerrado,2020-02-03,2020-01-27,2020-12-31,Prestación de servicios,Contratación directa,Dia(s),0,58034732.0,57178763.0,855969.0,No,No,No definido,339.0,2020-02-03,2020,False,1
CO1.PCCNTR.5263044,En ejecución,2023-08-11,2023-08-23,2023-12-16,Prestación de servicios,Selección abreviada subasta inversa,4 Mes(es),0,278412725.14,278412722.0,2.0,No,Si,No definido,115.0,2023-08-11,2023,False,0
CO1.PCCNTR.1414598,Cerrado,2020-03-12,2020-02-27,2021-04-25,Prestación de servicios,Contratación directa,Dia(s),0,122202253.0,121065356.0,1136897.0,No,No,Hombre,423.0,2020-03-12,2020,False,1
CO1.PCCNTR.811643,Cerrado,2019-03-28,2019-02-05,2019-12-31,Prestación de servicios,Contratación directa,No definido,0,28060778.0,18538652.0,9522126.0,No,No,No definido,329.0,2019-03-28,2019,False,1
CO1.PCCNTR.1398381,Cerrado,2020-03-03,2020-02-19,2021-03-31,Prestación de servicios,Contratación directa,Dia(s),0,121819574.0,121819574.0,0.0,No,No,No definido,406.0,2020-03-03,2020,False,1
CO1.PCCNTR.6561989,Cerrado,2024-07-26,2024-07-30,2025-03-18,Prestación de servicios,Contratación directa,234 Dia(s),0,46800000.0,45800000.0,1000000.0,No,No,No definido,231.0,2024-07-26,2024,False,1
CO1.PCCNTR.1367858,Cerrado,2020-03-03,2020-02-10,2021-04-30,Prestación de servicios,Contratación directa,Dia(s),0,111373667.0,109913667.0,1460000.0,No,No,No definido,445.0,2020-03-03,2020,False,1
CO1.PCCNTR.210404,Cerrado,2017-10-18,2017-10-04,2018-10-31,Prestación de servicios,Contratación directa (con ofertas),No definido,0,70078099.0,54624979.0,15453120.0,No,No,No definido,392.0,2017-10-18,2017,False,1
CO1.PCCNTR.7059520,En ejecución,2024-11-22,2024-11-28,2025-05-31,Prestación de servicios,Contratación directa,186 Dia(s),0,43757000.0,43057000.0,700000.0,No,No,No definido,184.0,2024-11-22,2024,False,1
CO1.PCCNTR.830479,Cerrado,2019-04-09,2019-02-13,2020-02-29,Prestación de servicios,Contratación directa,Dia(s),0,186426765.0,182542874.0,3883891.0,No,No,No definido,381.0,2019-04-09,2019,False,1
CO1.PCCNTR.6208055,Cerrado,2024-04-15,2024-04-17,2024-12-31,Prestación de servicios,Contratación directa,254 Dia(s),0,77913628.0,77913628.0,0.0,No,No,No definido,258.0,2024-04-15,2024,False,1
CO1.PCCNTR.6209706,Cerrado,2024-04-16,2024-04-19,2024-12-31,Prestación de servicios,Contratación directa,252 Dia(s),0,104136791.0,104136791.0,0.0,No,No,Mujer,256.0,2024-04-16,2024,False,1
CO1.PCCNTR.4227621,Cerrado,2022-11-25,2022-11-25,2023-08-31,Prestación de servicios,Contratación directa,287 Dia(s),0,75587003.0,73779937.0,1807066.0,No,No,No definido,279.0,2022-11-25,2022,False,1
CO1.PCCNTR.72801,Cerrado,2016-10-25,2016-10-13,2017-03-31,Prestación de servicios,Contratación directa (con ofertas),Dia(s),0,48586818.0,0.0,48586818.0,No,No,No definido,169.0,2016-10-25,2016,False,1
CO1.PCCNTR.452616,Cerrado,2018-06-29,2018-06-20,2018-12-31,Prestación de servicios,Contratación directa,No definido,0,24207760.0,15462548.0,8745211.0,No,No,No definido,194.0,2018-06-29,2018,False,1
CO1.PCCNTR.195701,Cerrado,2017-09-26,2017-09-17,2018-10-31,Prestación de servicios,Mínima cuantía,No definido,0,50315048.0,38953585.0,11361462.0,No,No,No definido,409.0,2017-09-26,2017,False,0
CO1.PCCNTR.7552835,En ejecución,2025-02-26,2025-02-28,2025-08-31,Prestación de servicios,Contratación directa,183 Dia(s),0,39650000.0,39216666.0,433334.0,Si,No,No definido,184.0,2025-02-26,2025,False,1
CO1.PCCNTR.8587965,Modificado,2025-11-19,2025-11-25,2026-10-31,Prestación de servicios,Contratación directa,340 Dia(s),91,105933200.0,55102350.0,50830850.0,No,No,Hombre,340.0,2025-11-19,2025,False,1
CO1.PCCNTR.449842,Cerrado,2018-07-12,2018-06-18,2018-12-31,Prestación de servicios,Contratación directa,No definido,0,43897805.0,43442905.0,454900.0,No,No,Hombre,196.0,2018-07-12,2018,False,1
CO1.PCCNTR.164716,Cerrado,2017-07-14,2017-06-28,2018-10-31,Prestación de servicios,Contratación directa (con ofertas),No definido,0,73650000.0,72150000.0,1500000.0,No,No,No definido,490.0,2017-07-14,2017,False,1
CO1.PCCNTR.126109,Cerrado,2017-04-10,2017-03-16,2018-03-14,Prestación de servicios,Contratación directa (con ofertas),No definido,0,81036636.0,80811534.0,225102.0,No,No,No definido,363.0,2017-04-10,2017,False,1
CO1.PCCNTR.4640262,Cerrado,2023-03-02,2023-03-02,2023-06-16,Prestación de servicios,Contratación directa,4 Mes(es),0,34003296.0,33436574.0,566722.0,No,No,No definido,106.0,2023-03-02,2023,False,1
CO1.PCCNTR.1595501,Cerrado,2020-06-08,2020-06-08,2020-12-31,Prestación de servicios,Contratación directa,219 Dia(s),0,55891233.0,53886166.0,2005067.0,No,No,No definido,206.0,2020-06-08,2020,False,1
CO1.PCCNTR.865688,Cerrado,2019-04-03,2019-02-26,2019-10-31,Prestación de servicios,Contratación directa,No definido,0,24600000.0,24300000.0,300000.0,No,No,No definido,247.0,2019-04-03,2019,False,1
CO1.PCCNTR.834043,Cerrado,2019-02-27,2019-02-14,2019-12-31,Prestación de servicios,Contratación directa,No definido,0,95729599.0,92216586.0,3513013.0,No,No,No definido,320.0,2019-02-27,2019,False,1
CO1.PCCNTR.6770677,Cerrado,2024-09-16,2024-09-23,2024-12-31,Prestación de servicios,Contratación directa,105 Dia(s),0,41884033.0,34492733.0,7391300.0,No,No,No definido,99.0,2024-09-16,2024,False,1
CO1.PCCNTR.7605026,Cedido,2025-03-07,2025-03-14,2025-11-13,Prestación de servicios,Contratación directa,8 Mes(es),0,64000000.0,62400000.0,1600000.0,No,No,Mujer,244.0,2025-03-07,2025,False,1
CO1.PCCNTR.5249990,Cerrado,2023-08-01,2023-08-01,2023-12-31,Prestación de servicios,Contratación directa,158 Dia(s),0,48600000.0,46200000.0,2400000.0,No,No,Mujer,152.0,2023-08-01,2023,False,1
CO1.PCCNTR.2178470,Cerrado,2021-02-05,2021-02-05,2022-06-15,Prestación de servicios,Contratación directa,339 Dia(s),0,55592533.0,54933334.0,659199.0,No,No,No definido,495.0,2021-02-05,2021,False,1
CO1.PCCNTR.6253097,Cerrado,2024-04-25,2024-04-29,2024-12-28,Prestación de servicios,Contratación directa,8 Mes(es),0,52000000.0,48533332.0,3466667.0,No,No,Hombre,243.0,2024-04-25,2024,False,1
CO1.PCCNTR.1331550,Cerrado,2020-02-11,2020-01-29,2020-12-31,Prestación de servicios,Contratación directa,No definido,0,65795835.0,64627861.0,1167974.0,No,No,No definido,337.0,2020-02-11,2020,False,1
CO1.PCCNTR.71006,Cerrado,2016-10-13,2016-10-05,2017-03-31,Prestación de servicios,Contratación directa (con ofertas),No definido,0,50950124.0,0.0,50950124.0,No,No,No definido,177.0,2016-10-13,2016,False,1
CO1.PCCNTR.3894276,Cerrado,2022-08-18,2022-08-18,2022-09-15,Prestación de servicios,Contratación directa,41 Dia(s),0,4155303.0,3916492.0,238811.0,No,No,Mujer,28.0,2022-08-18,2022,False,1
CO1.PCCNTR.7062321,En ejecución,2024-11-29,2024-12-06,2024-12-31,Compraventa,Selección abreviada subasta inversa,34 Dia(s),0,893840000.0,893840000.0,0.0,No,No,Mujer,25.0,2024-11-29,2024,False,0
CO1.PCCNTR.4120587,Cerrado,2022-10-28,2022-10-28,2022-12-15,Prestación de servicios,Contratación directa,63 Dia(s),0,7998991.0,7303426.0,695565.0,No,No,No definido,48.0,2022-10-28,2022,False,1
CO1.PCCNTR.134209,Cerrado,2017-11-20,2017-04-03,2018-10-31,Prestación de servicios,Mínima cuantía,Dia(s),0,35889210.0,34892867.0,996342.0,No,No,Hombre,576.0,2017-11-20,2017,False,0
CO1.PCCNTR.7490222,Cerrado,2025-02-19,2025-02-20,2025-10-19,Prestación de servicios,Contratación directa,8 Mes(es),0,67448000.0,67448000.0,0.0,No,No,No definido,241.0,2025-02-19,2025,False,1
CO1.PCCNTR.4682625,Cerrado,2023-03-02,2023-03-02,2023-06-23,Prestación de servicios,Contratación directa,4 Mes(es),0,11287976.0,11099843.0,188133.0,No,No,Hombre,113.0,2023-03-02,2023,False,1
CO1.PCCNTR.8313752,En ejecución,2025-09-25,2025-10-02,2025-12-31,Prestación de servicios,Contratación directa,109 Dia(s),0,33724000.0,25011967.0,8712033.0,No,No,Hombre,90.0,2025-09-25,2025,False,1
CO1.PCCNTR.4333428,Cerrado,2022-12-30,2022-12-30,2023-12-31,Prestación de servicios,Contratación directa,254 Dia(s),0,77862836.0,75351141.0,2511695.0,No,No,No definido,366.0,2022-12-30,2022,False,1
CO1.PCCNTR.1740421,Cerrado,2020-08-12,2020-08-13,2020-12-31,Prestación de servicios,Contratación directa,153 Dia(s),0,38005865.0,37018700.0,987165.0,No,No,No definido,140.0,2020-08-12,2020,False,1
CO1.PCCNTR.324781,Cerrado,2018-02-02,2018-01-24,2018-12-31,Prestación de servicios,Contratación directa,No definido,0,34400000.0,33600000.0,800000.0,No,No,No definido,341.0,2018-02-02,2018,False,1
CO1.PCCNTR.146711,Cerrado,2017-07-25,2017-05-09,2018-10-12,Prestación de servicios,Contratación directa (con ofertas),No definido,0,56056895.0,55729077.0,327818.0,No,No,Mujer,521.0,2017-07-25,2017,False,1
CO1.PCCNTR.4533486,Cerrado,2023-02-02,2023-02-02,2023-06-01,Prestación de servicios,Contratación directa,4 Mes(es),0,38481632.0,38481632.0,0.0,No,No,No definido,119.0,2023-02-02,2023,False,1
CO1.PCCNTR.5880390,Cerrado,2024-02-05,2024-02-08,2024-12-31,Prestación de servicios,Contratación directa,323 Dia(s),0,158837533.0,158345775.0,491758.0,No,No,No definido,327.0,2024-02-05,2024,False,1
CO1.PCCNTR.2416048,Cerrado,2021-05-03,2021-05-03,2021-12-15,Prestación de servicios,Contratación directa,236 Dia(s),0,30623863.0,30500875.0,122988.0,No,No,No definido,226.0,2021-05-03,2021,False,1
CO1.PCCNTR.3453900,Cerrado,2022-02-02,2022-02-02,2022-12-31,Prestación de servicios,Contratación directa,340 Dia(s),0,123600000.0,81437083.0,42162916.0,No,No,No definido,332.0,2022-02-02,2022,False,1
CO1.PCCNTR.5891888,Cerrado,2024-02-06,2024-02-08,2024-12-31,Prestación de servicios,Contratación directa,323 Dia(s),0,148024957.0,147566675.0,458282.0,No,No,No definido,327.0,2024-02-06,2024,False,1
CO1.PCCNTR.1331613,Cerrado,2020-02-11,2020-01-30,2020-12-31,Prestación de servicios,Contratación directa,Dia(s),0,40717185.0,39523132.0,1194053.0,No,No,No definido,336.0,2020-02-11,2020,False,1
CO1.PCCNTR.5524768,Cerrado,2023-11-09,2023-11-09,2024-06-30,Prestación de servicios,Contratación directa,236 Dia(s),0,44569460.0,43479742.0,1089718.0,No,No,Mujer,234.0,2023-11-09,2023,False,1
CO1.PCCNTR.2452423,Cerrado,2021-05-14,2021-05-14,2021-11-30,Prestación de servicios,Contratación directa,224 Dia(s),0,74867078.0,73536107.0,1330971.0,No,No,No definido,200.0,2021-05-14,2021,False,1
CO1.PCCNTR.4661471,Cerrado,2023-02-21,2023-02-21,2023-06-20,Prestación de servicios,Contratación directa,4 Mes(es),0,22925808.0,22543711.0,382097.0,No,No,Mujer,119.0,2023-02-21,2023,False,1
CO1.PCCNTR.7296987,En ejecución,2025-01-21,2025-01-23,2025-10-22,Prestación de servicios,Contratación directa,9 Mes(es),0,54990333.0,54990333.0,0.0,No,No,Hombre,272.0,2025-01-21,2025,False,1
CO1.PCCNTR.388870,Cerrado,2018-04-30,2018-04-18,2019-06-30,Suministros,Selección abreviada subasta inversa,No definido,0,311906400.0,311485543.0,420857.0,Si,No,No definido,438.0,2018-04-30,2018,False,0
CO1.PCCNTR.4208366,Cerrado,2022-11-25,2022-11-25,2023-08-31,Prestación de servicios,Contratación directa,294 Dia(s),0,56083500.0,54761666.0,1321834.0,No,No,No definido,279.0,2022-11-25,2022,False,1
CO1.PCCNTR.4567433,Cerrado,2023-02-07,2023-02-07,2023-06-06,Prestación de servicios,Contratación directa,4 Mes(es),0,28490332.0,28015493.0,474839.0,No,No,Hombre,119.0,2023-02-07,2023,False,1
CO1.PCCNTR.6311940,Cerrado,2024-05-14,2024-05-21,2025-05-20,Prestación de servicios,Contratación directa,302 Dia(s),0,107556730.0,107556730.0,0.0,No,No,No definido,364.0,2024-05-14,2024,False,1
CO1.PCCNTR.5948542,Cerrado,2024-02-15,2024-02-20,2024-12-31,Prestación de servicios,Contratación directa,8 Mes(es),0,42710667.0,42573333.0,137334.0,No,No,No definido,315.0,2024-02-15,2024,False,1
CO1.PCCNTR.5968501,Cerrado,2024-02-19,2024-02-23,2024-10-18,Prestación de servicios,Contratación directa,8 Mes(es),0,76384800.0,61107840.0,15276960.0,No,No,No definido,238.0,2024-02-19,2024,False,1
CO1.PCCNTR.6620496,En ejecución,2024-08-12,2024-08-13,2024-12-31,Prestación de servicios,Contratación directa,139 Dia(s),0,52602550.0,50763300.0,1839250.0,No,No,Mujer,140.0,2024-08-12,2024,False,1
CO1.PCCNTR.7580902,En ejecución,2025-02-28,2025-03-05,2025-12-04,Prestación de servicios,Contratación directa,9 Mes(es),0,155057391.0,155057391.0,0.0,No,No,No definido,274.0,2025-02-28,2025,False,1
CO1.PCCNTR.5880959,Cerrado,2024-02-07,2024-02-08,2024-12-31,Prestación de servicios,Contratación directa,323 Dia(s),0,99079141.0,98772394.0,306747.0,No,No,No definido,327.0,2024-02-07,2024,False,1
CO1.PCCNTR.7252583,En ejecución,2025-01-16,2025-01-17,2025-12-31,Prestación de servicios,Contratación directa,345 Dia(s),0,133198348.0,132812265.0,386083.0,No,No,No definido,348.0,2025-01-16,2025,False,1
CO1.PCCNTR.5042479,Cerrado,2023-06-07,2023-06-09,2023-08-09,Compraventa,Mínima cuantía,2 Mes(es),0,21360619.0,21360619.0,0.0,Si,No,Mujer,61.0,2023-06-07,2023,False,0
CO1.PCCNTR.7710093,En ejecución,2025-03-28,2025-04-03,2025-12-02,Prestación de servicios,Contratación directa,8 Mes(es),0,48192000.0,48192000.0,0.0,No,No,No definido,243.0,2025-03-28,2025,False,1
CO1.PCCNTR.7123145,Cerrado,2024-12-09,2024-12-17,2025-10-31,Prestación de servicios,Contratación directa,321 Dia(s),0,70872794.0,69178324.0,1694470.0,No,No,Hombre,318.0,2024-12-09,2024,False,1
CO1.PCCNTR.5603719,En ejecución,2023-12-18,2023-12-18,2024-01-15,Prestación de servicios,Selección abreviada subasta inversa,45 Dia(s),0,260012338.7,0.0,260012338.0,No,No,Hombre,28.0,2023-12-18,2023,False,0
CO1.PCCNTR.5454805,Cerrado,2023-10-17,2023-10-17,2024-06-30,Prestación de servicios,Contratación directa,263 Dia(s),0,57536000.0,54436000.0,3100000.0,No,No,Mujer,257.0,2023-10-17,2023,False,1
CO1.PCCNTR.2178746,Cerrado,2021-02-05,2021-02-05,2022-06-15,Prestación de servicios,Contratación directa,339 Dia(s),0,57063289.0,55925231.0,1138058.0,No,No,No definido,495.0,2021-02-05,2021,False,1
CO1.PCCNTR.75201,Cerrado,2016-11-04,2016-10-24,2017-03-31,Prestación de servicios,Contratación directa (con ofertas),Dia(s),0,15410029.0,0.0,15410029.0,No,No,No definido,158.0,2016-11-04,2016,False,1
CO1.PCCNTR.8731264,Modificado,2025-12-26,2025-12-29,2026-10-31,Prestación de servicios,Contratación directa,306 Dia(s),92,52843867.0,31538987.0,21304880.0,No,No,Hombre,306.0,2025-12-26,2025,False,1
CO1.PCCNTR.4184602,Modificado,2022-11-11,2022-11-11,2026-10-31,Otro,Contratación directa,1430 Dia(s),92,1171822478.0,0.0,1171822478.0,No,No,No definido,1450.0,2022-11-11,2022,False,1
CO1.PCCNTR.1902084,Cerrado,2020-11-13,2020-11-13,2021-12-15,Prestación de servicios,Contratación directa,358 Dia(s),0,114850735.0,114583641.0,267094.0,No,No,No definido,397.0,2020-11-13,2020,False,1
CO1.PCCNTR.1984795,Cerrado,2020-12-07,2020-12-07,2021-10-31,Prestación de servicios,Contratación directa,355 Dia(s),0,52450690.0,51564324.0,886366.0,No,No,No definido,328.0,2020-12-07,2020,False,1
CO1.PCCNTR.87602,Cerrado,2017-02-10,2016-12-15,2017-12-14,Prestación de servicios,Contratación directa (con ofertas),No definido,0,5236240.0,0.0,5236240.0,Si,No,Hombre,364.0,2017-02-10,2017,False,1
CO1.PCCNTR.5186028,Cerrado,2023-07-06,2023-07-06,2023-12-31,Prestación de servicios,Contratación directa,180 Dia(s),0,57804084.0,54421930.0,3382154.0,No,No,Mujer,178.0,2023-07-06,2023,False,1
CO1.PCCNTR.5379058,En ejecución,2023-10-12,2023-10-13,2023-12-15,Compraventa,Selección abreviada subasta inversa,2 Mes(es),0,870887000.0,870887000.0,0.0,No,Si,No definido,63.0,2023-10-12,2023,False,0
CO1.PCCNTR.2217869,Cerrado,2021-02-25,2021-02-25,2021-10-29,Prestación de servicios,Contratación directa,331 Dia(s),0,28222000.0,27295000.0,927000.0,No,No,Mujer,246.0,2021-02-25,2021,False,1
CO1.PCCNTR.5179320,Cerrado,2023-07-14,2023-07-14,2023-12-31,Prestación de servicios,Contratación directa,184 Dia(s),0,36760185.0,34231707.0,2528478.0,No,No,No definido,170.0,2023-07-14,2023,False,1
CO1.PCCNTR.95801,Cerrado,2017-02-10,2016-12-12,2016-12-30,Prestación de servicios,Mínima cuantía,No definido,0,35080000.0,0.0,35080000.0,Si,No,Hombre,18.0,2017-02-10,2017,False,0
CO1.PCCNTR.7461298,En ejecución,2025-02-12,2025-02-14,2025-12-13,Prestación de servicios,Contratación directa,10 Mes(es),0,46780000.0,46468133.0,311867.0,No,No,Mujer,302.0,2025-02-12,2025,False,1
CO1.PCCNTR.684087,Cerrado,2018-12-26,2018-12-10,2019-11-30,Prestación de servicios,Contratación directa,No definido,0,52898560.0,51884622.0,1013938.0,No,No,No definido,355.0,2018-12-26,2018,False,1
CO1.PCCNTR.6307815,Cerrado,2024-05-09,2024-05-15,2024-12-31,Prestación de servicios,Contratación directa,232 Dia(s),0,80000000.0,75333333.0,4666667.0,No,No,No definido,230.0,2024-05-09,2024,False,1
CO1.PCCNTR.2900043,Cerrado,2021-10-08,2021-10-08,2022-12-31,Prestación de servicios,Contratación directa,342 Dia(s),0,81611657.0,81262516.0,349141.0,No,No,Mujer,449.0,2021-10-08,2021,False,1
CO1.PCCNTR.249630,Cerrado,2018-01-23,2017-12-18,2018-10-31,Prestación de servicios,Contratación directa (con ofertas),No definido,0,52655797.0,51503951.0,1151846.0,No,No,No definido,317.0,2018-01-23,2018,False,1
CO1.PCCNTR.4486073,Cerrado,2023-01-27,2023-01-27,2023-05-26,Prestación de servicios,Contratación directa,4 Mes(es),0,22104740.0,22104740.0,0.0,No,No,Mujer,119.0,2023-01-27,2023,False,1
CO1.PCCNTR.299677,Cerrado,2018-02-02,2018-01-18,2018-12-31,Prestación de servicios,Contratación directa,No definido,0,102270588.0,101383849.0,886739.0,No,No,Mujer,347.0,2018-02-02,2018,False,1
CO1.PCCNTR.520534,Cerrado,2018-08-17,2018-08-09,2019-03-15,Prestación de servicios,Contratación directa,No definido,0,52711485.0,50837299.0,1874186.0,No,No,No definido,218.0,2018-08-17,2018,False,1
CO1.PCCNTR.84806,Cerrado,2016-11-18,2016-11-15,2017-05-15,Otro,Contratación directa (con ofertas),No definido,0,1.0,0.0,1.0,No,No,No definido,181.0,2016-11-18,2016,False,1
CO1.PCCNTR.3088235,Cerrado,2021-12-13,2021-12-13,2022-10-14,Prestación de servicios,Contratación directa,211 Dia(s),0,56069431.0,55213461.0,855970.0,No,No,Mujer,305.0,2021-12-13,2021,False,1
CO1.PCCNTR.5827978,Cerrado,2024-01-29,2024-02-01,2024-12-31,Prestación de servicios,Contratación directa,11 Mes(es),0,144433300.0,144433300.0,0.0,No,No,Mujer,334.0,2024-01-29,2024,False,1
CO1.PCCNTR.5508189,Cerrado,2023-11-16,2023-11-16,2024-10-31,Prestación de servicios,Contratación directa,1 Año(s),0,3731213119.0,0.0,3731213119.0,No,No,No definido,350.0,2023-11-16,2023,False,1
CO1.PCCNTR.1318317,Cerrado,2020-02-07,2020-01-27,2020-08-31,Prestación de servicios,Contratación directa,Dia(s),0,22941254.0,6563434.0,16377820.0,No,No,No definido,217.0,2020-02-07,2020,False,1
CO1.PCCNTR.705818,Cerrado,2019-01-31,2018-12-31,2019-10-31,Prestación de servicios,Selección abreviada subasta inversa,No definido,0,426942243.0,308917434.0,118024809.0,Si,No,Hombre,304.0,2019-01-31,2019,False,0
CO1.PCCNTR.205817,Cerrado,2017-10-20,2017-10-04,2018-11-16,Prestación de servicios,Contratación directa (con ofertas),No definido,0,138183892.0,135220551.0,2963341.0,No,No,No definido,408.0,2017-10-20,2017,False,1
CO1.PCCNTR.3141103,Cerrado,2021-12-30,2021-12-30,2022-11-22,Prestación de servicios,Contratación directa,221 Dia(s),0,85409542.0,84138567.0,1270975.0,No,No,No definido,327.0,2021-12-30,2021,False,1
CO1.PCCNTR.149402,Cerrado,2017-07-05,2017-05-18,2018-04-06,Prestación de servicios,Contratación directa (con ofertas),Dia(s),0,53518483.0,6390266.0,47128217.0,No,No,No definido,323.0,2017-07-05,2017,False,1
CO1.PCCNTR.2037951,Cerrado,2020-12-28,2020-12-28,2020-12-31,Prestación de servicios,Selección abreviada subasta inversa,10 Dia(s),0,914939400.0,914939394.0,5.0,Si,Si,Hombre,3.0,2020-12-28,2020,False,0
CO1.PCCNTR.658406,Cerrado,2018-12-17,2018-11-21,2018-12-31,Prestación de servicios,Contratación directa,No definido,0,15626982.0,13022485.0,2604497.0,No,No,No definido,40.0,2018-12-17,2018,False,1
CO1.PCCNTR.1614214,Cerrado,2020-06-16,2020-06-16,2021-04-15,Prestación de servicios,Contratación directa,211 Dia(s),0,85582802.0,84268772.0,1314030.0,No,No,No definido,303.0,2020-06-16,2020,False,1
CO1.PCCNTR.150303,Cerrado,2017-07-27,2017-05-19,2017-11-30,Prestación de servicios,Contratación directa (con ofertas),No definido,0,63343991.0,61736275.0,1607716.0,No,No,No definido,195.0,2017-07-27,2017,False,1
CO1.PCCNTR.5693951,Cerrado,2023-12-28,2023-12-28,2024-05-31,Prestación de servicios,Contratación directa,161 Dia(s),0,33489392.0,32442848.0,1046544.0,No,No,No definido,155.0,2023-12-28,2023,False,1
CO1.PCCNTR.8670788,Modificado,2025-12-05,2025-12-11,2026-10-31,Prestación de servicios,Contratación directa,330 Dia(s),91,73761279.0,44944919.0,28816360.0,No,No,No definido,324.0,2025-12-05,2025,False,1
CO1.PCCNTR.5185983,Cerrado,2023-07-06,2023-07-06,2023-12-31,Prestación de servicios,Contratación directa,180 Dia(s),0,22135558.0,21178345.0,957213.0,No,No,No definido,178.0,2023-07-06,2023,False,1
CO1.PCCNTR.3140924,Cerrado,2021-12-31,2021-12-31,2022-11-22,Prestación de servicios,Contratación directa,220 Dia(s),0,90951930.0,89327788.0,1624142.0,No,No,No definido,326.0,2021-12-31,2021,False,1
CO1.PCCNTR.3520747,Cerrado,2022-02-03,2022-02-03,2022-12-31,Prestación de servicios,Contratación directa,338 Dia(s),0,111779662.0,111114307.0,665355.0,No,No,Mujer,331.0,2022-02-03,2022,False,1
CO1.PCCNTR.7586635,Modificado,2025-03-04,2025-03-06,2025-12-31,Prestación de servicios,Contratación directa,295 Dia(s),0,86887333.0,86887333.0,0.0,No,No,Mujer,300.0,2025-03-04,2025,False,1
CO1.PCCNTR.5826595,Cerrado,2024-01-31,2024-02-02,2024-12-31,Prestación de servicios,Contratación directa,299 Dia(s),0,59373533.0,59193067.0,180466.0,No,No,Hombre,333.0,2024-01-31,2024,False,1
CO1.PCCNTR.6491235,Cerrado,2024-07-04,2024-07-09,2025-03-31,Prestación de servicios,Contratación directa,176 Dia(s),0,36877933.0,34880933.0,1997000.0,No,No,Mujer,265.0,2024-07-04,2024,False,1
CO1.PCCNTR.5304980,Cerrado,2023-08-28,2023-09-04,2023-12-22,Suministros,Mínima cuantía,4 Mes(es),0,69817824.0,11340942.0,58476881.0,Si,No,Hombre,109.0,2023-08-28,2023,False,0
CO1.PCCNTR.4355082,Cerrado,2023-01-13,2023-01-13,2023-05-31,Prestación de servicios,Contratación directa,154 Dia(s),0,45263299.0,43014191.0,2249108.0,No,No,No definido,138.0,2023-01-13,2023,False,1
CO1.PCCNTR.3151710,Cerrado,2021-12-31,2021-12-31,2022-11-06,Prestación de servicios,Contratación directa,207 Dia(s),0,80801680.0,80027223.0,774457.0,No,No,No definido,310.0,2021-12-31,2021,False,1
CO1.PCCNTR.2266258,Cerrado,2021-02-20,2021-02-20,2021-12-31,Prestación de servicios,Contratación directa,319 Dia(s),0,80202667.0,78698867.0,1503800.0,No,No,No definido,314.0,2021-02-20,2021,False,1
CO1.PCCNTR.6491230,Cerrado,2024-07-04,2024-07-08,2025-03-31,Prestación de servicios,Contratación directa,266 Dia(s),0,73866667.0,70133333.0,3733334.0,No,No,Hombre,266.0,2024-07-04,2024,False,1
CO1.PCCNTR.2193031,Cerrado,2021-02-11,2021-02-11,2021-12-31,Prestación de servicios,Contratación directa,337 Dia(s),0,99975803.0,10414146.0,89561657.0,No,No,No definido,323.0,2021-02-11,2021,False,1
CO1.PCCNTR.5458527,Cerrado,2023-10-18,2023-10-18,2024-07-31,Prestación de servicios,Contratación directa,292 Dia(s),0,57529431.0,42161980.0,15367451.0,Si,No,No definido,287.0,2023-10-18,2023,False,1
CO1.PCCNTR.2813103,Cerrado,2021-09-15,2021-09-15,2021-12-31,Prestación de servicios,Contratación directa,121 Dia(s),0,33333333.0,32000000.0,1333333.0,No,No,Mujer,107.0,2021-09-15,2021,False,1
CO1.PCCNTR.8265943,En ejecución,2025-09-09,2025-10-01,2027-08-31,Decreto 092 de 2017,Contratación régimen especial,729 Dia(s),0,0.0,0.0,0.0,No,No,Hombre,699.0,2025-09-09,2025,True,0
CO1.PCCNTR.8718494,En ejecución,2025-12-20,2025-12-29,2026-07-31,Prestación de servicios,Contratación directa,225 Dia(s),0,59547367.0,48501267.0,11046100.0,No,No,No definido,214.0,2025-12-20,2025,False,1
CO1.PCCNTR.814986,Cerrado,2019-03-12,2019-02-05,2020-03-31,Prestación de servicios,Contratación directa,Dia(s),0,53210772.0,51470233.0,1740539.0,No,No,No definido,420.0,2019-03-12,2019,False,1
CO1.PCCNTR.6558522,Cerrado,2024-08-08,2024-08-22,2024-12-13,Suministros,Mínima cuantía,129 Dia(s),0,47987115.0,47986571.0,543.0,No,No,Hombre,113.0,2024-08-08,2024,False,0
CO1.PCCNTR.3422478,Cerrado,2022-02-02,2022-02-02,2022-12-31,Prestación de servicios,Contratación directa,340 Dia(s),0,79008292.0,77170890.0,1837402.0,No,No,No definido,332.0,2022-02-02,2022,False,1
CO1.PCCNTR.5570665,Cerrado,2023-12-04,2023-12-05,2025-09-30,Prestación de servicios,Mínima cuantía,22 Mes(es),183,7000000.0,2421332.0,4578668.0,Si,No,Hombre,665.0,2023-12-04,2023,False,0
CO1.PCCNTR.8500667,Modificado,2025-11-04,2025-11-25,2026-12-31,Prestación de servicios,Contratación directa,396 Dia(s),153,237754667.0,129214493.0,108540174.0,No,No,No definido,401.0,2025-11-04,2025,False,1
CO1.PCCNTR.4651538,Cerrado,2023-02-22,2023-02-22,2023-06-17,Prestación de servicios,Contratación directa,4 Mes(es),0,54511972.0,53603439.0,908533.0,No,No,No definido,115.0,2023-02-22,2023,False,1
CO1.PCCNTR.135001,Cerrado,2017-05-02,2017-04-05,2018-07-31,Prestación de servicios,Contratación directa (con ofertas),No definido,0,89778333.0,89411667.0,366666.0,No,No,No definido,482.0,2017-05-02,2017,False,1
CO1.PCCNTR.5859376,En ejecución,2024-02-05,2024-02-09,2026-01-31,Otro,Contratación directa,2 Año(s),0,3804585858.0,0.0,3804585858.0,No,No,No definido,722.0,2024-02-05,2024,False,1
CO1.PCCNTR.8381790,Modificado,2025-10-02,2025-11-04,2026-10-31,Prestación de servicios,Contratación directa,269 Dia(s),92,106888000.0,61633000.0,45255000.0,No,No,Hombre,361.0,2025-10-02,2025,False,1
CO1.PCCNTR.9001836,En ejecución,2026-01-22,2026-01-26,2026-12-31,Prestación de servicios,Contratación directa,343 Dia(s),0,150875340.0,68984300.0,81891040.0,No,No,Mujer,339.0,2026-01-22,2026,False,1
CO1.PCCNTR.2224421,Cerrado,2021-02-17,2021-02-17,2022-06-15,Prestación de servicios,Contratación directa,330 Dia(s),0,92185482.0,88846771.0,3338710.0,No,No,No definido,483.0,2021-02-17,2021,False,1
CO1.PCCNTR.333838,Cerrado,2018-02-02,2018-01-23,2018-12-31,Prestación de servicios,Contratación directa,No definido,0,73414280.0,71716840.0,1697440.0,No,No,Mujer,342.0,2018-02-02,2018,False,1
CO1.PCCNTR.4669264,Cerrado,2023-02-23,2023-02-23,2023-06-21,Prestación de servicios,Contratación directa,4 Mes(es),0,35705644.0,35110549.0,595094.0,No,No,Mujer,118.0,2023-02-23,2023,False,1
CO1.PCCNTR.3154203,Cerrado,2021-12-31,2021-12-31,2022-11-06,Prestación de servicios,Contratación directa,206 Dia(s),0,90636245.0,89477954.0,1158291.0,No,No,Hombre,310.0,2021-12-31,2021,False,1
CO1.PCCNTR.7342324,Cerrado,2025-01-28,2025-01-31,2025-12-31,Prestación de servicios,Contratación directa,333 Dia(s),0,1237307001.0,1237307001.0,0.0,No,No,Hombre,334.0,2025-01-28,2025,False,1
CO1.PCCNTR.7296281,En ejecución,2025-01-22,2025-01-23,2025-12-31,Prestación de servicios,Contratación directa,342 Dia(s),0,87756500.0,85975933.0,1780567.0,No,No,Mujer,342.0,2025-01-22,2025,False,1
CO1.PCCNTR.7576160,En ejecución,2025-03-05,2025-03-13,2025-12-12,Prestación de servicios,Contratación directa,9 Mes(es),0,102292308.0,102292308.0,0.0,No,No,No definido,274.0,2025-03-05,2025,False,1
CO1.PCCNTR.299575,Cerrado,2018-02-02,2018-01-18,2018-12-31,Prestación de servicios,Contratación directa,No definido,0,163085716.0,161671678.0,1414038.0,No,No,No definido,347.0,2018-02-02,2018,False,1
CO1.PCCNTR.3141137,Cerrado,2021-12-30,2021-12-30,2022-11-22,Prestación de servicios,Contratación directa,220 Dia(s),0,51231522.0,50316673.0,914849.0,No,No,No definido,327.0,2021-12-30,2021,False,1
CO1.PCCNTR.1607256,Cerrado,2020-06-08,2020-06-08,2020-12-31,Prestación de servicios,Contratación directa,213 Dia(s),0,22809350.0,22278900.0,530450.0,No,No,Mujer,206.0,2020-06-08,2020,False,1
CO1.PCCNTR.8680202,En ejecución,2025-12-11,2025-12-16,2026-07-31,Prestación de servicios,Contratación directa,233 Dia(s),0,26658833.0,22426400.0,4232433.0,No,No,Mujer,227.0,2025-12-11,2025,False,1
CO1.PCCNTR.461352,Cerrado,2018-08-15,2018-06-26,2018-12-31,Prestación de servicios,Contratación directa,No definido,0,37200000.0,36800000.0,400000.0,No,No,No definido,188.0,2018-08-15,2018,False,1
CO1.PCCNTR.8609157,Modificado,2025-11-21,2025-11-26,2026-10-31,Prestación de servicios,Contratación directa,339 Dia(s),91,151720400.0,94931200.0,56789200.0,No,No,Hombre,339.0,2025-11-21,2025,False,1
CO1.PCCNTR.3398628,Cerrado,2022-02-02,2022-02-02,2022-12-31,Prestación de servicios,Contratación directa,344 Dia(s),0,181432402.0,180371394.0,1061008.0,No,No,No definido,332.0,2022-02-02,2022,False,1
CO1.PCCNTR.129410,Cerrado,2017-04-10,2017-03-27,2017-11-30,Prestación de servicios,Contratación directa (con ofertas),No definido,0,40021222.0,38905092.0,1116130.0,No,No,No definido,248.0,2017-04-10,2017,False,1
CO1.PCCNTR.4640808,Cerrado,2023-02-19,2023-02-19,2023-06-16,Prestación de servicios,Contratación directa,4 Mes(es),0,50801176.0,49954490.0,846686.0,No,No,No definido,117.0,2023-02-19,2023,False,1
CO1.PCCNTR.7135798,En ejecución,2024-12-12,2024-12-20,2025-06-30,Prestación de servicios,Contratación directa,198 Dia(s),0,53066667.0,50933333.0,2133334.0,No,No,Hombre,192.0,2024-12-12,2024,False,1
CO1.PCCNTR.1316689,Cerrado,2020-02-26,2020-01-24,2020-12-31,Prestación de servicios,Contratación directa,No definido,0,80247768.0,80010349.0,237419.0,No,No,Mujer,342.0,2020-02-26,2020,False,1
CO1.PCCNTR.3552914,Cerrado,2022-02-07,2022-02-07,2023-03-31,Prestación de servicios,Contratación directa,334 Dia(s),0,332090430.0,330178430.0,1912000.0,No,No,Mujer,417.0,2022-02-07,2022,False,1
CO1.PCCNTR.82901,Cerrado,2016-12-01,2016-11-15,2017-09-15,Prestación de servicios,Contratación directa (con ofertas),No definido,0,56105135.0,0.0,56105135.0,No,No,Mujer,304.0,2016-12-01,2016,False,1
CO1.PCCNTR.6223939,Cerrado,2024-04-22,2024-04-25,2024-12-24,Prestación de servicios,Contratación directa,8 Mes(es),0,102000000.0,101950000.0,50000.0,No,No,Mujer,243.0,2024-04-22,2024,False,1
CO1.PCCNTR.5699551,Terminado,2023-12-29,2023-12-29,2024-12-31,Prestación de servicios,Contratación directa,367 Dia(s),0,86468500.0,75097300.0,11371200.0,No,No,Hombre,368.0,2023-12-29,2023,False,1
CO1.PCCNTR.2055191,Cerrado,2020-12-18,2020-12-18,2021-12-31,Prestación de servicios,Contratación directa,355 Dia(s),0,86518452.0,84957552.0,1560900.0,No,No,Hombre,378.0,2020-12-18,2020,False,1
CO1.PCCNTR.2348319,Cerrado,2021-03-17,2021-03-17,2021-11-30,Prestación de servicios,Contratación directa,233 Dia(s),0,26300000.0,25900000.0,400000.0,No,No,Hombre,258.0,2021-03-17,2021,False,1
CO1.PCCNTR.7619432,En ejecución,2025-03-13,2025-03-19,2025-11-18,Prestación de servicios,Contratación directa,8 Mes(es),0,60944000.0,60944000.0,0.0,No,No,Mujer,244.0,2025-03-13,2025,False,1
CO1.PCCNTR.4651939,Cerrado,2023-02-22,2023-02-22,2023-06-17,Prestación de servicios,Contratación directa,4 Mes(es),0,22660000.0,22282333.0,377667.0,No,No,No definido,115.0,2023-02-22,2023,False,1
CO1.PCCNTR.245411,Cerrado,2017-12-29,2017-12-11,2018-11-30,Prestación de servicios,Contratación directa (con ofertas),No definido,0,235021709.0,219150992.0,15870717.0,No,No,No definido,354.0,2017-12-29,2017,False,1
CO1.PCCNTR.146806,Cerrado,2017-08-01,2017-05-09,2018-10-12,Prestación de servicios,Contratación directa (con ofertas),No definido,0,201021222.0,201021222.0,0.0,No,No,No definido,521.0,2017-08-01,2017,False,1
CO1.PCCNTR.8720429,Modificado,2025-12-19,2025-12-24,2026-10-31,Prestación de servicios,Contratación directa,310 Dia(s),92,132000000.0,78400000.0,53600000.0,No,No,No definido,311.0,2025-12-19,2025,False,1
CO1.PCCNTR.267836,Cerrado,2018-01-10,2017-12-28,2018-12-31,Prestación de servicios,Contratación directa,No definido,0,99766667.0,99220000.0,546667.0,No,No,No definido,368.0,2018-01-10,2018,False,1
CO1.PCCNTR.6190419,Modificado,2024-04-10,2024-04-12,2025-03-31,Prestación de servicios,Contratación directa,351 Dia(s),90,103972917.0,103972917.0,0.0,No,No,Mujer,353.0,2024-04-10,2024,False,1
CO1.PCCNTR.2555144,Cerrado,2021-07-09,2021-07-09,2021-11-16,Prestación de servicios,Contratación directa,169 Dia(s),0,45366350.0,43821350.0,1545000.0,No,No,No definido,130.0,2021-07-09,2021,False,1
CO1.PCCNTR.522116,Cerrado,2018-08-17,2018-08-09,2019-03-15,Prestación de servicios,Contratación directa,No definido,0,52711485.0,50837299.0,1874186.0,No,No,No definido,218.0,2018-08-17,2018,False,1
CO1.PCCNTR.4522375,Cerrado,2023-02-01,2023-02-01,2023-05-31,Prestación de servicios,Contratación directa,4 Mes(es),0,36070600.0,36070600.0,0.0,No,No,No definido,119.0,2023-02-01,2023,False,1
CO1.PCCNTR.813937,Cerrado,2019-03-22,2019-02-05,2019-12-31,Prestación de servicios,Contratación directa,No definido,0,19920000.0,19440000.0,480000.0,No,No,No definido,329.0,2019-03-22,2019,False,1
CO1.PCCNTR.222024,Cerrado,2017-11-14,2017-10-26,2018-07-29,Prestación de servicios,Contratación directa (con ofertas),Dia(s),0,84485210.0,14891277.0,69593933.0,No,No,No definido,276.0,2017-11-14,2017,False,1
CO1.PCCNTR.5352683,Modificado,2023-10-24,2023-12-20,2028-12-19,Negocio fiduciario,Seleccion abreviada menor cuantia sin manifestacion interes,5 Año(s),0,62445225270.43,12118079643.0,50327145626.0,No,Si,No definido,1826.0,2023-10-24,2023,False,0
CO1.PCCNTR.8673769,En ejecución,2025-12-11,2025-12-19,2026-07-31,Prestación de servicios,Contratación directa,238 Dia(s),0,64879967.0,51040600.0,13839367.0,No,No,Hombre,224.0,2025-12-11,2025,False,1
CO1.PCCNTR.182912,Cerrado,2017-08-16,2017-08-03,2017-12-31,Otro,Contratación directa (con ofertas),No definido,0,739722302.0,739722302.0,0.0,No,No,No definido,150.0,2017-08-16,2017,False,1
CO1.PCCNTR.5489560,En ejecución,2023-11-03,2023-11-10,2023-12-15,Compraventa,Selección abreviada subasta inversa,1 Año(s),0,497892580.0,497892580.0,0.0,Si,Si,Hombre,35.0,2023-11-03,2023,False,0
CO1.PCCNTR.2195174,Cerrado,2021-02-17,2021-02-17,2022-06-17,Prestación de servicios,Contratación directa,336 Dia(s),0,126820467.0,125066034.0,1754433.0,No,No,Hombre,485.0,2021-02-17,2021,False,1
CO1.PCCNTR.8104050,Terminado,2025-07-23,2025-07-28,2025-11-30,Prestación de servicios,Contratación directa,129 Dia(s),0,36000000.0,30933333.0,5066667.0,Si,No,Hombre,125.0,2025-07-23,2025,False,1
CO1.PCCNTR.5880926,Cerrado,2024-02-02,2024-02-07,2024-12-31,Prestación de servicios,Contratación directa,324 Dia(s),0,159329290.0,158837533.0,491757.0,No,No,No definido,328.0,2024-02-02,2024,False,1
CO1.PCCNTR.2062620,Cerrado,2020-12-21,2020-12-21,2021-12-15,Prestación de servicios,Mínima cuantía,12 Mes(es),0,65255070.0,65255070.0,0.0,Si,No,Hombre,359.0,2020-12-21,2020,False,0
CO1.PCCNTR.1998911,Cerrado,2020-12-02,2020-12-02,2021-10-31,Prestación de servicios,Contratación directa,348 Dia(s),0,71123707.0,69547558.0,1576149.0,No,No,Hombre,333.0,2020-12-02,2020,False,1
CO1.PCCNTR.9006024,En ejecución,2026-01-22,2026-01-26,2026-12-31,Prestación de servicios,Contratación directa,343 Dia(s),0,51415000.0,23508333.0,27906667.0,No,No,Mujer,339.0,2026-01-22,2026,False,1
CO1.PCCNTR.796802,Cerrado,2019-02-26,2019-01-30,2019-12-31,Prestación de servicios,Contratación directa,No definido,0,78561151.0,76514103.0,2047048.0,No,No,No definido,335.0,2019-02-26,2019,False,1
CO1.PCCNTR.849663,Cerrado,2019-04-02,2019-02-19,2019-12-31,Prestación de servicios,Contratación directa,No definido,0,73426308.0,71804907.0,1621401.0,No,No,Hombre,315.0,2019-04-02,2019,False,1
CO1.PCCNTR.4236462,Cerrado,2022-11-25,2022-11-25,2023-12-31,Prestación de servicios,Contratación directa,286 Dia(s),0,82648661.0,81237586.0,1411075.0,No,No,Hombre,401.0,2022-11-25,2022,False,1
CO1.PCCNTR.5213714,Cerrado,2023-07-14,2023-07-14,2024-02-29,Prestación de servicios,Contratación directa,172 Dia(s),0,126222843.0,124583585.0,1639258.0,No,No,No definido,230.0,2023-07-14,2023,False,1
CO1.PCCNTR.6085714,Cerrado,2024-03-15,2024-03-20,2024-12-31,Prestación de servicios,Contratación directa,8 Mes(es),0,56415433.0,54608533.0,1806900.0,No,No,No definido,286.0,2024-03-15,2024,False,1
CO1.PCCNTR.146409,Cerrado,2017-07-25,2017-05-10,2017-11-30,Prestación de servicios,Contratación directa (con ofertas),No definido,0,18388933.0,17770075.0,618858.0,No,No,No definido,204.0,2017-07-25,2017,False,1
CO1.PCCNTR.2516147,Cerrado,2021-05-27,2021-05-27,2021-11-30,Prestación de servicios,Contratación directa,200 Dia(s),0,51129200.0,49374767.0,1754433.0,No,No,No definido,187.0,2021-05-27,2021,False,1
CO1.PCCNTR.299574,Cerrado,2018-02-02,2018-01-18,2018-12-31,Prestación de servicios,Contratación directa,No definido,0,163085716.0,161671678.0,1414038.0,No,No,Hombre,347.0,2018-02-02,2018,False,1
CO1.PCCNTR.5161070,Cerrado,2023-06-30,2023-06-30,2024-02-29,Prestación de servicios,Contratación directa,186 Dia(s),0,97510773.0,95151641.0,2359132.0,No,No,No definido,244.0,2023-06-30,2023,False,1
CO1.PCCNTR.7392304,Modificado,2025-02-06,2025-02-17,2025-12-31,Prestación de servicios,Contratación directa,314 Dia(s),77,115750867.0,115013600.0,737267.0,No,No,No definido,317.0,2025-02-06,2025,False,1
CO1.PCCNTR.695192,Cerrado,2019-01-31,2018-12-28,2019-11-23,Prestación de servicios,Mínima cuantía,No definido,0,34500000.0,11012229.0,23487771.0,Si,No,Mujer,330.0,2019-01-31,2019,False,0
CO1.PCCNTR.5626075,Cerrado,2023-12-15,2023-12-20,2023-12-29,Prestación de servicios,Mínima cuantía,22 Dia(s),0,10000000.0,8588682.0,1411317.0,Si,No,Hombre,9.0,2023-12-15,2023,False,0
CO1.PCCNTR.4226978,Cerrado,2022-11-25,2022-11-25,2023-08-31,Prestación de servicios,Contratación directa,287 Dia(s),0,75587003.0,73779937.0,1807066.0,No,No,No definido,279.0,2022-11-25,2022,False,1
CO1.PCCNTR.3945005,Cerrado,2022-08-30,2022-08-30,2022-12-31,Prestación de servicios,Contratación directa,134 Dia(s),0,208402134.0,206868262.0,1533872.0,Si,No,Hombre,123.0,2022-08-30,2022,False,1
CO1.PCCNTR.7395228,Cedido,2025-02-06,2025-02-12,2025-12-11,Prestación de servicios,Contratación directa,10 Mes(es),0,81160000.0,80348401.0,811599.0,No,No,Mujer,302.0,2025-02-06,2025,False,1
CO1.PCCNTR.81601,Cerrado,2016-12-07,2016-11-03,2017-10-31,Prestación de servicios,Contratación directa (con ofertas),No definido,0,65704056.0,0.0,65704056.0,No,No,No definido,362.0,2016-12-07,2016,False,1
CO1.PCCNTR.5409413,Cerrado,2023-09-27,2023-09-27,2024-08-23,Prestación de servicios,Contratación directa,332 Dia(s),0,104898410.0,102486141.0,2412269.0,No,No,Hombre,331.0,2023-09-27,2023,False,1
CO1.PCCNTR.5967521,Modificado,2024-02-19,2024-02-23,2024-11-22,Prestación de servicios,Contratación directa,9 Mes(es),34,51023970.0,50834992.0,188978.0,No,No,No definido,273.0,2024-02-19,2024,False,1
CO1.PCCNTR.4307985,En ejecución,2022-12-14,2022-12-15,2023-12-13,Prestación de servicios,Selección abreviada subasta inversa,1 Año(s),0,274495800.0,274495800.0,0.0,Si,No,Mujer,363.0,2022-12-14,2022,False,0
CO1.PCCNTR.7573774,Cerrado,2025-02-28,2025-03-05,2025-12-04,Prestación de servicios,Contratación directa,9 Mes(es),0,109386819.0,109386819.0,0.0,No,No,No definido,274.0,2025-02-28,2025,False,1
CO1.PCCNTR.6117754,Cerrado,2024-03-20,2024-03-26,2024-11-18,Prestación de servicios,Contratación directa,8 Mes(es),0,110792917.0,110792917.0,0.0,No,No,No definido,237.0,2024-03-20,2024,False,1
CO1.PCCNTR.8638634,Modificado,2025-12-03,2025-12-16,2026-12-07,Prestación de servicios,Contratación directa,356 Dia(s),129,106893333.0,54400000.0,52493333.0,No,No,Mujer,356.0,2025-12-03,2025,False,1
CO1.PCCNTR.833278,Cerrado,2019-03-01,2019-02-13,2020-07-10,Prestación de servicios,Contratación directa,No definido,0,156196747.0,152492636.0,3704111.0,No,No,No definido,513.0,2019-03-01,2019,False,1
CO1.PCCNTR.1107813,Cerrado,2019-09-30,2019-09-20,2020-09-12,Prestación de servicios,Mínima cuantía,No definido,0,60000000.0,59999762.0,238.0,Si,No,Hombre,358.0,2019-09-30,2019,False,0
CO1.PCCNTR.5700144,Cerrado,2023-12-29,2023-12-29,2024-11-30,Prestación de servicios,Contratación directa,337 Dia(s),0,70856763.0,69602661.0,1254102.0,No,No,Mujer,337.0,2023-12-29,2023,False,1
CO1.PCCNTR.1299611,Cerrado,2020-02-03,2020-01-20,2020-12-31,Prestación de servicios,Contratación directa,No definido,0,101512646.0,100068243.0,1444403.0,No,No,No definido,346.0,2020-02-03,2020,False,1
CO1.PCCNTR.1790954,Cerrado,2020-09-18,2020-09-18,2021-07-09,Prestación de servicios,Contratación directa,323 Dia(s),0,136083370.0,132820663.0,3262706.0,No,No,No definido,294.0,2020-09-18,2020,False,1
CO1.PCCNTR.8528214,Modificado,2025-11-10,2025-12-22,2026-10-31,Prestación de servicios,Contratación directa,313 Dia(s),92,87057627.0,52883856.0,34173771.0,No,No,Hombre,313.0,2025-11-10,2025,False,1
CO1.PCCNTR.7665586,En ejecución,2025-03-20,2025-03-27,2025-11-26,Prestación de servicios,Contratación directa,8 Mes(es),0,26384000.0,23525733.0,2858267.0,No,No,Hombre,244.0,2025-03-20,2025,False,1
CO1.PCCNTR.815163,Cerrado,2019-03-15,2019-02-06,2019-12-31,Prestación de servicios,Contratación directa,No definido,0,41026997.0,40156727.0,870270.0,No,No,No definido,328.0,2019-03-15,2019,False,1
CO1.PCCNTR.696885,Cerrado,2019-01-18,2018-12-18,2019-07-31,Prestación de servicios,Contratación directa,No definido,0,77618835.0,75367835.0,2251000.0,No,No,No definido,225.0,2019-01-18,2019,False,1
CO1.PCCNTR.3512006,Cerrado,2022-02-03,2022-02-03,2022-12-31,Prestación de servicios,Contratación directa,339 Dia(s),0,178779881.0,174005345.0,4774536.0,No,No,No definido,331.0,2022-02-03,2022,False,1
CO1.PCCNTR.4546515,Cerrado,2023-02-16,2023-02-16,2023-06-03,Prestación de servicios,Contratación directa,4 Mes(es),0,56649704.0,55705542.0,944162.0,No,No,No definido,107.0,2023-02-16,2023,False,1
CO1.PCCNTR.299585,Cerrado,2018-02-02,2018-01-18,2018-12-31,Prestación de servicios,Contratación directa,No definido,0,89362631.0,88587811.0,774820.0,No,No,No definido,347.0,2018-02-02,2018,False,1
CO1.PCCNTR.2001323,Cerrado,2020-12-18,2020-12-18,2021-11-18,Prestación de servicios,Contratación directa,365 Dia(s),0,204586882.5,204586882.0,0.0,No,No,No definido,335.0,2020-12-18,2020,False,1
CO1.PCCNTR.3131374,Cerrado,2021-12-23,2021-12-23,2022-10-07,Prestación de servicios,Contratación directa,195 Dia(s),0,51411245.0,51240051.0,171194.0,No,No,Hombre,288.0,2021-12-23,2021,False,1
CO1.PCCNTR.8552059,En ejecución,2025-11-12,2025-11-18,2026-07-31,Prestación de servicios,Contratación directa,255 Dia(s),0,38066967.0,33516267.0,4550700.0,No,No,Hombre,255.0,2025-11-12,2025,False,1
CO1.PCCNTR.872802,Cerrado,2019-04-03,2019-03-01,2019-12-31,Prestación de servicios,Contratación directa,No definido,0,31209000.0,30900000.0,309000.0,No,No,No definido,305.0,2019-04-03,2019,False,1
CO1.PCCNTR.72805,Cerrado,2016-11-04,2016-10-12,2017-03-31,Prestación de servicios,Contratación directa (con ofertas),Dia(s),0,48586818.0,0.0,48586818.0,No,No,No definido,170.0,2016-11-04,2016,False,1
CO1.PCCNTR.4836850,Cerrado,2023-04-03,2023-04-03,2023-08-03,Prestación de servicios,Contratación directa,4 Mes(es),0,12360000.0,12360000.0,0.0,No,No,Mujer,122.0,2023-04-03,2023,False,1
CO1.PCCNTR.2370083,Cerrado,2021-04-06,2021-04-06,2021-12-31,Prestación de servicios,Contratación directa,288 Dia(s),0,92575902.0,91604827.0,971075.0,No,No,No definido,269.0,2021-04-06,2021,False,1
CO1.PCCNTR.6589263,Cerrado,2024-08-02,2024-08-08,2024-12-31,Prestación de servicios,Contratación directa,5 Mes(es),0,37500000.0,35750000.0,1750000.0,No,No,Mujer,145.0,2024-08-02,2024,False,1
CO1.PCCNTR.8733649,En ejecución,2025-12-26,2025-12-30,2026-07-31,Prestación de servicios,Contratación directa,214 Dia(s),0,107541667.0,91833333.0,15708334.0,No,No,Mujer,213.0,2025-12-26,2025,False,1
CO1.PCCNTR.7023421,En ejecución,2024-11-21,2024-12-04,2024-12-16,Compraventa,Selección abreviada subasta inversa,17 Dia(s),0,612800000.0,612800000.0,0.0,Si,No,Mujer,12.0,2024-11-21,2024,False,0
CO1.PCCNTR.143412,Cerrado,2017-05-31,2017-05-03,2017-07-03,Prestación de servicios,Mínima cuantía,No definido,0,29500108.0,29500108.0,0.0,Si,No,Hombre,61.0,2017-05-31,2017,False,0
CO1.PCCNTR.7291061,En ejecución,2025-01-22,2025-01-24,2025-12-31,Prestación de servicios,Contratación directa,339 Dia(s),0,57500000.0,56166667.0,1333333.0,No,No,Mujer,341.0,2025-01-22,2025,False,1
CO1.PCCNTR.9086456,En ejecución,2026-01-24,2026-01-26,2026-12-31,Prestación de servicios,Contratación directa,338 Dia(s),0,84877464.0,38808280.0,46069184.0,No,No,No definido,339.0,2026-01-24,2026,False,1
CO1.PCCNTR.7303367,Cedido,2025-01-24,2025-02-04,2025-11-03,Prestación de servicios,Contratación directa,9 Mes(es),0,72864000.0,71514667.0,1349333.0,No,No,No definido,272.0,2025-01-24,2025,False,1
CO1.PCCNTR.5979460,Cerrado,2024-02-21,2024-02-29,2024-12-31,Prestación de servicios,Contratación directa,302 Dia(s),0,132213325.0,131775532.0,437793.0,No,No,No definido,306.0,2024-02-21,2024,False,1
CO1.PCCNTR.8575952,Modificado,2025-11-13,2025-11-18,2026-10-31,Prestación de servicios,Contratación directa,347 Dia(s),91,121557200.0,75809867.0,45747333.0,No,No,Hombre,347.0,2025-11-13,2025,False,1
CO1.PCCNTR.1309339,Cerrado,2020-02-12,2020-01-24,2020-12-31,Prestación de servicios,Contratación directa,Dia(s),0,69834000.0,38522000.0,31312000.0,No,No,No definido,342.0,2020-02-12,2020,False,1
CO1.PCCNTR.109117,Cerrado,2017-02-15,2017-02-02,2018-06-15,Prestación de servicios,Contratación directa (con ofertas),No definido,0,111074975.0,108645900.0,2429075.0,No,No,Mujer,498.0,2017-02-15,2017,False,1
CO1.PCCNTR.5897746,Cerrado,2024-02-07,2024-02-13,2024-12-31,Prestación de servicios,Contratación directa,318 Dia(s),0,122465171.0,122080060.0,385111.0,No,No,No definido,322.0,2024-02-07,2024,False,1
CO1.PCCNTR.4486672,Cerrado,2023-01-27,2023-01-27,2023-05-26,Prestación de servicios,Contratación directa,4 Mes(es),0,63660492.0,63600492.0,60000.0,No,No,Hombre,119.0,2023-01-27,2023,False,1
CO1.PCCNTR.299676,Cerrado,2018-02-02,2018-01-18,2018-12-31,Prestación de servicios,Contratación directa,No definido,0,38942600.0,38604947.0,337653.0,No,No,No definido,347.0,2018-02-02,2018,False,1
CO1.PCCNTR.145707,Cerrado,2017-07-25,2017-05-09,2018-10-12,Prestación de servicios,Contratación directa (con ofertas),No definido,0,178604746.0,178604746.0,0.0,No,No,No definido,521.0,2017-07-25,2017,False,1
CO1.PCCNTR.811922,Cerrado,2019-03-28,2019-02-04,2019-12-31,Prestación de servicios,Contratación directa,No definido,0,39183461.0,37676405.0,1507056.0,No,No,No definido,330.0,2019-03-28,2019,False,1
CO1.PCCNTR.3536662,Cerrado,2022-02-03,2022-02-03,2022-12-31,Prestación de servicios,Contratación directa,338 Dia(s),0,44316922.0,44053100.0,263822.0,No,No,Hombre,331.0,2022-02-03,2022,False,1
CO1.PCCNTR.308404,Cerrado,2018-01-28,2018-01-22,2019-03-29,Prestación de servicios,Contratación directa,No definido,0,69539633.0,68599633.0,940000.0,No,No,Mujer,431.0,2018-01-28,2018,False,1
CO1.PCCNTR.6692307,Cerrado,2024-08-29,2024-09-03,2024-12-31,Prestación de servicios,Contratación directa,123 Dia(s),0,16375400.0,15709733.0,665667.0,No,No,Mujer,119.0,2024-08-29,2024,False,1
CO1.PCCNTR.4921972,Cerrado,2023-05-19,2023-05-19,2023-12-31,Prestación de servicios,Contratación directa,241 Dia(s),0,246959820.0,242574966.0,4384853.0,No,No,Mujer,226.0,2023-05-19,2023,False,1
CO1.PCCNTR.811464,Cerrado,2019-03-15,2019-02-04,2019-12-31,Prestación de servicios,Contratación directa,No definido,0,77466667.0,72566665.0,4900002.0,No,No,No definido,330.0,2019-03-15,2019,False,1
CO1.PCCNTR.1992071,Cerrado,2020-12-07,2020-12-07,2021-11-30,Prestación de servicios,Contratación directa,352 Dia(s),0,39310000.0,38404000.0,906000.0,No,No,Mujer,358.0,2020-12-07,2020,False,1
CO1.PCCNTR.4669627,Cerrado,2023-02-23,2023-02-23,2023-06-21,Prestación de servicios,Contratación directa,4 Mes(es),0,22660000.0,22282334.0,377666.0,No,No,No definido,118.0,2023-02-23,2023,False,1
CO1.PCCNTR.6400199,Cerrado,2024-06-06,2024-06-17,2025-03-31,Prestación de servicios,Contratación directa,296 Dia(s),0,59200000.0,56800000.0,2400000.0,No,No,Hombre,287.0,2024-06-06,2024,False,1
CO1.PCCNTR.7375247,Cedido,2025-01-31,2025-02-04,2025-12-03,Prestación de servicios,Contratación directa,10 Mes(es),0,46780000.0,46468133.0,311867.0,No,No,Hombre,302.0,2025-01-31,2025,False,1
CO1.PCCNTR.73205,Cerrado,2016-11-04,2016-10-19,2016-12-31,Prestación de servicios,Contratación directa (con ofertas),Dia(s),0,23402518.0,0.0,23402518.0,No,No,Mujer,73.0,2016-11-04,2016,False,1
CO1.PCCNTR.1634046,Cerrado,2020-07-07,2020-07-07,2021-03-31,Prestación de servicios,Contratación directa,292 Dia(s),0,87900000.0,86700000.0,1200000.0,No,No,No definido,267.0,2020-07-07,2020,False,1
CO1.PCCNTR.817787,Cerrado,2019-03-07,2019-02-07,2019-12-31,Prestación de servicios,Contratación directa,No definido,0,79043801.0,76701017.0,2342784.0,No,No,Hombre,327.0,2019-03-07,2019,False,1
CO1.PCCNTR.2212572,Cerrado,2021-02-17,2021-02-17,2022-06-12,Prestación de servicios,Contratación directa,332 Dia(s),0,72728502.0,71860206.0,868295.0,No,No,No definido,480.0,2021-02-17,2021,False,1
CO1.PCCNTR.8491628,Modificado,2025-10-30,2025-11-18,2026-12-31,Prestación de servicios,Contratación directa,405 Dia(s),153,241774673.0,133234499.0,108540174.0,No,No,No definido,408.0,2025-10-30,2025,False,1
CO1.PCCNTR.8634112,Modificado,2025-11-28,2025-12-04,2026-11-25,Prestación de servicios,Contratación directa,356 Dia(s),117,54500050.0,31204800.0,23295250.0,No,No,Hombre,356.0,2025-11-28,2025,False,1
CO1.PCCNTR.8697028,Modificado,2025-12-18,2025-12-22,2026-10-31,Prestación de servicios,Contratación directa,313 Dia(s),92,105725600.0,61352400.0,44373200.0,No,No,Hombre,313.0,2025-12-18,2025,False,1
CO1.PCCNTR.9191180,En ejecución,2026-01-28,2026-01-30,2026-12-31,Prestación de servicios,Contratación directa,333 Dia(s),0,120442070.0,43633205.0,76808865.0,No,No,No definido,335.0,2026-01-28,2026,False,1
CO1.PCCNTR.5195628,Cerrado,2023-07-14,2023-07-14,2024-02-29,Prestación de servicios,Contratación directa,178 Dia(s),0,33008171.0,31507799.0,1500372.0,No,No,Mujer,230.0,2023-07-14,2023,False,1
CO1.PCCNTR.1733723,Cerrado,2020-09-07,2020-09-09,2020-12-31,Prestación de servicios,Contratación directa,155 Dia(s),0,39349433.0,38096267.0,1253166.0,No,No,No definido,113.0,2020-09-07,2020,False,1
CO1.PCCNTR.8988242,En ejecución,2026-01-20,2026-01-22,2026-12-31,Prestación de servicios,Contratación directa,341 Dia(s),0,136272380.0,62262380.0,74010000.0,No,No,No definido,343.0,2026-01-20,2026,False,1
CO1.PCCNTR.3336776,Cerrado,2022-01-31,2022-01-31,2022-12-31,Prestación de servicios,Contratación directa,345 Dia(s),0,44517310.0,44134090.0,383220.0,No,No,Hombre,334.0,2022-01-31,2022,False,1
CO1.PCCNTR.3425266,Cerrado,2022-02-02,2022-02-02,2022-12-31,Prestación de servicios,Contratación directa,341 Dia(s),0,180371394.0,103978804.0,76392590.0,No,No,No definido,332.0,2022-02-02,2022,False,1
CO1.PCCNTR.3151812,Cerrado,2021-12-31,2021-12-31,2022-11-06,Prestación de servicios,Contratación directa,210 Dia(s),0,94390138.0,94390138.0,0.0,No,No,No definido,310.0,2021-12-31,2021,False,1
CO1.PCCNTR.7544350,En ejecución,2025-02-24,2025-02-26,2025-10-25,Prestación de servicios,Contratación directa,8 Mes(es),0,84888000.0,84888000.0,0.0,No,No,No definido,241.0,2025-02-24,2025,False,1
CO1.PCCNTR.9297705,En ejecución,2026-01-30,2026-02-10,2027-02-10,Prestación de servicios,Contratación directa,12 Mes(es),0,50083548.0,0.0,50083548.0,Si,No,Hombre,365.0,2026-01-30,2026,False,1
CO1.PCCNTR.1736541,Cerrado,2020-08-18,2020-08-18,2021-07-09,Prestación de servicios,Contratación directa,344 Dia(s),0,66483257.0,66291977.0,191280.0,No,No,Mujer,325.0,2020-08-18,2020,False,1
CO1.PCCNTR.3457603,Cerrado,2022-02-02,2022-02-02,2022-12-31,Prestación de servicios,Contratación directa,340 Dia(s),0,178779881.0,178249378.0,530503.0,No,No,Mujer,332.0,2022-02-02,2022,False,1
CO1.PCCNTR.2212182,Cerrado,2021-02-20,2021-02-20,2021-12-15,Prestación de servicios,Contratación directa,332 Dia(s),0,40849216.0,39952838.0,896378.0,No,No,No definido,298.0,2021-02-20,2021,False,1
CO1.PCCNTR.1393211,Cerrado,2020-03-03,2020-02-17,2020-12-31,Prestación de servicios,Contratación directa,Dia(s),0,33842710.0,33206170.0,636540.0,No,No,No definido,318.0,2020-03-03,2020,False,1
CO1.PCCNTR.5914860,Cerrado,2024-02-12,2024-02-14,2024-10-11,Prestación de servicios,Contratación directa,8 Mes(es),0,50778000.0,35121450.0,15656550.0,No,No,No definido,240.0,2024-02-12,2024,False,1
CO1.PCCNTR.143607,Cerrado,2017-07-25,2017-05-02,2018-09-14,Prestación de servicios,Contratación directa (con ofertas),No definido,0,201804930.0,192792283.0,9012647.0,No,No,No definido,500.0,2017-07-25,2017,False,1
CO1.PCCNTR.5085851,Cerrado,2023-06-23,2023-06-23,2024-03-31,Prestación de servicios,Contratación directa,199 Dia(s),0,112845128.0,112451940.0,393188.0,No,No,Mujer,282.0,2023-06-23,2023,False,1
CO1.PCCNTR.4354168,Cerrado,2023-01-17,2023-01-17,2023-07-31,Prestación de servicios,Contratación directa,215 Dia(s),0,45260000.0,44020000.0,1240000.0,Si,No,No definido,195.0,2023-01-17,2023,False,1
CO1.PCCNTR.2516425,Cerrado,2021-05-27,2021-05-27,2021-11-30,Prestación de servicios,Contratación directa,201 Dia(s),0,59727623.0,57970928.0,1756695.0,No,No,No definido,187.0,2021-05-27,2021,False,1
CO1.PCCNTR.108139,Cerrado,2017-02-15,2017-02-02,2017-12-01,Prestación de servicios,Contratación directa (con ofertas),Dia(s),0,63434109.0,14408338.0,49025771.0,No,No,No definido,302.0,2017-02-15,2017,False,1
CO1.PCCNTR.5031420,Cerrado,2023-06-14,2023-06-14,2023-12-31,Prestación de servicios,Contratación directa,213 Dia(s),0,64506258.0,63905081.0,601176.0,No,No,No definido,200.0,2023-06-14,2023,False,1
CO1.PCCNTR.7543908,En ejecución,2025-02-24,2025-02-26,2025-10-25,Prestación de servicios,Contratación directa,8 Mes(es),0,60944000.0,60436133.0,507867.0,No,No,Hombre,241.0,2025-02-24,2025,False,1
CO1.PCCNTR.6498852,Modificado,2024-07-17,2024-08-01,2026-10-31,Prestación de servicios,Selección abreviada subasta inversa,28 Mes(es),92,4613762049.05,3755681833.0,858080215.0,Si,No,Hombre,821.0,2024-07-17,2024,False,0
CO1.PCCNTR.5375759,Cerrado,2023-09-20,2023-09-20,2024-06-30,Prestación de servicios,Contratación directa,291 Dia(s),0,62082667.0,60222667.0,1860000.0,Si,No,No definido,284.0,2023-09-20,2023,False,1
CO1.PCCNTR.299584,Cerrado,2018-02-02,2018-01-18,2018-12-31,Prestación de servicios,Contratación directa,No definido,0,163085716.0,161671678.0,1414038.0,No,No,No definido,347.0,2018-02-02,2018,False,1
CO1.PCCNTR.7607567,Cerrado,2025-03-07,2025-03-12,2025-11-11,Prestación de servicios,Contratación directa,8 Mes(es),0,64928000.0,64928000.0,0.0,No,No,Mujer,244.0,2025-03-07,2025,False,1
CO1.PCCNTR.3677008,Cerrado,2022-05-09,2022-05-10,2022-12-15,Prestación de servicios,Mínima cuantía,8 Mes(es),0,12311964.0,5638185.0,6673779.0,No,No,Hombre,219.0,2022-05-09,2022,False,0
CO1.PCCNTR.110630,Cerrado,2017-02-15,2017-02-06,2017-12-31,Prestación de servicios,Contratación directa (con ofertas),No definido,0,78904285.0,76577731.0,2326554.0,No,No,Hombre,328.0,2017-02-15,2017,False,1
CO1.PCCNTR.8537791,Modificado,2025-11-21,2025-11-26,2026-10-31,Prestación de servicios,Contratación directa,339 Dia(s),92,37807667.0,24223667.0,13584000.0,No,No,Mujer,339.0,2025-11-21,2025,False,1
CO1.PCCNTR.7647391,Cerrado,2025-03-19,2025-03-25,2025-11-24,Prestación de servicios,Contratación directa,8 Mes(es),0,75191624.0,75191624.0,0.0,No,No,No definido,244.0,2025-03-19,2025,False,1
CO1.PCCNTR.1326406,Cerrado,2020-02-11,2020-01-29,2020-12-31,Prestación de servicios,Contratación directa,Dia(s),0,30235333.0,29437333.0,798000.0,No,No,Hombre,337.0,2020-02-11,2020,False,1
CO1.PCCNTR.8667861,En ejecución,2025-12-17,2025-12-24,2025-12-31,Prestación de servicios,Selección abreviada subasta inversa,14 Dia(s),0,6794307458.0,6794307458.0,0.0,No,No,Hombre,7.0,2025-12-17,2025,False,0
CO1.PCCNTR.9190412,En ejecución,2026-01-29,2026-02-02,2026-12-31,Prestación de servicios,Contratación directa,334 Dia(s),0,102689580.0,43377495.0,59312085.0,No,No,Hombre,332.0,2026-01-29,2026,False,1
CO1.PCCNTR.2879011,Cerrado,2021-10-08,2021-10-08,2022-12-31,Prestación de servicios,Contratación directa,342 Dia(s),0,94960000.0,93960000.0,1000000.0,No,No,No definido,449.0,2021-10-08,2021,False,1
CO1.PCCNTR.8244019,En ejecución,2025-08-30,2025-09-04,2025-12-31,Prestación de servicios,Contratación directa,123 Dia(s),0,36816667.0,34460400.0,2356267.0,No,No,Hombre,118.0,2025-08-30,2025,False,1
CO1.PCCNTR.6209284,Cerrado,2024-04-16,2024-04-19,2024-12-31,Prestación de servicios,Contratación directa,252 Dia(s),0,33541200.0,33541200.0,0.0,No,No,No definido,256.0,2024-04-16,2024,False,1
CO1.PCCNTR.268036,Cerrado,2018-01-11,2017-12-29,2018-11-30,Prestación de servicios,Contratación directa,No definido,0,94350000.0,94066667.0,283333.0,No,No,No definido,336.0,2018-01-11,2018,False,1
CO1.PCCNTR.6349201,Cerrado,2024-05-21,2024-05-23,2025-03-31,Prestación de servicios,Contratación directa,310 Dia(s),0,60907600.0,58992267.0,1915333.0,No,No,No definido,312.0,2024-05-21,2024,False,1
CO1.PCCNTR.1176233,Modificado,2019-11-27,2019-11-18,2020-11-13,Compraventa,Selección abreviada subasta inversa,No definido,318,1477220089.0,468603022.0,1008617067.0,Si,No,Hombre,361.0,2019-11-27,2019,False,0
CO1.PCCNTR.2207470,Cerrado,2021-02-11,2021-02-11,2021-10-31,Prestación de servicios,Contratación directa,333 Dia(s),0,72008871.0,70957647.0,1051224.0,No,No,No definido,262.0,2021-02-11,2021,False,1
CO1.PCCNTR.4499199,Cerrado,2023-01-27,2023-01-27,2023-05-27,Prestación de servicios,Contratación directa,4 Mes(es),0,24477084.0,24477084.0,0.0,No,No,No definido,120.0,2023-01-27,2023,False,1
CO1.PCCNTR.627076,Cerrado,2018-11-23,2018-10-30,2018-12-31,Prestación de servicios,Contratación directa,No definido,0,10179400.0,8999180.0,1180220.0,No,No,No definido,62.0,2018-11-23,2018,False,1
CO1.PCCNTR.3830507,En ejecución,2022-08-05,2022-08-10,2023-02-09,Interventoría,Concurso de méritos abierto,5 Mes(es),0,505290440.0,505290440.0,0.0,Si,Si,Hombre,183.0,2022-08-05,2022,False,0
CO1.PCCNTR.8487785,En ejecución,2025-10-29,2025-11-05,2025-12-31,Prestación de servicios,Contratación directa,68 Dia(s),0,19725000.0,14728000.0,4997000.0,No,No,Mujer,56.0,2025-10-29,2025,False,1
CO1.PCCNTR.585334,Cerrado,2018-11-08,2018-09-27,2019-10-18,Prestación de servicios,Contratación directa,No definido,0,35115873.0,34395548.0,720325.0,No,No,No definido,386.0,2018-11-08,2018,False,1
CO1.PCCNTR.2163423,Cerrado,2021-02-05,2021-02-05,2021-12-31,Prestación de servicios,Contratación directa,343 Dia(s),0,50180900.0,49595700.0,585200.0,No,No,No definido,329.0,2021-02-05,2021,False,1
CO1.PCCNTR.6989825,Modificado,2024-11-06,2024-11-08,2026-11-30,Prestación de servicios,Contratación directa,745 Dia(s),121,2514939712.0,2118378474.0,396561238.0,Si,No,Hombre,752.0,2024-11-06,2024,False,1
CO1.PCCNTR.4640040,Cerrado,2023-02-19,2023-02-19,2023-06-16,Prestación de servicios,Contratación directa,4 Mes(es),0,49321532.0,48499507.0,822025.0,No,No,Mujer,117.0,2023-02-19,2023,False,1
CO1.PCCNTR.3536923,Cerrado,2022-02-03,2022-02-03,2022-12-31,Prestación de servicios,Contratación directa,336 Dia(s),0,31606332.0,31418150.0,188182.0,No,No,Hombre,331.0,2022-02-03,2022,False,1
CO1.PCCNTR.9211801,En ejecución,2026-01-30,2026-02-03,2026-12-31,Prestación de servicios,Contratación directa,332 Dia(s),0,50667800.0,17597200.0,33070600.0,No,No,Hombre,331.0,2026-01-30,2026,False,1
CO1.PCCNTR.6125854,Cerrado,2024-03-21,2024-03-26,2024-12-31,Prestación de servicios,Contratación directa,275 Dia(s),0,157928824.0,157928824.0,0.0,No,No,No definido,280.0,2024-03-21,2024,False,1
CO1.PCCNTR.5561365,Cerrado,2023-11-24,2023-11-24,2025-11-17,Prestación de servicios,Contratación directa,2 Año(s),0,1209900.0,1209900.0,0.0,No,No,Hombre,724.0,2023-11-24,2023,False,1
CO1.PCCNTR.5173663,Cerrado,2023-07-06,2023-07-06,2023-12-31,Prestación de servicios,Contratación directa,185 Dia(s),0,36977883.0,35601047.0,1376836.0,No,No,No definido,178.0,2023-07-06,2023,False,1
CO1.PCCNTR.8729253,Modificado,2025-12-24,2025-12-29,2026-10-31,Prestación de servicios,Contratación directa,313 Dia(s),92,106666667.0,63666667.0,43000000.0,No,No,Hombre,306.0,2025-12-24,2025,False,1
CO1.PCCNTR.3981307,Modificado,2022-11-08,2022-11-08,2025-08-30,Arrendamiento de inmuebles,Contratación directa,1095 Dia(s),383,10450000.0,0.0,10450000.0,No,No,Hombre,1026.0,2022-11-08,2022,False,1
CO1.PCCNTR.4631385,Cerrado,2023-02-19,2023-02-19,2023-06-15,Prestación de servicios,Contratación directa,4 Mes(es),0,27868944.0,27404362.0,464582.0,No,No,No definido,116.0,2023-02-19,2023,False,1
CO1.PCCNTR.3115557,Cerrado,2021-12-24,2021-12-24,2022-11-20,Prestación de servicios,Contratación directa,229 Dia(s),0,95960875.0,94582127.0,1378748.0,No,No,No definido,331.0,2021-12-24,2021,False,1
CO1.PCCNTR.803907,Cerrado,2019-02-26,2019-02-01,2019-12-31,Prestación de servicios,Contratación directa,No definido,0,163608906.0,160210501.0,3398405.0,No,No,No definido,333.0,2019-02-26,2019,False,1
CO1.PCCNTR.7330403,Cedido,2025-01-27,2025-01-29,2025-10-28,Prestación de servicios,Contratación directa,9 Mes(es),0,47340000.0,47340000.0,0.0,No,No,Hombre,272.0,2025-01-27,2025,False,1
CO1.PCCNTR.205118,Cerrado,2017-10-10,2017-09-26,2018-11-30,Prestación de servicios,Contratación directa (con ofertas),No definido,0,77686514.0,76111077.0,1575437.0,No,No,Mujer,430.0,2017-10-10,2017,False,1
CO1.PCCNTR.145604,Cerrado,2017-07-25,2017-05-09,2018-10-12,Prestación de servicios,Contratación directa (con ofertas),No definido,0,170770467.0,170770467.0,0.0,No,No,No definido,521.0,2017-07-25,2017,False,1
CO1.PCCNTR.5410585,Cerrado,2023-09-29,2023-09-29,2023-12-31,Prestación de servicios,Contratación directa,96 Dia(s),0,34650000.0,31850000.0,2800000.0,No,No,No definido,93.0,2023-09-29,2023,False,1
CO1.PCCNTR.3920935,Cerrado,2022-08-26,2022-08-26,2022-09-15,Prestación de servicios,Contratación directa,34 Dia(s),0,7660120.0,6853790.0,806330.0,No,No,Hombre,20.0,2022-08-26,2022,False,1
CO1.PCCNTR.5188054,Cerrado,2023-07-14,2023-07-14,2023-12-31,Prestación de servicios,Contratación directa,180 Dia(s),0,48168617.0,45564907.0,2603710.0,No,No,Hombre,170.0,2023-07-14,2023,False,1
CO1.PCCNTR.6400427,Cerrado,2024-06-05,2024-06-14,2025-04-13,Prestación de servicios,Contratación directa,206 Dia(s),0,64890000.0,63000000.0,1890000.0,No,No,No definido,303.0,2024-06-05,2024,False,1
CO1.PCCNTR.4191173,Modificado,2022-12-12,2022-12-12,2026-10-31,Prestación de servicios,Contratación directa,1455 Dia(s),92,121944372.0,104447000.0,17497372.0,No,No,Hombre,1419.0,2022-12-12,2022,False,1
CO1.PCCNTR.2326873,Cerrado,2021-03-23,2021-03-23,2021-10-31,Prestación de servicios,Contratación directa,240 Dia(s),0,92805840.0,91298640.0,1507200.0,No,No,Hombre,222.0,2021-03-23,2021,False,1
CO1.PCCNTR.8492638,Modificado,2025-10-29,2025-11-14,2026-12-31,Prestación de servicios,Contratación directa,407 Dia(s),152,244071820.0,135531646.0,108540174.0,No,No,Hombre,412.0,2025-10-29,2025,False,1
CO1.PCCNTR.299624,Cerrado,2018-02-02,2018-01-18,2018-12-31,Prestación de servicios,Contratación directa,No definido,0,127187293.0,126084513.0,1102780.0,No,No,No definido,347.0,2018-02-02,2018,False,1
CO1.PCCNTR.5993434,Cerrado,2024-02-23,2024-03-01,2024-12-31,Prestación de servicios,Contratación directa,10 Mes(es),0,133480090.0,133480090.0,0.0,No,No,Mujer,305.0,2024-02-23,2024,False,1
CO1.PCCNTR.4341281,Cerrado,2022-12-29,2022-12-29,2024-11-30,Prestación de servicios,Selección abreviada subasta inversa,23 Mes(es),0,2642097000.0,2529817423.0,112279577.0,Si,No,Hombre,702.0,2022-12-29,2022,False,0
CO1.PCCNTR.8308537,En ejecución,2025-09-22,2025-09-29,2025-12-31,Prestación de servicios,Contratación directa,102 Dia(s),0,14283400.0,12883067.0,1400333.0,No,No,Hombre,93.0,2025-09-22,2025,False,1
CO1.PCCNTR.81603,Cerrado,2016-12-07,2016-11-18,2017-10-31,Prestación de servicios,Contratación directa (con ofertas),No definido,0,37414294.0,0.0,37414294.0,No,No,No definido,347.0,2016-12-07,2016,False,1
CO1.PCCNTR.127006,Cerrado,2017-04-10,2017-03-22,2017-12-15,Prestación de servicios,Contratación directa (con ofertas),No definido,0,93103124.0,91378996.0,1724128.0,No,No,Hombre,268.0,2017-04-10,2017,False,1
CO1.PCCNTR.8635326,En ejecución,2025-11-28,2025-12-03,2026-07-31,Prestación de servicios,Contratación directa,242 Dia(s),0,37777420.0,32725350.0,5052070.0,No,No,No definido,240.0,2025-11-28,2025,False,1
CO1.PCCNTR.779166,Cerrado,2019-02-25,2019-01-25,2019-12-31,Prestación de servicios,Contratación directa,No definido,0,92000000.0,31466652.0,60533348.0,Si,No,No definido,340.0,2019-02-25,2019,False,1
CO1.PCCNTR.6903350,Cerrado,2024-10-16,2024-10-22,2024-12-31,Prestación de servicios,Contratación directa,76 Dia(s),0,22500000.0,20700000.0,1800000.0,No,No,Mujer,70.0,2024-10-16,2024,False,1
CO1.PCCNTR.8731272,En ejecución,2025-12-29,2025-12-30,2026-12-31,Compraventa,Mínima cuantía,3 Dia(s),0,98500000.0,98500000.0,0.0,Si,No,Mujer,366.0,2025-12-29,2025,False,0
CO1.PCCNTR.2336376,Cerrado,2021-03-23,2021-03-23,2021-12-15,Prestación de servicios,Contratación directa,270 Dia(s),0,55647741.0,55647741.0,0.0,No,No,No definido,267.0,2021-03-23,2021,False,1
CO1.PCCNTR.9044669,En ejecución,2026-01-24,2026-01-27,2026-12-31,Prestación de servicios,Contratación directa,339 Dia(s),0,129241980.0,57193290.0,72048690.0,No,No,No definido,338.0,2026-01-24,2026,False,1
CO1.PCCNTR.3519640,Cerrado,2022-02-02,2022-02-02,2022-12-31,Prestación de servicios,Contratación directa,337 Dia(s),0,197909693.0,195621720.0,2287973.0,No,No,Mujer,332.0,2022-02-02,2022,False,1
CO1.PCCNTR.2207674,Cerrado,2021-02-20,2021-03-20,2021-12-31,Prestación de servicios,Contratación directa,333 Dia(s),0,36606355.0,36059991.0,546364.0,No,No,No definido,286.0,2021-02-20,2021,False,1
CO1.PCCNTR.5412651,En ejecución,2023-09-28,2023-09-28,2024-08-23,Prestación de servicios,Contratación directa,331 Dia(s),0,101671710.0,46844744.0,54826966.0,No,No,Hombre,330.0,2023-09-28,2023,False,1
CO1.PCCNTR.1803562,Cerrado,2020-09-18,2020-09-18,2020-12-31,Prestación de servicios,Contratación directa,126 Dia(s),0,10000000.0,9997500.0,2500.0,No,No,No definido,104.0,2020-09-18,2020,False,1
CO1.PCCNTR.7032288,Modificado,2024-11-20,2024-11-26,2024-12-31,Compraventa,Selección abreviada subasta inversa,35 Dia(s),4,1457644685.0,1457644685.0,0.0,Si,No,Hombre,35.0,2024-11-20,2024,False,0
CO1.PCCNTR.8583529,Modificado,2025-11-18,2025-11-24,2026-10-31,Prestación de servicios,Contratación directa,341 Dia(s),91,109120000.0,66293333.0,42826667.0,No,No,Hombre,341.0,2025-11-18,2025,False,1
CO1.PCCNTR.4155126,Modificado,2022-11-02,2022-11-08,2023-03-31,Compraventa,Selección abreviada subasta inversa,2 Mes(es),95,1257411913.0,1257411912.0,0.0,Si,No,Mujer,143.0,2022-11-02,2022,False,0
CO1.PCCNTR.8494708,Modificado,2025-10-24,2025-10-31,2026-11-30,Prestación de servicios,Contratación directa,392 Dia(s),122,518704178.0,85277942.0,433426235.0,Si,No,Hombre,395.0,2025-10-24,2025,False,1
CO1.PCCNTR.3893970,Cerrado,2022-08-22,2022-08-22,2022-09-15,Prestación de servicios,Contratación directa,38 Dia(s),0,12133160.0,9809789.0,2323371.0,No,No,No definido,24.0,2022-08-22,2022,False,1
CO1.PCCNTR.1518290,Cerrado,2020-05-11,2020-04-21,2021-04-30,Prestación de servicios,Contratación directa,Dia(s),0,105426938.0,104021245.0,1405693.0,No,No,No definido,374.0,2020-05-11,2020,False,1
CO1.PCCNTR.6434791,Cerrado,2024-06-19,2024-06-26,2024-12-31,Prestación de servicios,Contratación directa,191 Dia(s),0,25428467.0,24629667.0,798800.0,No,No,Hombre,188.0,2024-06-19,2024,False,1
CO1.PCCNTR.1367582,Cerrado,2020-03-03,2020-02-10,2020-12-31,Prestación de servicios,Contratación directa,No definido,0,98310494.0,96501100.0,1809394.0,No,No,Hombre,325.0,2020-03-03,2020,False,1
CO1.PCCNTR.5020324,Cerrado,2023-06-07,2023-06-07,2023-12-31,Prestación de servicios,Contratación directa,215 Dia(s),0,117480135.0,32785154.0,84694981.0,No,No,No definido,207.0,2023-06-07,2023,False,1
CO1.PCCNTR.299554,Cerrado,2018-02-06,2018-01-19,2018-12-31,Prestación de servicios,Contratación directa,No definido,0,43016185.0,42518888.0,497297.0,No,No,No definido,346.0,2018-02-06,2018,False,1
CO1.PCCNTR.9153452,En ejecución,2026-01-29,2026-02-02,2026-09-30,Prestación de servicios,Contratación directa,244 Dia(s),0,36863100.0,22299900.0,14563200.0,No,No,Mujer,240.0,2026-01-29,2026,False,1
CO1.PCCNTR.4231914,Cerrado,2022-11-25,2022-11-25,2023-08-31,Prestación de servicios,Contratación directa,287 Dia(s),0,75587003.0,73779937.0,1807066.0,No,No,Hombre,279.0,2022-11-25,2022,False,1
CO1.PCCNTR.3537352,Cerrado,2022-02-03,2022-02-03,2023-06-16,Prestación de servicios,Contratación directa,333 Dia(s),0,98706319.0,98312281.0,394037.0,No,No,No definido,498.0,2022-02-03,2022,False,1
CO1.PCCNTR.2896046,Cerrado,2021-10-08,2021-10-08,2021-12-31,Prestación de servicios,Contratación directa,94 Dia(s),0,14507309.0,13767140.0,740169.0,No,No,Mujer,84.0,2021-10-08,2021,False,1
CO1.PCCNTR.121204,Cerrado,2017-03-22,2017-03-06,2017-11-30,Prestación de servicios,Contratación directa (con ofertas),Dia(s),0,38251179.0,37266773.0,984406.0,No,No,No definido,269.0,2017-03-22,2017,False,1
CO1.PCCNTR.8161003,Terminado,2025-08-06,2025-08-12,2025-12-31,Prestación de servicios,Contratación directa,146 Dia(s),0,51510000.0,33309800.0,18200200.0,No,No,Mujer,141.0,2025-08-06,2025,False,1
CO1.PCCNTR.262143,Cerrado,2017-12-29,2017-12-19,2017-12-22,Compraventa,Mínima cuantía,No definido,0,805000.0,805000.0,0.0,Si,No,Hombre,3.0,2017-12-29,2017,False,0
CO1.PCCNTR.7391720,En ejecución,2025-02-06,2025-02-10,2025-12-09,Prestación de servicios,Contratación directa,10 Mes(es),0,87210000.0,86628600.0,581400.0,No,No,Mujer,302.0,2025-02-06,2025,False,1
CO1.PCCNTR.2657352,Cerrado,2021-08-11,2021-08-11,2022-12-28,Prestación de servicios,Contratación directa,356 Dia(s),0,116897727.0,116022088.0,875639.0,No,No,Mujer,504.0,2021-08-11,2021,False,1
CO1.PCCNTR.3064515,Cerrado,2021-12-06,2021-12-06,2022-12-15,Prestación de servicios,Contratación directa,249 Dia(s),0,77616703.0,76220002.0,1396701.0,No,No,No definido,374.0,2021-12-06,2021,False,1
CO1.PCCNTR.5639756,En ejecución,2023-12-12,2023-12-18,2023-12-31,Compraventa,Mínima cuantía,1 Mes(es),0,80555905.0,80555905.0,0.0,Si,No,Mujer,13.0,2023-12-12,2023,False,0
CO1.PCCNTR.301038,Cerrado,2018-01-25,2018-01-18,2018-12-31,Prestación de servicios,Contratación directa,No definido,0,64743958.0,64182594.0,561364.0,No,No,No definido,347.0,2018-01-25,2018,False,1
CO1.PCCNTR.5111200,Cerrado,2023-06-30,2023-06-30,2023-12-31,Prestación de servicios,Contratación directa,193 Dia(s),0,46884853.0,44971185.0,1913668.0,No,No,No definido,184.0,2023-06-30,2023,False,1
CO1.PCCNTR.5382176,Cerrado,2023-09-25,2023-09-25,2024-12-31,Prestación de servicios,Contratación directa,467 Dia(s),0,133829264.0,128531856.0,5297408.0,No,No,No definido,463.0,2023-09-25,2023,False,1
CO1.PCCNTR.7481222,Modificado,2025-02-13,2025-02-18,2025-12-31,Prestación de servicios,Contratación directa,316 Mes(es),76,89111100.0,88541700.0,569400.0,No,No,Hombre,316.0,2025-02-13,2025,False,1
CO1.PCCNTR.7334784,En ejecución,2025-01-30,2025-02-03,2025-11-02,Prestación de servicios,Contratación directa,9 Mes(es),0,75744000.0,75182934.0,561066.0,No,No,No definido,272.0,2025-01-30,2025,False,1
CO1.PCCNTR.452106,Cerrado,2018-07-12,2018-06-20,2018-11-30,Prestación de servicios,Contratación directa,No definido,0,55019687.0,54000804.0,1018883.0,No,No,No definido,163.0,2018-07-12,2018,False,1
CO1.PCCNTR.4921082,Cerrado,2023-05-15,2023-05-15,2023-12-31,Prestación de servicios,Contratación directa,241 Dia(s),0,80783997.0,78789331.0,1994666.0,No,No,Mujer,230.0,2023-05-15,2023,False,1
CO1.PCCNTR.7496347,En ejecución,2025-02-18,2025-02-25,2025-11-24,Prestación de servicios,Contratación directa,9 Mes(es),0,51055380.0,50677192.0,378188.0,No,No,No definido,272.0,2025-02-18,2025,False,1
CO1.PCCNTR.6139544,Cerrado,2024-04-01,2024-04-05,2024-12-31,Prestación de servicios,Contratación directa,266 Dia(s),0,109922168.0,109922168.0,0.0,No,No,No definido,270.0,2024-04-01,2024,False,1
CO1.PCCNTR.1440474,Cerrado,2020-04-16,2020-03-09,2020-12-31,Prestación de servicios,Contratación directa,Dia(s),0,21000000.0,20440000.0,560000.0,No,No,No definido,297.0,2020-04-16,2020,False,1
CO1.PCCNTR.5190850,Cerrado,2023-07-14,2023-07-14,2023-12-31,Prestación de servicios,Contratación directa,179 Dia(s),0,32534267.0,30942917.0,1591350.0,No,No,No definido,170.0,2023-07-14,2023,False,1
CO1.PCCNTR.3456461,Cerrado,2022-02-02,2022-02-02,2022-12-31,Prestación de servicios,Contratación directa,340 Dia(s),0,45782281.0,45646429.0,135852.0,No,No,No definido,332.0,2022-02-02,2022,False,1
CO1.PCCNTR.695182,Cerrado,2019-01-18,2018-12-17,2019-07-12,Prestación de servicios,Contratación directa,No definido,0,46370742.0,44876944.0,1493798.0,No,No,No definido,207.0,2019-01-18,2019,False,1
CO1.PCCNTR.3140931,Cerrado,2021-12-31,2021-12-31,2022-08-31,Prestación de servicios,Contratación directa,220 Dia(s),0,149345000.0,148155000.0,1190000.0,No,No,Mujer,243.0,2021-12-31,2021,False,1
CO1.PCCNTR.7296936,Cerrado,2025-01-22,2025-01-24,2025-10-23,Prestación de servicios,Contratación directa,9 Mes(es),0,139678677.0,139678677.0,0.0,No,No,No definido,272.0,2025-01-22,2025,False,1
CO1.PCCNTR.109657,Cerrado,2017-02-09,2017-02-03,2018-05-31,Prestación de servicios,Contratación directa (con ofertas),No definido,0,110995486.0,108266089.0,2729397.0,No,No,Hombre,482.0,2017-02-09,2017,False,1
CO1.PCCNTR.6438630,Cerrado,2024-06-21,2024-06-26,2024-12-31,Prestación de servicios,Contratación directa,192 Dia(s),0,37107200.0,35754333.0,1352867.0,No,No,No definido,188.0,2024-06-21,2024,False,1
CO1.PCCNTR.1117518,Cerrado,2019-10-21,2019-10-07,2019-12-31,Prestación de servicios,Mínima cuantía,Dia(s),0,15510320.0,13415922.0,2094398.0,Si,No,Mujer,85.0,2019-10-21,2019,False,0
CO1.PCCNTR.4691113,Cerrado,2023-02-28,2023-02-28,2023-06-23,Prestación de servicios,Contratación directa,4 Mes(es),0,34003296.0,33436574.0,566722.0,No,No,No definido,115.0,2023-02-28,2023,False,1
CO1.PCCNTR.2163359,Cerrado,2021-02-05,2021-02-05,2021-10-31,Prestación de servicios,Contratación directa,343 Dia(s),0,48276680.0,47763098.0,513582.0,No,No,Mujer,268.0,2021-02-05,2021,False,1
CO1.PCCNTR.9092064,En ejecución,2026-01-24,2026-01-27,2026-07-31,Prestación de servicios,Contratación directa,215 Dia(s),0,27213500.0,22653400.0,4560100.0,No,No,Hombre,185.0,2026-01-24,2026,False,1
CO1.PCCNTR.3137742,Cerrado,2021-12-24,2021-12-24,2022-11-22,Prestación de servicios,Contratación directa,221 Dia(s),0,90951930.0,89598478.0,1353452.0,No,No,Hombre,333.0,2021-12-24,2021,False,1
CO1.PCCNTR.902502,Cerrado,2019-04-03,2019-03-28,2020-07-06,Seguros,Mínima cuantía,Dia(s),0,49438675.0,49438675.0,0.0,No,No,Hombre,466.0,2019-04-03,2019,False,0
CO1.PCCNTR.9125705,En ejecución,2026-01-26,2026-01-28,2026-12-31,Prestación de servicios,Contratación directa,335 Dia(s),0,57417325.0,26223435.0,31193890.0,No,No,Hombre,337.0,2026-01-26,2026,False,1
CO1.PCCNTR.851313,Cerrado,2019-04-15,2019-02-20,2019-12-31,Prestación de servicios,Contratación directa,No definido,0,61707928.0,60150630.0,1557298.0,Si,No,No definido,314.0,2019-04-15,2019,False,1
CO1.PCCNTR.797078,Cerrado,2019-03-01,2019-01-30,2019-12-31,Prestación de servicios,Contratación directa,No definido,0,34765693.0,6153219.0,28612473.0,No,No,No definido,335.0,2019-03-01,2019,False,1
CO1.PCCNTR.1611307,Cerrado,2020-06-16,2020-06-16,2020-12-31,Prestación de servicios,Contratación directa,211 Dia(s),0,424357492.0,265964861.0,158392631.0,Si,No,Hombre,198.0,2020-06-16,2020,False,1
CO1.PCCNTR.5179306,Cerrado,2023-07-14,2023-07-14,2023-12-31,Prestación de servicios,Contratación directa,184 Dia(s),0,58588131.0,55737898.0,2850233.0,No,No,Mujer,170.0,2023-07-14,2023,False,1
CO1.PCCNTR.71307,Cerrado,2016-10-17,2016-10-07,2017-04-28,Prestación de servicios,Contratación directa (con ofertas),Dia(s),0,94608384.0,0.0,94608384.0,No,No,No definido,203.0,2016-10-17,2016,False,1
CO1.PCCNTR.2177882,Cerrado,2021-02-05,2021-02-05,2021-12-31,Prestación de servicios,Contratación directa,339 Dia(s),0,101700000.0,100500000.0,1200000.0,No,No,No definido,329.0,2021-02-05,2021,False,1
CO1.PCCNTR.213008,Cerrado,2017-10-26,2017-10-13,2019-03-06,Prestación de servicios,Contratación directa (con ofertas),No definido,0,65819747.0,64381936.0,1437811.0,No,No,No definido,509.0,2017-10-26,2017,False,1
CO1.PCCNTR.4265147,Cerrado,2022-12-12,2022-12-13,2023-08-31,Prestación de servicios,Contratación directa,276 Dia(s),0,73341077.0,72566620.0,774457.0,No,No,No definido,261.0,2022-12-12,2022,False,1
CO1.PCCNTR.2728892,Cerrado,2021-08-18,2021-08-18,2022-12-14,Prestación de servicios,Contratación directa,331 Dia(s),0,102950005.0,102117996.0,832009.0,No,No,No definido,483.0,2021-08-18,2021,False,1
CO1.PCCNTR.8384832,En ejecución,2025-09-30,2025-09-30,2025-12-31,Prestación de servicios,Contratación directa,92 Dia(s),0,43400000.0,42466666.0,933334.0,No,No,No definido,92.0,2025-09-30,2025,False,1
CO1.PCCNTR.2178454,Cerrado,2021-02-05,2021-02-05,2021-12-31,Prestación de servicios,Contratación directa,339 Dia(s),0,84964700.0,83962167.0,1002533.0,No,No,No definido,329.0,2021-02-05,2021,False,1
CO1.PCCNTR.86403,Cerrado,2016-12-06,2016-11-24,2017-11-23,Suministros,Contratación directa (con ofertas),No definido,0,1236000.0,0.0,1236000.0,No,No,Hombre,364.0,2016-12-06,2016,False,1
CO1.PCCNTR.1626249,Cerrado,2020-07-03,2020-07-03,2021-04-12,Prestación de servicios,Contratación directa,203 Dia(s),0,35753333.0,34830667.0,922666.0,No,No,No definido,283.0,2020-07-03,2020,False,1
CO1.PCCNTR.4486617,Cerrado,2023-01-30,2023-01-30,2023-05-26,Prestación de servicios,Contratación directa,4 Mes(es),0,63660492.0,63660492.0,0.0,No,No,No definido,116.0,2023-01-30,2023,False,1
CO1.PCCNTR.467364,Cerrado,2018-07-25,2018-07-17,2018-10-31,Compraventa,Selección abreviada subasta inversa,No definido,0,92571546.0,92571546.0,0.0,Si,No,Hombre,106.0,2018-07-25,2018,False,0
CO1.PCCNTR.684255,Cerrado,2018-12-26,2018-12-10,2019-11-30,Prestación de servicios,Contratación directa,No definido,0,97716100.0,95805450.0,1910650.0,No,No,No definido,355.0,2018-12-26,2018,False,1
CO1.PCCNTR.1464114,Cerrado,2020-04-08,2020-03-19,2021-04-30,Prestación de servicios,Contratación directa,Dia(s),0,98764454.0,98500890.0,263564.0,No,No,No definido,407.0,2020-04-08,2020,False,1
CO1.PCCNTR.8681784,En ejecución,2025-12-17,2025-12-19,2026-12-23,Compraventa,Mínima cuantía,366 Dia(s),0,54209024.0,54209024.0,0.0,Si,No,Mujer,369.0,2025-12-17,2025,False,0
CO1.PCCNTR.5191612,Cerrado,2023-07-14,2023-07-14,2023-12-31,Prestación de servicios,Contratación directa,179 Dia(s),0,24960724.0,23460352.0,1500372.0,No,No,Mujer,170.0,2023-07-14,2023,False,1
CO1.PCCNTR.807561,Cerrado,2019-04-03,2019-02-01,2020-02-29,Prestación de servicios,Contratación directa,No definido,0,60477440.0,59261813.0,1215627.0,No,No,No definido,393.0,2019-04-03,2019,False,1
CO1.PCCNTR.7324967,Cerrado,2025-01-27,2025-01-30,2025-10-29,Prestación de servicios,Contratación directa,9 Mes(es),0,77580000.0,77580000.0,0.0,No,No,Hombre,272.0,2025-01-27,2025,False,1
CO1.PCCNTR.8739276,Modificado,2025-12-30,2025-12-31,2026-10-31,Prestación de servicios,Contratación directa,303 Dia(s),92,88844533.0,52970400.0,35874133.0,No,No,Hombre,304.0,2025-12-30,2025,False,1
CO1.PCCNTR.5955120,Cerrado,2024-02-16,2024-02-21,2024-12-31,Prestación de servicios,Contratación directa,310 Dia(s),0,44439637.0,44296283.0,143354.0,No,No,Hombre,314.0,2024-02-16,2024,False,1
CO1.PCCNTR.135905,Cerrado,2017-04-24,2017-04-10,2018-02-28,Prestación de servicios,Contratación directa (con ofertas),No definido,0,41301603.0,31419624.0,9881979.0,No,No,No definido,324.0,2017-04-24,2017,False,1
CO1.PCCNTR.790485,Cerrado,2019-03-14,2019-02-01,2019-12-31,Prestación de servicios,Contratación directa,No definido,0,58373149.0,56827978.0,1545171.0,No,No,No definido,333.0,2019-03-14,2019,False,1
CO1.PCCNTR.1330257,Cerrado,2020-02-26,2020-01-29,2020-12-24,Prestación de servicios,Contratación directa,Dia(s),0,90568868.0,90016619.0,552249.0,No,No,No definido,330.0,2020-02-26,2020,False,1
CO1.PCCNTR.97009,Cerrado,2017-01-13,2016-12-29,2017-12-12,Prestación de servicios,Contratación directa (con ofertas),No definido,0,73047091.0,0.0,73047091.0,No,No,No definido,348.0,2017-01-13,2017,False,1
CO1.PCCNTR.7309741,En ejecución,2025-01-23,2025-01-28,2025-12-31,Prestación de servicios,Contratación directa,338 Dia(s),0,63250000.0,61050000.0,2200000.0,No,No,Mujer,337.0,2025-01-23,2025,False,1
CO1.PCCNTR.5391914,Cerrado,2023-09-25,2023-09-25,2023-12-31,Prestación de servicios,Contratación directa,103 Dia(s),0,8253867.0,7864533.0,389334.0,No,No,Mujer,97.0,2023-09-25,2023,False,1
CO1.PCCNTR.6103292,Cerrado,2024-03-18,2024-03-22,2024-12-31,Prestación de servicios,Contratación directa,279 Dia(s),0,38130000.0,38130000.0,0.0,No,No,Mujer,284.0,2024-03-18,2024,False,1
CO1.PCCNTR.1445488,Cerrado,2020-04-08,2020-03-12,2021-02-28,Prestación de servicios,Contratación directa,Dia(s),0,152007344.0,149438205.0,2569139.0,No,No,No definido,353.0,2020-04-08,2020,False,1
CO1.PCCNTR.109739,Cerrado,2017-09-25,2017-02-02,2017-12-31,Prestación de servicios,Contratación directa (con ofertas),No definido,0,3700000000.0,3700000000.0,0.0,No,No,Hombre,332.0,2017-09-25,2017,False,1
CO1.PCCNTR.2581308,Cerrado,2021-07-09,2021-07-09,2022-06-04,Prestación de servicios,Contratación directa,365 Dia(s),0,435000.0,435000.0,0.0,No,No,Hombre,330.0,2021-07-09,2021,False,1
CO1.PCCNTR.5392352,Cerrado,2023-09-20,2023-09-20,2024-08-23,Prestación de servicios,Contratación directa,339 Dia(s),0,117842728.0,116168269.0,1674459.0,No,No,No definido,338.0,2023-09-20,2023,False,1
CO1.PCCNTR.7665984,Terminado,2025-03-20,2025-03-26,2025-11-25,Prestación de servicios,Contratación directa,8 Mes(es),0,34673920.0,20226453.0,14447467.0,No,No,Mujer,244.0,2025-03-20,2025,False,1
CO1.PCCNTR.5524459,Cerrado,2023-11-13,2023-11-13,2024-06-30,Prestación de servicios,Contratación directa,236 Dia(s),0,110409413.0,105982411.0,4427002.0,No,No,No definido,230.0,2023-11-13,2023,False,1
CO1.PCCNTR.8005945,Modificado,2025-06-27,2025-07-10,2026-12-31,Prestación de servicios,Mínima cuantía,540 Dia(s),184,55158200.0,15633496.0,39524703.0,Si,No,Hombre,539.0,2025-06-27,2025,False,0
CO1.PCCNTR.7525540,En ejecución,2025-02-25,2025-02-27,2025-11-26,Prestación de servicios,Contratación directa,9 Mes(es),0,155057391.0,153908817.0,1148574.0,No,No,No definido,272.0,2025-02-25,2025,False,1
CO1.PCCNTR.7711573,Modificado,2025-03-28,2025-04-01,2026-10-31,Prestación de servicios,Contratación directa,19 Mes(es),123,431008990.0,327410814.0,103598176.0,No,No,Hombre,578.0,2025-03-28,2025,False,1
CO1.PCCNTR.1730096,Cerrado,2020-09-02,2020-09-02,2021-07-22,Prestación de servicios,Contratación directa,360 Dia(s),0,67980000.0,66038000.0,1942000.0,No,No,No definido,323.0,2020-09-02,2020,False,1
CO1.PCCNTR.1316548,Cerrado,2020-02-26,2020-01-24,2020-12-31,Prestación de servicios,Contratación directa,Dia(s),0,123600000.0,97487703.0,26112296.0,No,No,No definido,342.0,2020-02-26,2020,False,1
CO1.PCCNTR.74801,Cerrado,2016-11-01,2016-10-27,2016-12-31,Prestación de servicios,Selección abreviada de menor cuantía,No definido,0,69600000.0,0.0,69600000.0,Si,No,Hombre,65.0,2016-11-01,2016,False,0
CO1.PCCNTR.5185761,Cerrado,2023-07-06,2023-07-06,2023-12-31,Prestación de servicios,Contratación directa,180 Dia(s),0,48168617.0,46085649.0,2082968.0,No,No,No definido,178.0,2023-07-06,2023,False,1
CO1.PCCNTR.1446301,Cerrado,2020-04-16,2020-03-13,2021-02-28,Prestación de servicios,Contratación directa,Dia(s),0,177518093.0,174017736.0,3500357.0,No,No,No definido,352.0,2020-04-16,2020,False,1
CO1.PCCNTR.66001,Cerrado,2016-10-03,2016-09-16,2016-09-16,Prestación de servicios,Contratación directa (con ofertas),Dia(s),0,32089673.0,4540991.0,27548682.0,No,No,No definido,0.0,2016-10-03,2016,False,1
CO1.PCCNTR.453305,Cerrado,2018-07-12,2018-06-20,2019-04-05,Prestación de servicios,Contratación directa,No definido,0,67470700.0,66767881.0,702819.0,No,No,No definido,289.0,2018-07-12,2018,False,1
CO1.PCCNTR.6769582,Cerrado,2024-09-16,2024-09-19,2024-12-31,Prestación de servicios,Contratación directa,105 Dia(s),0,32819733.0,29889400.0,2930333.0,No,No,Hombre,103.0,2024-09-16,2024,False,1
CO1.PCCNTR.1501912,Cerrado,2020-04-27,2020-04-08,2021-03-31,Prestación de servicios,Contratación directa,Dia(s),0,45459158.0,45203050.0,256108.0,No,No,No definido,357.0,2020-04-27,2020,False,1
CO1.PCCNTR.814714,Cerrado,2019-04-03,2019-02-05,2020-04-30,Prestación de servicios,Contratación directa,Dia(s),0,222352756.0,215555946.0,6796809.0,No,No,No definido,450.0,2019-04-03,2019,False,1
CO1.PCCNTR.625037,Cerrado,2018-11-19,2018-10-26,2019-07-19,Prestación de servicios,Contratación directa,No definido,0,38356782.0,36389767.0,1967015.0,No,No,Hombre,266.0,2018-11-19,2018,False,1
CO1.PCCNTR.7311249,En ejecución,2025-01-29,2025-02-03,2025-11-02,Prestación de servicios,Contratación directa,9 Mes(es),0,114444000.0,113596266.0,847734.0,No,No,Mujer,272.0,2025-01-29,2025,False,1
CO1.PCCNTR.3899165,Cerrado,2022-08-18,2022-08-18,2022-09-15,Prestación de servicios,Contratación directa,38 Dia(s),0,12436049.0,11022861.0,1413188.0,No,No,No definido,28.0,2022-08-18,2022,False,1
CO1.PCCNTR.7123200,Cerrado,2024-12-12,2024-12-20,2024-12-27,Compraventa,Mínima cuantía,5 Dia(s),0,38479228.0,38479228.0,0.0,Si,No,Hombre,7.0,2024-12-12,2024,False,0
CO1.PCCNTR.810921,Cerrado,2019-02-26,2019-02-05,2019-12-31,Prestación de servicios,Contratación directa,No definido,0,80348502.0,76626510.0,3721992.0,No,No,No definido,329.0,2019-02-26,2019,False,1
CO1.PCCNTR.7558148,En ejecución,2025-02-27,2025-03-03,2025-11-02,Prestación de servicios,Contratación directa,8 Mes(es),0,34672000.0,34672000.0,0.0,No,No,Mujer,244.0,2025-02-27,2025,False,1
CO1.PCCNTR.796200,Cerrado,2019-03-01,2019-01-30,2019-12-31,Prestación de servicios,Contratación directa,No definido,0,110040001.0,107761066.0,2278935.0,No,No,No definido,335.0,2019-03-01,2019,False,1
CO1.PCCNTR.3422980,Cerrado,2022-02-03,2022-02-03,2022-12-31,Prestación de servicios,Contratación directa,340 Dia(s),0,180371394.0,178249378.0,2122016.0,No,No,No definido,331.0,2022-02-03,2022,False,1
CO1.PCCNTR.808107,Cerrado,2019-03-12,2019-02-01,2020-04-30,Prestación de servicios,Contratación directa,Dia(s),0,222352756.0,218468865.0,3883891.0,No,No,Hombre,454.0,2019-03-12,2019,False,1
CO1.PCCNTR.677457,Cerrado,2018-12-18,2018-12-13,2019-01-31,Prestación de servicios,Mínima cuantía,No definido,0,3949999.0,3949999.0,0.0,Si,No,Hombre,49.0,2018-12-18,2018,False,0
CO1.PCCNTR.301524,Cerrado,2018-01-28,2018-01-18,2018-12-31,Prestación de servicios,Contratación directa,No definido,0,70051074.0,68259996.0,1791078.0,No,No,No definido,347.0,2018-01-28,2018,False,1
CO1.PCCNTR.4331861,Cerrado,2023-01-11,2023-01-11,2023-08-31,Prestación de servicios,Contratación directa,9 Mes(es),0,162073170.0,75137370.0,86935800.0,No,No,No definido,232.0,2023-01-11,2023,False,1
CO1.PCCNTR.91302,Cerrado,2017-02-11,2016-12-20,2017-11-30,Prestación de servicios,Contratación directa (con ofertas),No definido,0,146150000.0,0.0,146150000.0,Si,No,Mujer,345.0,2017-02-11,2017,False,1
CO1.PCCNTR.71103,Cerrado,2016-10-11,2016-10-06,2016-12-06,Prestación de servicios,Contratación directa (con ofertas),No definido,0,20709389.0,0.0,20709389.0,No,No,No definido,61.0,2016-10-11,2016,False,1
CO1.PCCNTR.4943436,Cerrado,2023-05-17,2023-05-18,2023-09-30,Prestación de servicios,Mínima cuantía,156 Dia(s),0,24668474.0,24483588.0,184885.0,Si,No,Hombre,135.0,2023-05-17,2023,False,0
CO1.PCCNTR.417740,Cerrado,2018-06-05,2018-06-01,2018-12-31,Prestación de servicios,Mínima cuantía,No definido,0,18200000.0,16915475.0,1284525.0,No,No,No definido,213.0,2018-06-05,2018,False,0
CO1.PCCNTR.797735,Cerrado,2019-02-26,2019-01-30,2020-04-30,Prestación de servicios,Contratación directa,Dia(s),0,56940499.0,56070229.0,870270.0,No,No,No definido,456.0,2019-02-26,2019,False,1
CO1.PCCNTR.2212862,Cerrado,2021-02-11,2021-02-11,2021-10-31,Prestación de servicios,Contratación directa,332 Dia(s),0,40561252.0,39525016.0,1036236.0,No,No,Mujer,262.0,2021-02-11,2021,False,1
CO1.PCCNTR.6882852,Modificado,2024-10-10,2024-10-10,2026-11-30,Decreto 092 de 2017,Contratación régimen especial,,122,15848315.0,10499543.0,5348772.0,Si,No,Mujer,781.0,2024-10-10,2024,False,0
CO1.PCCNTR.1832856,Cerrado,2020-09-25,2020-09-25,2025-12-31,Prestación de servicios,Mínima cuantía,64 Mes(es),0,87420000.0,74874999.0,12545000.0,Si,No,Hombre,1923.0,2020-09-25,2020,False,0
CO1.PCCNTR.90702,Cerrado,2016-12-15,2016-12-13,2018-11-30,Otro,Contratación directa (con ofertas),No definido,0,151325167.0,0.0,151325167.0,No,No,Hombre,717.0,2016-12-15,2016,False,1
CO1.PCCNTR.5850292,Cerrado,2024-01-31,2024-02-02,2024-12-31,Prestación de servicios,Contratación directa,329 Dia(s),0,48253333.0,48106666.0,146667.0,No,No,Mujer,333.0,2024-01-31,2024,False,1
CO1.PCCNTR.4724824,Cerrado,2023-03-08,2023-03-08,2023-12-31,Prestación de servicios,Contratación directa,303 Dia(s),0,115000000.0,113083333.0,1916667.0,No,No,Mujer,298.0,2023-03-08,2023,False,1
CO1.PCCNTR.617303,Cerrado,2018-11-13,2018-10-22,2018-12-31,Prestación de servicios,Contratación directa,No definido,0,8086180.0,7539816.0,546364.0,No,No,Mujer,70.0,2018-11-13,2018,False,1
CO1.PCCNTR.7317409,Cerrado,2025-01-24,2025-01-30,2025-11-29,Prestación de servicios,Contratación directa,10 Mes(es),0,60240000.0,60240000.0,0.0,No,No,No definido,303.0,2025-01-24,2025,False,1
CO1.PCCNTR.585346,Cerrado,2018-11-23,2018-09-27,2018-12-31,Prestación de servicios,Contratación directa,No definido,0,11592739.0,10579781.0,1012958.0,No,No,No definido,95.0,2018-11-23,2018,False,1
